location,date,total_cases,new_cases,total_deaths,people_vaccinated,population
Argentina,2021-01-01,1629908.0,0.0,47507.0,43524.0,45510324
Argentina,2021-01-02,1629908.0,0.0,47507.0,46833.0,45510324
Argentina,2021-01-03,1690372.0,60464.0,48610.0,47274.0,45510324
Argentina,2021-01-04,1690372.0,0.0,48610.0,57731.0,45510324
Argentina,2021-01-05,1690372.0,0.0,48610.0,68459.0,45510324
Argentina,2021-01-06,1690372.0,0.0,48610.0,78575.0,45510324
Argentina,2021-01-07,1690372.0,0.0,48610.0,96800.0,45510324
Argentina,2021-01-08,1690372.0,0.0,48610.0,124686.0,45510324
Argentina,2021-01-09,1690372.0,0.0,48610.0,134894.0,45510324
Argentina,2021-01-10,1775105.0,84733.0,50025.0,136068.0,45510324
Argentina,2021-01-11,1775105.0,0.0,50025.0,155892.0,45510324
Argentina,2021-01-12,1775105.0,0.0,50025.0,175269.0,45510324
Argentina,2021-01-13,1775105.0,0.0,50025.0,192043.0,45510324
Argentina,2021-01-14,1775105.0,0.0,50025.0,208688.0,45510324
Argentina,2021-01-15,1775105.0,0.0,50025.0,226129.0,45510324
Argentina,2021-01-16,1775105.0,0.0,50025.0,232013.0,45510324
Argentina,2021-01-17,1853051.0,77946.0,51325.0,233072.0,45510324
Argentina,2021-01-18,1853051.0,0.0,51325.0,242893.0,45510324
Argentina,2021-01-19,1853051.0,0.0,51325.0,250709.0,45510324
Argentina,2021-01-20,1853051.0,0.0,51325.0,256621.0,45510324
Argentina,2021-01-21,1853051.0,0.0,51325.0,261421.0,45510324
Argentina,2021-01-22,1853051.0,0.0,51325.0,266446.0,45510324
Argentina,2021-01-23,1853051.0,0.0,51325.0,267560.0,45510324
Argentina,2021-01-24,1932367.0,79316.0,52585.0,267652.0,45510324
Argentina,2021-01-25,1932367.0,0.0,52585.0,274777.0,45510324
Argentina,2021-01-26,1932367.0,0.0,52585.0,280098.0,45510324
Argentina,2021-01-27,1932367.0,0.0,52585.0,284191.0,45510324
Argentina,2021-01-28,1932367.0,0.0,52585.0,285635.0,45510324
Argentina,2021-01-29,1932367.0,0.0,52585.0,287097.0,45510324
Argentina,2021-01-30,1932367.0,0.0,52585.0,287299.0,45510324
Argentina,2021-01-31,1993552.0,61185.0,53716.0,287307.0,45510324
Argentina,2021-02-01,1993552.0,0.0,53716.0,289581.0,45510324
Argentina,2021-02-02,1993552.0,0.0,53716.0,295228.0,45510324
Argentina,2021-02-03,1993552.0,0.0,53716.0,305640.0,45510324
Argentina,2021-02-04,1993552.0,0.0,53716.0,315970.0,45510324
Argentina,2021-02-05,1993552.0,0.0,53716.0,329863.0,45510324
Argentina,2021-02-06,1993552.0,0.0,53716.0,332944.0,45510324
Argentina,2021-02-07,2044821.0,51269.0,54664.0,333515.0,45510324
Argentina,2021-02-08,2044821.0,0.0,54664.0,349991.0,45510324
Argentina,2021-02-09,2044821.0,0.0,54664.0,364262.0,45510324
Argentina,2021-02-10,2044821.0,0.0,54664.0,375277.0,45510324
Argentina,2021-02-11,2044821.0,0.0,54664.0,379947.0,45510324
Argentina,2021-02-12,2044821.0,0.0,54664.0,384207.0,45510324
Argentina,2021-02-13,2044821.0,0.0,54664.0,384570.0,45510324
Argentina,2021-02-14,2095565.0,50744.0,55599.0,384595.0,45510324
Argentina,2021-02-15,2095565.0,0.0,55599.0,385675.0,45510324
Argentina,2021-02-16,2095565.0,0.0,55599.0,386713.0,45510324
Argentina,2021-02-17,2095565.0,0.0,55599.0,406379.0,45510324
Argentina,2021-02-18,2095565.0,0.0,55599.0,458669.0,45510324
Argentina,2021-02-19,2095565.0,0.0,55599.0,519033.0,45510324
Argentina,2021-02-20,2095565.0,0.0,55599.0,550115.0,45510324
Argentina,2021-02-21,2138252.0,42687.0,56396.0,570259.0,45510324
Argentina,2021-02-22,2138252.0,0.0,56396.0,636122.0,45510324
Argentina,2021-02-23,2138252.0,0.0,56396.0,718993.0,45510324
Argentina,2021-02-24,2138252.0,0.0,56396.0,806396.0,45510324
Argentina,2021-02-25,2138252.0,0.0,56396.0,874456.0,45510324
Argentina,2021-02-26,2138252.0,0.0,56396.0,945158.0,45510324
Argentina,2021-02-27,2138252.0,0.0,56396.0,961056.0,45510324
Argentina,2021-02-28,2182953.0,44701.0,57227.0,966869.0,45510324
Argentina,2021-03-01,2182953.0,0.0,57227.0,1034126.0,45510324
Argentina,2021-03-02,2182953.0,0.0,57227.0,1102568.0,45510324
Argentina,2021-03-03,2182953.0,0.0,57227.0,1166916.0,45510324
Argentina,2021-03-04,2182953.0,0.0,57227.0,1265393.0,45510324
Argentina,2021-03-05,2182953.0,0.0,57227.0,1364326.0,45510324
Argentina,2021-03-06,2182953.0,0.0,57227.0,1415486.0,45510324
Argentina,2021-03-07,2226676.0,43723.0,58111.0,1427202.0,45510324
Argentina,2021-03-08,2226676.0,0.0,58111.0,1527235.0,45510324
Argentina,2021-03-09,2226676.0,0.0,58111.0,1640748.0,45510324
Argentina,2021-03-10,2226676.0,0.0,58111.0,1798432.0,45510324
Argentina,2021-03-11,2226676.0,0.0,58111.0,1952527.0,45510324
Argentina,2021-03-12,2226676.0,0.0,58111.0,2070502.0,45510324
Argentina,2021-03-13,2226676.0,0.0,58111.0,2089619.0,45510324
Argentina,2021-03-14,2276955.0,50279.0,59088.0,2097552.0,45510324
Argentina,2021-03-15,2276955.0,0.0,59088.0,2206570.0,45510324
Argentina,2021-03-16,2276955.0,0.0,59088.0,2318194.0,45510324
Argentina,2021-03-17,2276955.0,0.0,59088.0,2439592.0,45510324
Argentina,2021-03-18,2276955.0,0.0,59088.0,2535158.0,45510324
Argentina,2021-03-19,2276955.0,0.0,59088.0,2625290.0,45510324
Argentina,2021-03-20,2276955.0,0.0,59088.0,2663392.0,45510324
Argentina,2021-03-21,2328586.0,51631.0,60082.0,2681706.0,45510324
Argentina,2021-03-22,2328586.0,0.0,60082.0,2752001.0,45510324
Argentina,2021-03-23,2328586.0,0.0,60082.0,2845982.0,45510324
Argentina,2021-03-24,2328586.0,0.0,60082.0,2882209.0,45510324
Argentina,2021-03-25,2328586.0,0.0,60082.0,2970010.0,45510324
Argentina,2021-03-26,2328586.0,0.0,60082.0,3053211.0,45510324
Argentina,2021-03-27,2328586.0,0.0,60082.0,3105170.0,45510324
Argentina,2021-03-28,2400067.0,71481.0,61341.0,3125945.0,45510324
Argentina,2021-03-29,2400067.0,0.0,61341.0,3241384.0,45510324
Argentina,2021-03-30,2400067.0,0.0,61341.0,3399141.0,45510324
Argentina,2021-03-31,2400067.0,0.0,61341.0,3569267.0,45510324
Argentina,2021-04-01,2400067.0,0.0,61341.0,3684323.0,45510324
Argentina,2021-04-02,2400067.0,0.0,61341.0,3751476.0,45510324
Argentina,2021-04-03,2400067.0,0.0,61341.0,3825422.0,45510324
Argentina,2021-04-04,2494044.0,93977.0,62995.0,3873819.0,45510324
Argentina,2021-04-05,2494044.0,0.0,62995.0,4030236.0,45510324
Argentina,2021-04-06,2494044.0,0.0,62995.0,4216172.0,45510324
Argentina,2021-04-07,2494044.0,0.0,62995.0,4448091.0,45510324
Argentina,2021-04-08,2494044.0,0.0,62995.0,4679183.0,45510324
Argentina,2021-04-09,2494044.0,0.0,62995.0,4907451.0,45510324
Argentina,2021-04-10,2494044.0,0.0,62995.0,4995058.0,45510324
Argentina,2021-04-11,2647413.0,153369.0,65614.0,5041855.0,45510324
Argentina,2021-04-12,2647413.0,0.0,65614.0,5215073.0,45510324
Argentina,2021-04-13,2647413.0,0.0,65614.0,5376574.0,45510324
Argentina,2021-04-14,2647413.0,0.0,65614.0,5533390.0,45510324
Argentina,2021-04-15,2647413.0,0.0,65614.0,5663392.0,45510324
Argentina,2021-04-16,2647413.0,0.0,65614.0,5778954.0,45510324
Argentina,2021-04-17,2647413.0,0.0,65614.0,5819269.0,45510324
Argentina,2021-04-18,2811936.0,164523.0,68907.0,5839042.0,45510324
Argentina,2021-04-19,2811936.0,0.0,68907.0,5915158.0,45510324
Argentina,2021-04-20,2811936.0,0.0,68907.0,6022190.0,45510324
Argentina,2021-04-21,2811936.0,0.0,68907.0,6181435.0,45510324
Argentina,2021-04-22,2811936.0,0.0,68907.0,6345911.0,45510324
Argentina,2021-04-23,2811936.0,0.0,68907.0,6528067.0,45510324
Argentina,2021-04-24,2811936.0,0.0,68907.0,6618891.0,45510324
Argentina,2021-04-25,2977690.0,165754.0,72377.0,6668023.0,45510324
Argentina,2021-04-26,2977690.0,0.0,72377.0,6834167.0,45510324
Argentina,2021-04-27,2977690.0,0.0,72377.0,6982772.0,45510324
Argentina,2021-04-28,2977690.0,0.0,72377.0,7118444.0,45510324
Argentina,2021-04-29,2977690.0,0.0,72377.0,7241056.0,45510324
Argentina,2021-04-30,2977690.0,0.0,72377.0,7323138.0,45510324
Argentina,2021-05-01,2977690.0,0.0,72377.0,7339949.0,45510324
Argentina,2021-05-02,3119183.0,141493.0,75492.0,7366074.0,45510324
Argentina,2021-05-03,3119183.0,0.0,75492.0,7463767.0,45510324
Argentina,2021-05-04,3119183.0,0.0,75492.0,7600632.0,45510324
Argentina,2021-05-05,3119183.0,0.0,75492.0,7765564.0,45510324
Argentina,2021-05-06,3119183.0,0.0,75492.0,7903846.0,45510324
Argentina,2021-05-07,3119183.0,0.0,75492.0,8013179.0,45510324
Argentina,2021-05-08,3119183.0,0.0,75492.0,8045627.0,45510324
Argentina,2021-05-09,3263891.0,144708.0,78681.0,8061224.0,45510324
Argentina,2021-05-10,3263891.0,0.0,78681.0,8138661.0,45510324
Argentina,2021-05-11,3263891.0,0.0,78681.0,8214679.0,45510324
Argentina,2021-05-12,3263891.0,0.0,78681.0,8267133.0,45510324
Argentina,2021-05-13,3263891.0,0.0,78681.0,8304816.0,45510324
Argentina,2021-05-14,3263891.0,0.0,78681.0,8345262.0,45510324
Argentina,2021-05-15,3263891.0,0.0,78681.0,8389917.0,45510324
Argentina,2021-05-16,3429880.0,165989.0,82322.0,8414241.0,45510324
Argentina,2021-05-17,3429880.0,0.0,82322.0,8504352.0,45510324
Argentina,2021-05-18,3429880.0,0.0,82322.0,8658618.0,45510324
Argentina,2021-05-19,3429880.0,0.0,82322.0,8789963.0,45510324
Argentina,2021-05-20,3429880.0,0.0,82322.0,8930459.0,45510324
Argentina,2021-05-21,3429880.0,0.0,82322.0,9022031.0,45510324
Argentina,2021-05-22,3429880.0,0.0,82322.0,9078949.0,45510324
Argentina,2021-05-23,3664540.0,234660.0,86838.0,9101327.0,45510324
Argentina,2021-05-24,3664540.0,0.0,86838.0,9169762.0,45510324
Argentina,2021-05-25,3664540.0,0.0,86838.0,9206692.0,45510324
Argentina,2021-05-26,3664540.0,0.0,86838.0,9295585.0,45510324
Argentina,2021-05-27,3664540.0,0.0,86838.0,9383485.0,45510324
Argentina,2021-05-28,3664540.0,0.0,86838.0,9508148.0,45510324
Argentina,2021-05-29,3664540.0,0.0,86838.0,9674364.0,45510324
Argentina,2021-05-30,3872872.0,208332.0,91177.0,9786652.0,45510324
Argentina,2021-05-31,3872872.0,0.0,91177.0,10023476.0,45510324
Argentina,2021-06-01,3872872.0,0.0,91177.0,10286532.0,45510324
Argentina,2021-06-02,3872872.0,0.0,91177.0,10544669.0,45510324
Argentina,2021-06-03,3872872.0,0.0,91177.0,10858975.0,45510324
Argentina,2021-06-04,3872872.0,0.0,91177.0,11222630.0,45510324
Argentina,2021-06-05,3872872.0,0.0,91177.0,11529383.0,45510324
Argentina,2021-06-06,4068077.0,195205.0,95155.0,11734059.0,45510324
Argentina,2021-06-07,4068077.0,0.0,95155.0,12039618.0,45510324
Argentina,2021-06-08,4068077.0,0.0,95155.0,12374466.0,45510324
Argentina,2021-06-09,4068077.0,0.0,95155.0,12723984.0,45510324
Argentina,2021-06-10,4068077.0,0.0,95155.0,13040703.0,45510324
Argentina,2021-06-11,4068077.0,0.0,95155.0,13361285.0,45510324
Argentina,2021-06-12,4068077.0,0.0,95155.0,13466385.0,45510324
Argentina,2021-06-13,4230846.0,162769.0,98472.0,13505382.0,45510324
Argentina,2021-06-14,4230846.0,0.0,98472.0,13659663.0,45510324
Argentina,2021-06-15,4230846.0,0.0,98472.0,13833234.0,45510324
Argentina,2021-06-16,4230846.0,0.0,98472.0,14046858.0,45510324
Argentina,2021-06-17,4230846.0,0.0,98472.0,14296138.0,45510324
Argentina,2021-06-18,4230846.0,0.0,98472.0,14650228.0,45510324
Argentina,2021-06-19,4230846.0,0.0,98472.0,14862188.0,45510324
Argentina,2021-06-20,4368482.0,137636.0,101166.0,14957228.0,45510324
Argentina,2021-06-21,4368482.0,0.0,101166.0,15103167.0,45510324
Argentina,2021-06-22,4368482.0,0.0,101166.0,15352933.0,45510324
Argentina,2021-06-23,4368482.0,0.0,101166.0,15586965.0,45510324
Argentina,2021-06-24,4368482.0,0.0,101166.0,15857516.0,45510324
Argentina,2021-06-25,4368482.0,0.0,101166.0,16163853.0,45510324
Argentina,2021-06-26,4368482.0,0.0,101166.0,16402386.0,45510324
Argentina,2021-06-27,4501629.0,133147.0,103698.0,16557598.0,45510324
Argentina,2021-06-28,4501629.0,0.0,103698.0,16878686.0,45510324
Argentina,2021-06-29,4501629.0,0.0,103698.0,17205319.0,45510324
Argentina,2021-06-30,4501629.0,0.0,103698.0,17544891.0,45510324
Argentina,2021-07-01,4501629.0,0.0,103698.0,17860341.0,45510324
Argentina,2021-07-02,4501629.0,0.0,103698.0,18191622.0,45510324
Argentina,2021-07-03,4501629.0,0.0,103698.0,18443812.0,45510324
Argentina,2021-07-04,4627073.0,125444.0,105867.0,18618497.0,45510324
Argentina,2021-07-05,4627073.0,0.0,105867.0,18854901.0,45510324
Argentina,2021-07-06,4627073.0,0.0,105867.0,19128410.0,45510324
Argentina,2021-07-07,4627073.0,0.0,105867.0,19420118.0,45510324
Argentina,2021-07-08,4627073.0,0.0,105867.0,19790269.0,45510324
Argentina,2021-07-09,4627073.0,0.0,105867.0,20043447.0,45510324
Argentina,2021-07-10,4627073.0,0.0,105867.0,20344376.0,45510324
Argentina,2021-07-11,4735954.0,108881.0,107756.0,20501900.0,45510324
Argentina,2021-07-12,4735954.0,0.0,107756.0,20860143.0,45510324
Argentina,2021-07-13,4735954.0,0.0,107756.0,21225661.0,45510324
Argentina,2021-07-14,4735954.0,0.0,107756.0,21589913.0,45510324
Argentina,2021-07-15,4735954.0,0.0,107756.0,21934196.0,45510324
Argentina,2021-07-16,4735954.0,0.0,107756.0,22290267.0,45510324
Argentina,2021-07-17,4735954.0,0.0,107756.0,22519681.0,45510324
Argentina,2021-07-18,4841064.0,105110.0,109538.0,22650637.0,45510324
Argentina,2021-07-19,4841064.0,0.0,109538.0,22983983.0,45510324
Argentina,2021-07-20,4841064.0,0.0,109538.0,23224353.0,45510324
Argentina,2021-07-21,4841064.0,0.0,109538.0,23547110.0,45510324
Argentina,2021-07-22,4841064.0,0.0,109538.0,23869087.0,45510324
Argentina,2021-07-23,4841064.0,0.0,109538.0,24188132.0,45510324
Argentina,2021-07-24,4841064.0,0.0,109538.0,24374640.0,45510324
Argentina,2021-07-25,4929412.0,88348.0,110905.0,24500288.0,45510324
Argentina,2021-07-26,4929412.0,0.0,110905.0,24744734.0,45510324
Argentina,2021-07-27,4929412.0,0.0,110905.0,24947377.0,45510324
Argentina,2021-07-28,4929412.0,0.0,110905.0,25201901.0,45510324
Argentina,2021-07-29,4929412.0,0.0,110905.0,25434586.0,45510324
Argentina,2021-07-30,4929412.0,0.0,110905.0,25653202.0,45510324
Argentina,2021-07-31,4929412.0,0.0,110905.0,25775863.0,45510324
Argentina,2021-08-01,5016637.0,87225.0,112110.0,25849716.0,45510324
Argentina,2021-08-02,5016637.0,0.0,112110.0,26026740.0,45510324
Argentina,2021-08-03,5016637.0,0.0,112110.0,26235311.0,45510324
Argentina,2021-08-04,5016637.0,0.0,112110.0,26414208.0,45510324
Argentina,2021-08-05,5016637.0,0.0,112110.0,26567748.0,45510324
Argentina,2021-08-06,5016637.0,0.0,112110.0,26698920.0,45510324
Argentina,2021-08-07,5016637.0,0.0,112110.0,26771503.0,45510324
Argentina,2021-08-08,5097074.0,80437.0,113267.0,26805103.0,45510324
Argentina,2021-08-09,5097074.0,0.0,113267.0,26916289.0,45510324
Argentina,2021-08-10,5097074.0,0.0,113267.0,27018963.0,45510324
Argentina,2021-08-11,5097074.0,0.0,113267.0,27110718.0,45510324
Argentina,2021-08-12,5097074.0,0.0,113267.0,27189831.0,45510324
Argentina,2021-08-13,5097074.0,0.0,113267.0,27260685.0,45510324
Argentina,2021-08-14,5097074.0,0.0,113267.0,27297984.0,45510324
Argentina,2021-08-15,5159380.0,62306.0,114160.0,27327955.0,45510324
Argentina,2021-08-16,5159380.0,0.0,114160.0,27376647.0,45510324
Argentina,2021-08-17,5159380.0,0.0,114160.0,27495623.0,45510324
Argentina,2021-08-18,5159380.0,0.0,114160.0,27603519.0,45510324
Argentina,2021-08-19,5159380.0,0.0,114160.0,27720089.0,45510324
Argentina,2021-08-20,5159380.0,0.0,114160.0,27839944.0,45510324
Argentina,2021-08-21,5159380.0,0.0,114160.0,27894299.0,45510324
Argentina,2021-08-22,5206634.0,47254.0,114844.0,27917728.0,45510324
Argentina,2021-08-23,5206634.0,0.0,114844.0,28040301.0,45510324
Argentina,2021-08-24,5206634.0,0.0,114844.0,28132306.0,45510324
Argentina,2021-08-25,5206634.0,0.0,114844.0,28207364.0,45510324
Argentina,2021-08-26,5206634.0,0.0,114844.0,28280225.0,45510324
Argentina,2021-08-27,5206634.0,0.0,114844.0,28357882.0,45510324
Argentina,2021-08-28,5206634.0,0.0,114844.0,28400451.0,45510324
Argentina,2021-08-29,5244899.0,38265.0,115381.0,28422434.0,45510324
Argentina,2021-08-30,5244899.0,0.0,115381.0,28514811.0,45510324
Argentina,2021-08-31,5244899.0,0.0,115381.0,28611692.0,45510324
Argentina,2021-09-01,5244899.0,0.0,115381.0,28694311.0,45510324
Argentina,2021-09-02,5244899.0,0.0,115381.0,28773379.0,45510324
Argentina,2021-09-03,5244899.0,0.0,115381.0,28838657.0,45510324
Argentina,2021-09-04,5244899.0,0.0,115381.0,28878192.0,45510324
Argentina,2021-09-05,5273430.0,28531.0,115799.0,28894977.0,45510324
Argentina,2021-09-06,5273430.0,0.0,115799.0,28946714.0,45510324
Argentina,2021-09-07,5273430.0,0.0,115799.0,29001259.0,45510324
Argentina,2021-09-08,5273430.0,0.0,115799.0,29060293.0,45510324
Argentina,2021-09-09,5273430.0,0.0,115799.0,29110213.0,45510324
Argentina,2021-09-10,5273430.0,0.0,115799.0,29159988.0,45510324
Argentina,2021-09-11,5273430.0,0.0,115799.0,29185688.0,45510324
Argentina,2021-09-12,5293290.0,19860.0,116089.0,29188184.0,45510324
Argentina,2021-09-13,5293290.0,0.0,116089.0,29240176.0,45510324
Argentina,2021-09-14,5293290.0,0.0,116089.0,29286706.0,45510324
Argentina,2021-09-15,5293290.0,0.0,116089.0,29322425.0,45510324
Argentina,2021-09-16,5293290.0,0.0,116089.0,29361207.0,45510324
Argentina,2021-09-17,5293290.0,0.0,116089.0,29410611.0,45510324
Argentina,2021-09-18,5293290.0,0.0,116089.0,29444191.0,45510324
Argentina,2021-09-19,5307511.0,14221.0,116307.0,29464212.0,45510324
Argentina,2021-09-20,5307511.0,0.0,116307.0,29511535.0,45510324
Argentina,2021-09-21,5307511.0,0.0,116307.0,29561402.0,45510324
Argentina,2021-09-22,5307511.0,0.0,116307.0,29618743.0,45510324
Argentina,2021-09-23,5307511.0,0.0,116307.0,29789507.0,45510324
Argentina,2021-09-24,5307511.0,0.0,116307.0,29860374.0,45510324
Argentina,2021-09-25,5307511.0,0.0,116307.0,29892139.0,45510324
Argentina,2021-09-26,5318508.0,10997.0,116434.0,29905252.0,45510324
Argentina,2021-09-27,5318508.0,0.0,116434.0,29959835.0,45510324
Argentina,2021-09-28,5318508.0,0.0,116434.0,30019891.0,45510324
Argentina,2021-09-29,5318508.0,0.0,116434.0,30070714.0,45510324
Argentina,2021-09-30,5318508.0,0.0,116434.0,30139451.0,45510324
Argentina,2021-10-01,5318508.0,0.0,116434.0,30202090.0,45510324
Argentina,2021-10-02,5318508.0,0.0,116434.0,30229565.0,45510324
Argentina,2021-10-03,5327758.0,9250.0,116521.0,30251290.0,45510324
Argentina,2021-10-04,5327758.0,0.0,116521.0,30317121.0,45510324
Argentina,2021-10-05,5327758.0,0.0,116521.0,30426415.0,45510324
Argentina,2021-10-06,5327758.0,0.0,116521.0,30491653.0,45510324
Argentina,2021-10-07,5327758.0,0.0,116521.0,30581021.0,45510324
Argentina,2021-10-08,5327758.0,0.0,116521.0,30610073.0,45510324
Argentina,2021-10-09,5327758.0,0.0,116521.0,30624203.0,45510324
Argentina,2021-10-10,5334391.0,6633.0,116605.0,30635402.0,45510324
Argentina,2021-10-11,5334391.0,0.0,116605.0,30653710.0,45510324
Argentina,2021-10-12,5334391.0,0.0,116605.0,30873800.0,45510324
Argentina,2021-10-13,5334391.0,0.0,116605.0,31136190.0,45510324
Argentina,2021-10-14,5334391.0,0.0,116605.0,31408460.0,45510324
Argentina,2021-10-15,5334391.0,0.0,116605.0,31672634.0,45510324
Argentina,2021-10-16,5334391.0,0.0,116605.0,31807174.0,45510324
Argentina,2021-10-17,5341605.0,7214.0,116691.0,31859242.0,45510324
Argentina,2021-10-18,5341605.0,0.0,116691.0,32159006.0,45510324
Argentina,2021-10-19,5341605.0,0.0,116691.0,32473001.0,45510324
Argentina,2021-10-20,5341605.0,0.0,116691.0,32792059.0,45510324
Argentina,2021-10-21,5341605.0,0.0,116691.0,33080825.0,45510324
Argentina,2021-10-22,5341605.0,0.0,116691.0,33430111.0,45510324
Argentina,2021-10-23,5341605.0,0.0,116691.0,33588681.0,45510324
Argentina,2021-10-24,5350202.0,8597.0,116761.0,33711133.0,45510324
Argentina,2021-10-25,5350202.0,0.0,116761.0,33963103.0,45510324
Argentina,2021-10-26,5350202.0,0.0,116761.0,34229927.0,45510324
Argentina,2021-10-27,5350202.0,0.0,116761.0,34464129.0,45510324
Argentina,2021-10-28,5350202.0,0.0,116761.0,34694439.0,45510324
Argentina,2021-10-29,5350202.0,0.0,116761.0,34898124.0,45510324
Argentina,2021-10-30,5350202.0,0.0,116761.0,34971763.0,45510324
Argentina,2021-10-31,5359226.0,9024.0,116823.0,35090091.0,45510324
Argentina,2021-11-01,5359226.0,0.0,116823.0,35271310.0,45510324
Argentina,2021-11-02,5359226.0,0.0,116823.0,35398735.0,45510324
Argentina,2021-11-03,5359226.0,0.0,116823.0,35540662.0,45510324
Argentina,2021-11-04,5359226.0,0.0,116823.0,35713163.0,45510324
Argentina,2021-11-05,5359226.0,0.0,116823.0,35852975.0,45510324
Argentina,2021-11-06,5359226.0,0.0,116823.0,35915383.0,45510324
Argentina,2021-11-07,5367868.0,8642.0,116887.0,35974616.0,45510324
Argentina,2021-11-08,5367868.0,0.0,116887.0,36086328.0,45510324
Argentina,2021-11-09,5367868.0,0.0,116887.0,36247301.0,45510324
Argentina,2021-11-10,5367868.0,0.0,116887.0,36338544.0,45510324
Argentina,2021-11-11,5367868.0,0.0,116887.0,36435694.0,45510324
Argentina,2021-11-12,5367868.0,0.0,116887.0,36521386.0,45510324
Argentina,2021-11-13,5367868.0,0.0,116887.0,36558299.0,45510324
Argentina,2021-11-14,5377283.0,9415.0,116969.0,36560516.0,45510324
Argentina,2021-11-15,5377283.0,0.0,116969.0,36614206.0,45510324
Argentina,2021-11-16,5377283.0,0.0,116969.0,36675030.0,45510324
Argentina,2021-11-17,5377283.0,0.0,116969.0,36735247.0,45510324
Argentina,2021-11-18,5377283.0,0.0,116969.0,36800291.0,45510324
Argentina,2021-11-19,5377283.0,0.0,116969.0,36857975.0,45510324
Argentina,2021-11-20,5377283.0,0.0,116969.0,36894694.0,45510324
Argentina,2021-11-21,5387530.0,10247.0,117068.0,36913404.0,45510324
Argentina,2021-11-22,5387530.0,0.0,117068.0,36939335.0,45510324
Argentina,2021-11-23,5387530.0,0.0,117068.0,37013052.0,45510324
Argentina,2021-11-24,5387530.0,0.0,117068.0,37084110.0,45510324
Argentina,2021-11-25,5387530.0,0.0,117068.0,37141843.0,45510324
Argentina,2021-11-26,5387530.0,0.0,117068.0,37204843.0,45510324
Argentina,2021-11-27,5387530.0,0.0,117068.0,37240860.0,45510324
Argentina,2021-11-28,5399385.0,11855.0,117182.0,37255852.0,45510324
Argentina,2021-11-29,5399385.0,0.0,117182.0,37321218.0,45510324
Argentina,2021-11-30,5399385.0,0.0,117182.0,37393703.0,45510324
Argentina,2021-12-01,5399385.0,0.0,117182.0,37476690.0,45510324
Argentina,2021-12-02,5399385.0,0.0,117182.0,37556253.0,45510324
Argentina,2021-12-03,5399385.0,0.0,117182.0,37626682.0,45510324
Argentina,2021-12-04,5399385.0,0.0,117182.0,37658571.0,45510324
Argentina,2021-12-05,5415148.0,15763.0,117299.0,37677715.0,45510324
Argentina,2021-12-06,5415148.0,0.0,117299.0,37744726.0,45510324
Argentina,2021-12-07,5415148.0,0.0,117299.0,37811135.0,45510324
Argentina,2021-12-08,5415148.0,0.0,117299.0,37837717.0,45510324
Argentina,2021-12-09,5415148.0,0.0,117299.0,37893713.0,45510324
Argentina,2021-12-10,5415148.0,0.0,117299.0,37948142.0,45510324
Argentina,2021-12-11,5415148.0,0.0,117299.0,37977077.0,45510324
Argentina,2021-12-12,5435325.0,20177.0,117434.0,37990503.0,45510324
Argentina,2021-12-13,5435325.0,0.0,117434.0,38045036.0,45510324
Argentina,2021-12-14,5435325.0,0.0,117434.0,38106046.0,45510324
Argentina,2021-12-15,5435325.0,0.0,117434.0,38161522.0,45510324
Argentina,2021-12-16,5435325.0,0.0,117434.0,38217715.0,45510324
Argentina,2021-12-17,5435325.0,0.0,117434.0,38268541.0,45510324
Argentina,2021-12-18,5435325.0,0.0,117434.0,38293036.0,45510324
Argentina,2021-12-19,5473126.0,37801.0,117597.0,38305508.0,45510324
Argentina,2021-12-20,5473126.0,0.0,117597.0,38356331.0,45510324
Argentina,2021-12-21,5473126.0,0.0,117597.0,38416080.0,45510324
Argentina,2021-12-22,5473126.0,0.0,117597.0,38474912.0,45510324
Argentina,2021-12-23,5473126.0,0.0,117597.0,38515782.0,45510324
Argentina,2021-12-24,5473126.0,0.0,117597.0,38518113.0,45510324
Argentina,2021-12-25,5473126.0,0.0,117597.0,38518285.0,45510324
Argentina,2021-12-26,5559916.0,86790.0,117830.0,38529733.0,45510324
Argentina,2021-12-27,5559916.0,0.0,117830.0,38604922.0,45510324
Argentina,2021-12-28,5559916.0,0.0,117830.0,38681364.0,45510324
Argentina,2021-12-29,5559916.0,0.0,117830.0,38757793.0,45510324
Argentina,2021-12-30,5559916.0,0.0,117830.0,38820857.0,45510324
Argentina,2021-12-31,5559916.0,0.0,117830.0,38825075.0,45510324
Argentina,2022-01-01,5559916.0,0.0,117830.0,38825736.0,45510324
Argentina,2022-01-02,5821928.0,262012.0,118251.0,38840438.0,45510324
Argentina,2022-01-03,5821928.0,0.0,118251.0,38914842.0,45510324
Argentina,2022-01-04,5821928.0,0.0,118251.0,38999788.0,45510324
Argentina,2022-01-05,5821928.0,0.0,118251.0,39088694.0,45510324
Argentina,2022-01-06,5821928.0,0.0,118251.0,39182624.0,45510324
Argentina,2022-01-07,5821928.0,0.0,118251.0,39275316.0,45510324
Argentina,2022-01-08,5821928.0,0.0,118251.0,39314944.0,45510324
Argentina,2022-01-09,6469649.0,647721.0,119254.0,39336555.0,45510324
Argentina,2022-01-10,6469649.0,0.0,119254.0,39417811.0,45510324
Argentina,2022-01-11,6469649.0,0.0,119254.0,39489983.0,45510324
Argentina,2022-01-12,6469649.0,0.0,119254.0,39559323.0,45510324
Argentina,2022-01-13,6469649.0,0.0,119254.0,39621624.0,45510324
Argentina,2022-01-14,6469649.0,0.0,119254.0,39674806.0,45510324
Argentina,2022-01-15,6469649.0,0.0,119254.0,39694594.0,45510324
Argentina,2022-01-16,7240336.0,770687.0,121062.0,39706916.0,45510324
Argentina,2022-01-17,7240336.0,0.0,121062.0,39761138.0,45510324
Argentina,2022-01-18,7240336.0,0.0,121062.0,39809833.0,45510324
Argentina,2022-01-19,7240336.0,0.0,121062.0,39856307.0,45510324
Argentina,2022-01-20,7240336.0,0.0,121062.0,39902464.0,45510324
Argentina,2022-01-21,7240336.0,0.0,121062.0,39945431.0,45510324
Argentina,2022-01-22,7240336.0,0.0,121062.0,39963307.0,45510324
Argentina,2022-01-23,7968118.0,727782.0,123526.0,39973437.0,45510324
Argentina,2022-01-24,7968118.0,0.0,123526.0,40018190.0,45510324
Argentina,2022-01-25,7968118.0,0.0,123526.0,40059983.0,45510324
Argentina,2022-01-26,7968118.0,0.0,123526.0,40100205.0,45510324
Argentina,2022-01-27,7968118.0,0.0,123526.0,40143814.0,45510324
Argentina,2022-01-28,7968118.0,0.0,123526.0,40183822.0,45510324
Argentina,2022-01-29,7968118.0,0.0,123526.0,40200082.0,45510324
Argentina,2022-01-30,8400422.0,432304.0,125514.0,40208591.0,45510324
Argentina,2022-01-31,8400422.0,0.0,125514.0,40247794.0,45510324
Argentina,2022-02-01,8400422.0,0.0,125514.0,40286454.0,45510324
Argentina,2022-02-02,8400422.0,0.0,125514.0,40320458.0,45510324
Argentina,2022-02-03,8400422.0,0.0,125514.0,40351085.0,45510324
Argentina,2022-02-04,8400422.0,0.0,125514.0,40385256.0,45510324
Argentina,2022-02-05,8400422.0,0.0,125514.0,40396694.0,45510324
Argentina,2022-02-06,8627251.0,226829.0,126726.0,40403999.0,45510324
Argentina,2022-02-07,8627251.0,0.0,126726.0,40437334.0,45510324
Argentina,2022-02-08,8627251.0,0.0,126726.0,40470563.0,45510324
Argentina,2022-02-09,8627251.0,0.0,126726.0,40503361.0,45510324
Argentina,2022-02-10,8627251.0,0.0,126726.0,40533292.0,45510324
Argentina,2022-02-11,8627251.0,0.0,126726.0,40558449.0,45510324
Argentina,2022-02-12,8627251.0,0.0,126726.0,40568920.0,45510324
Argentina,2022-02-13,8751916.0,124665.0,127354.0,40574689.0,45510324
Argentina,2022-02-14,8751916.0,0.0,127354.0,40600849.0,45510324
Argentina,2022-02-15,8751916.0,0.0,127354.0,40627249.0,45510324
Argentina,2022-02-16,8751916.0,0.0,127354.0,40653064.0,45510324
Argentina,2022-02-17,8751916.0,0.0,127354.0,40679151.0,45510324
Argentina,2022-02-18,8751916.0,0.0,127354.0,40704165.0,45510324
Argentina,2022-02-19,8751916.0,0.0,127354.0,40711702.0,45510324
Argentina,2022-02-20,8835152.0,83236.0,127808.0,40714985.0,45510324
Argentina,2022-02-21,8835152.0,0.0,127808.0,40739471.0,45510324
Argentina,2022-02-22,8835152.0,0.0,127808.0,40764857.0,45510324
Argentina,2022-02-23,8835152.0,0.0,127808.0,40789458.0,45510324
Argentina,2022-02-24,8835152.0,0.0,127808.0,40808841.0,45510324
Argentina,2022-02-25,8835152.0,0.0,127808.0,40831264.0,45510324
Argentina,2022-02-26,8835152.0,0.0,127808.0,40837331.0,45510324
Argentina,2022-02-27,8899363.0,64211.0,128031.0,40839865.0,45510324
Argentina,2022-02-28,8899363.0,0.0,128031.0,40843784.0,45510324
Argentina,2022-03-01,8899363.0,0.0,128031.0,40847802.0,45510324
Argentina,2022-03-02,8899363.0,0.0,128031.0,40861299.0,45510324
Argentina,2022-03-03,8899363.0,0.0,128031.0,40873452.0,45510324
Argentina,2022-03-04,8899363.0,0.0,128031.0,40885776.0,45510324
Argentina,2022-03-05,8899363.0,0.0,128031.0,40889770.0,45510324
Argentina,2022-03-06,8935976.0,36613.0,128144.0,40891662.0,45510324
Argentina,2022-03-07,8935976.0,0.0,128144.0,40902131.0,45510324
Argentina,2022-03-08,8935976.0,0.0,128144.0,40909323.0,45510324
Argentina,2022-03-09,8935976.0,0.0,128144.0,40916995.0,45510324
Argentina,2022-03-10,8935976.0,0.0,128144.0,40928034.0,45510324
Argentina,2022-03-11,8935976.0,0.0,128144.0,40937527.0,45510324
Argentina,2022-03-12,8935976.0,0.0,128144.0,40940841.0,45510324
Argentina,2022-03-13,8967916.0,31940.0,128215.0,40942176.0,45510324
Argentina,2022-03-14,8967916.0,0.0,128215.0,40951109.0,45510324
Argentina,2022-03-15,8967916.0,0.0,128215.0,40959726.0,45510324
Argentina,2022-03-16,8967916.0,0.0,128215.0,40968217.0,45510324
Argentina,2022-03-17,8967916.0,0.0,128215.0,40976263.0,45510324
Argentina,2022-03-18,8967916.0,0.0,128215.0,40983432.0,45510324
Argentina,2022-03-19,8967916.0,0.0,128215.0,40986234.0,45510324
Argentina,2022-03-20,9001945.0,34029.0,128266.0,40987222.0,45510324
Argentina,2022-03-21,9001945.0,0.0,128266.0,40993606.0,45510324
Argentina,2022-03-22,9001945.0,0.0,128266.0,41000030.0,45510324
Argentina,2022-03-23,9001945.0,0.0,128266.0,41006817.0,45510324
Argentina,2022-03-24,9001945.0,0.0,128266.0,41007896.0,45510324
Argentina,2022-03-25,9001945.0,0.0,128266.0,41013641.0,45510324
Argentina,2022-03-26,9001945.0,0.0,128266.0,41015772.0,45510324
Argentina,2022-03-27,9017872.0,15927.0,128299.0,41016558.0,45510324
Argentina,2022-03-28,9017872.0,0.0,128299.0,41022389.0,45510324
Argentina,2022-03-29,9017872.0,0.0,128299.0,41027826.0,45510324
Argentina,2022-03-30,9017872.0,0.0,128299.0,41032617.0,45510324
Argentina,2022-03-31,9017872.0,0.0,128299.0,41037802.0,45510324
Argentina,2022-04-01,9017872.0,0.0,128299.0,41042956.0,45510324
Argentina,2022-04-02,9017872.0,0.0,128299.0,41044320.0,45510324
Argentina,2022-04-03,9030866.0,12994.0,128330.0,41045055.0,45510324
Argentina,2022-04-04,9030866.0,0.0,128330.0,41049525.0,45510324
Argentina,2022-04-05,9030866.0,0.0,128330.0,41054006.0,45510324
Argentina,2022-04-06,9030866.0,0.0,128330.0,41058511.0,45510324
Argentina,2022-04-07,9030866.0,0.0,128330.0,41062247.0,45510324
Argentina,2022-04-08,9030866.0,0.0,128330.0,41066079.0,45510324
Argentina,2022-04-09,9030866.0,0.0,128330.0,41067561.0,45510324
Argentina,2022-04-10,9040703.0,9837.0,128341.0,41068166.0,45510324
Argentina,2022-04-11,9040703.0,0.0,128341.0,41071376.0,45510324
Argentina,2022-04-12,9040703.0,0.0,128341.0,41075023.0,45510324
Argentina,2022-04-13,9040703.0,0.0,128341.0,41079040.0,45510324
Argentina,2022-04-14,9040703.0,0.0,128341.0,41080005.0,45510324
Argentina,2022-04-15,9040703.0,0.0,128341.0,41080542.0,45510324
Argentina,2022-04-16,9040703.0,0.0,128341.0,41081287.0,45510324
Argentina,2022-04-17,9047398.0,6695.0,128344.0,41081523.0,45510324
Argentina,2022-04-18,9047398.0,0.0,128344.0,41085073.0,45510324
Argentina,2022-04-19,9047398.0,0.0,128344.0,41088566.0,45510324
Argentina,2022-04-20,9047398.0,0.0,128344.0,41092026.0,45510324
Argentina,2022-04-21,9047398.0,0.0,128344.0,41095306.0,45510324
Argentina,2022-04-22,9047398.0,0.0,128344.0,41098466.0,45510324
Argentina,2022-04-23,9047398.0,0.0,128344.0,41099672.0,45510324
Argentina,2022-04-24,9072230.0,24832.0,128542.0,41100125.0,45510324
Argentina,2022-04-25,9072230.0,0.0,128542.0,41103187.0,45510324
Argentina,2022-04-26,9072230.0,0.0,128542.0,41106114.0,45510324
Argentina,2022-04-27,9072230.0,0.0,128542.0,41108923.0,45510324
Argentina,2022-04-28,9072230.0,0.0,128542.0,41112105.0,45510324
Argentina,2022-04-29,9072230.0,0.0,128542.0,41115094.0,45510324
Argentina,2022-04-30,9072230.0,0.0,128542.0,41116038.0,45510324
Argentina,2022-05-01,9083673.0,11443.0,128653.0,41116087.0,45510324
Argentina,2022-05-02,9083673.0,0.0,128653.0,41118495.0,45510324
Argentina,2022-05-03,9083673.0,0.0,128653.0,41120974.0,45510324
Argentina,2022-05-04,9083673.0,0.0,128653.0,41123869.0,45510324
Argentina,2022-05-05,9083673.0,0.0,128653.0,41128067.0,45510324
Argentina,2022-05-06,9083673.0,0.0,128653.0,41131152.0,45510324
Argentina,2022-05-07,9083673.0,0.0,128653.0,41132267.0,45510324
Argentina,2022-05-08,9101319.0,17646.0,128729.0,41132694.0,45510324
Argentina,2022-05-09,9101319.0,0.0,128729.0,41135294.0,45510324
Argentina,2022-05-10,9101319.0,0.0,128729.0,41138086.0,45510324
Argentina,2022-05-11,9101319.0,0.0,128729.0,41140963.0,45510324
Argentina,2022-05-12,9101319.0,0.0,128729.0,41143701.0,45510324
Argentina,2022-05-13,9101319.0,0.0,128729.0,41146772.0,45510324
Argentina,2022-05-14,9101319.0,0.0,128729.0,41148065.0,45510324
Argentina,2022-05-15,9135308.0,33989.0,128776.0,41148550.0,45510324
Argentina,2022-05-16,9135308.0,0.0,128776.0,41151073.0,45510324
Argentina,2022-05-17,9135308.0,0.0,128776.0,41154064.0,45510324
Argentina,2022-05-18,9135308.0,0.0,128776.0,41154134.0,45510324
Argentina,2022-05-19,9135308.0,0.0,128776.0,41156978.0,45510324
Argentina,2022-05-20,9135308.0,0.0,128776.0,41160095.0,45510324
Argentina,2022-05-21,9135308.0,0.0,128776.0,41161598.0,45510324
Argentina,2022-05-22,9178795.0,43487.0,128825.0,41162180.0,45510324
Argentina,2022-05-23,9178795.0,0.0,128825.0,41165297.0,45510324
Argentina,2022-05-24,9178795.0,0.0,128825.0,41168396.0,45510324
Argentina,2022-05-25,9178795.0,0.0,128825.0,41168842.0,45510324
Argentina,2022-05-26,9178795.0,0.0,128825.0,41171533.0,45510324
Argentina,2022-05-27,9178795.0,0.0,128825.0,41174487.0,45510324
Argentina,2022-05-28,9178795.0,0.0,128825.0,41175932.0,45510324
Argentina,2022-05-29,9230573.0,51778.0,128889.0,41176523.0,45510324
Argentina,2022-05-30,9230573.0,0.0,128889.0,41179233.0,45510324
Argentina,2022-05-31,9230573.0,0.0,128889.0,41181884.0,45510324
Argentina,2022-06-01,9230573.0,0.0,128889.0,41183897.0,45510324
Argentina,2022-06-02,9230573.0,0.0,128889.0,41186032.0,45510324
Argentina,2022-06-03,9230573.0,0.0,128889.0,41188368.0,45510324
Argentina,2022-06-04,9230573.0,0.0,128889.0,41188893.0,45510324
Argentina,2022-06-05,9276618.0,46045.0,128973.0,41189039.0,45510324
Argentina,2022-06-06,9276618.0,0.0,128973.0,41191144.0,45510324
Argentina,2022-06-07,9276618.0,0.0,128973.0,41193253.0,45510324
Argentina,2022-06-08,9276618.0,0.0,128973.0,41195344.0,45510324
Argentina,2022-06-09,9276618.0,0.0,128973.0,41197510.0,45510324
Argentina,2022-06-10,9276618.0,0.0,128973.0,41199737.0,45510324
Argentina,2022-06-11,9276618.0,0.0,128973.0,41200104.0,45510324
Argentina,2022-06-12,9313453.0,36835.0,128994.0,41200184.0,45510324
Argentina,2022-06-13,9313453.0,0.0,128994.0,41202280.0,45510324
Argentina,2022-06-14,9313453.0,0.0,128994.0,41204358.0,45510324
Argentina,2022-06-15,9313453.0,0.0,128994.0,41206503.0,45510324
Argentina,2022-06-16,9313453.0,0.0,128994.0,41208538.0,45510324
Argentina,2022-06-17,9313453.0,0.0,128994.0,41208798.0,45510324
Argentina,2022-06-18,9313453.0,0.0,128994.0,41209022.0,45510324
Argentina,2022-06-19,9341492.0,28039.0,129016.0,41209040.0,45510324
Argentina,2022-06-20,9341492.0,0.0,129016.0,41209133.0,45510324
Argentina,2022-06-21,9341492.0,0.0,129016.0,41210860.0,45510324
Argentina,2022-06-22,9341492.0,0.0,129016.0,41212463.0,45510324
Argentina,2022-06-23,9341492.0,0.0,129016.0,41214077.0,45510324
Argentina,2022-06-24,9341492.0,0.0,129016.0,41215862.0,45510324
Argentina,2022-06-25,9341492.0,0.0,129016.0,41216206.0,45510324
Argentina,2022-06-26,9367172.0,25680.0,129070.0,41216313.0,45510324
Argentina,2022-06-27,9367172.0,0.0,129070.0,41217233.0,45510324
Argentina,2022-06-28,9367172.0,0.0,129070.0,41218990.0,45510324
Argentina,2022-06-29,9367172.0,0.0,129070.0,41220590.0,45510324
Argentina,2022-06-30,9367172.0,0.0,129070.0,41222217.0,45510324
Argentina,2022-07-01,9367172.0,0.0,129070.0,41223986.0,45510324
Argentina,2022-07-02,9367172.0,0.0,129070.0,41224250.0,45510324
Argentina,2022-07-03,9394326.0,27154.0,129109.0,41224334.0,45510324
Argentina,2022-07-04,9394326.0,0.0,129109.0,41225949.0,45510324
Argentina,2022-07-05,9394326.0,0.0,129109.0,41227498.0,45510324
Argentina,2022-07-06,9394326.0,0.0,129109.0,41229057.0,45510324
Argentina,2022-07-07,9394326.0,0.0,129109.0,41230490.0,45510324
Argentina,2022-07-08,9394326.0,0.0,129109.0,41231871.0,45510324
Argentina,2022-07-09,9394326.0,0.0,129109.0,41232138.0,45510324
Argentina,2022-07-10,9426171.0,31845.0,129145.0,41232279.0,45510324
Argentina,2022-07-11,9426171.0,0.0,129145.0,41233615.0,45510324
Argentina,2022-07-12,9426171.0,0.0,129145.0,41235002.0,45510324
Argentina,2022-07-13,9426171.0,0.0,129145.0,41236368.0,45510324
Argentina,2022-07-14,9426171.0,0.0,129145.0,41237652.0,45510324
Argentina,2022-07-15,9426171.0,0.0,129145.0,41238809.0,45510324
Argentina,2022-07-16,9426171.0,0.0,129145.0,41238999.0,45510324
Argentina,2022-07-17,9465827.0,39656.0,129202.0,41239096.0,45510324
Argentina,2022-07-18,9465827.0,0.0,129202.0,41240378.0,45510324
Argentina,2022-07-19,9465827.0,0.0,129202.0,41241767.0,45510324
Argentina,2022-07-20,9465827.0,0.0,129202.0,41243070.0,45510324
Argentina,2022-07-21,9465827.0,0.0,129202.0,41244342.0,45510324
Argentina,2022-07-22,9465827.0,0.0,129202.0,41245822.0,45510324
Argentina,2022-07-23,9465827.0,0.0,129202.0,41246033.0,45510324
Argentina,2022-07-24,9507562.0,41735.0,129278.0,41246103.0,45510324
Argentina,2022-07-25,9507562.0,0.0,129278.0,41247130.0,45510324
Argentina,2022-07-26,9507562.0,0.0,129278.0,41248489.0,45510324
Argentina,2022-07-27,9507562.0,0.0,129278.0,41249825.0,45510324
Argentina,2022-07-28,9507562.0,0.0,129278.0,41251210.0,45510324
Argentina,2022-07-29,9507562.0,0.0,129278.0,41252813.0,45510324
Argentina,2022-07-30,9507562.0,0.0,129278.0,41253107.0,45510324
Argentina,2022-07-31,9560307.0,52745.0,129369.0,41253250.0,45510324
Argentina,2022-08-01,9560307.0,0.0,129369.0,41254449.0,45510324
Argentina,2022-08-02,9560307.0,0.0,129369.0,41255641.0,45510324
Argentina,2022-08-03,9560307.0,0.0,129369.0,41257341.0,45510324
Argentina,2022-08-04,9560307.0,0.0,129369.0,41259381.0,45510324
Argentina,2022-08-05,9560307.0,0.0,129369.0,41262261.0,45510324
Argentina,2022-08-06,9560307.0,0.0,129369.0,41262706.0,45510324
Argentina,2022-08-07,9602534.0,42227.0,129440.0,41262867.0,45510324
Argentina,2022-08-08,9602534.0,0.0,129440.0,41265261.0,45510324
Argentina,2022-08-09,9602534.0,0.0,129440.0,41268062.0,45510324
Argentina,2022-08-10,9602534.0,0.0,129440.0,41270887.0,45510324
Argentina,2022-08-11,9602534.0,0.0,129440.0,41276007.0,45510324
Argentina,2022-08-12,9602534.0,0.0,129440.0,41280632.0,45510324
Argentina,2022-08-13,9602534.0,0.0,129440.0,41281107.0,45510324
Argentina,2022-08-14,9633732.0,31198.0,129566.0,41281208.0,45510324
Argentina,2022-08-15,9633732.0,0.0,129566.0,41281442.0,45510324
Argentina,2022-08-16,9633732.0,0.0,129566.0,41285016.0,45510324
Argentina,2022-08-17,9633732.0,0.0,129566.0,41287810.0,45510324
Argentina,2022-08-18,9633732.0,0.0,129566.0,41290819.0,45510324
Argentina,2022-08-19,9633732.0,0.0,129566.0,41293500.0,45510324
Argentina,2022-08-20,9633732.0,0.0,129566.0,41293807.0,45510324
Argentina,2022-08-21,9658391.0,24659.0,129646.0,41293878.0,45510324
Argentina,2022-08-22,9658391.0,0.0,129646.0,41296228.0,45510324
Argentina,2022-08-23,9658391.0,0.0,129646.0,41298736.0,45510324
Argentina,2022-08-24,9658391.0,0.0,129646.0,41301535.0,45510324
Argentina,2022-08-25,9658391.0,0.0,129646.0,41304151.0,45510324
Argentina,2022-08-26,9658391.0,0.0,129646.0,41306781.0,45510324
Argentina,2022-08-27,9658391.0,0.0,129646.0,41307130.0,45510324
Argentina,2022-08-28,9678225.0,19834.0,129711.0,41307231.0,45510324
Argentina,2022-08-29,9678225.0,0.0,129711.0,41309499.0,45510324
Argentina,2022-08-30,9678225.0,0.0,129711.0,41311951.0,45510324
Argentina,2022-08-31,9678225.0,0.0,129711.0,41314378.0,45510324
Argentina,2022-09-01,9678225.0,0.0,129711.0,41317019.0,45510324
Argentina,2022-09-02,9678225.0,0.0,129711.0,41317674.0,45510324
Argentina,2022-09-03,9678225.0,0.0,129711.0,41317938.0,45510324
Argentina,2022-09-04,9689861.0,11636.0,129769.0,41318004.0,45510324
Argentina,2022-09-05,9689861.0,0.0,129769.0,41320210.0,45510324
Argentina,2022-09-06,9689861.0,0.0,129769.0,41322542.0,45510324
Argentina,2022-09-07,9689861.0,0.0,129769.0,41324533.0,45510324
Argentina,2022-09-08,9689861.0,0.0,129769.0,41326571.0,45510324
Argentina,2022-09-09,9689861.0,0.0,129769.0,41328674.0,45510324
Argentina,2022-09-10,9689861.0,0.0,129769.0,41328936.0,45510324
Argentina,2022-09-11,9697763.0,7902.0,129830.0,41328989.0,45510324
Argentina,2022-09-12,9697763.0,0.0,129830.0,41330726.0,45510324
Argentina,2022-09-13,9697763.0,0.0,129830.0,41332435.0,45510324
Argentina,2022-09-14,9697763.0,0.0,129830.0,41334242.0,45510324
Argentina,2022-09-15,9697763.0,0.0,129830.0,41335957.0,45510324
Argentina,2022-09-16,9697763.0,0.0,129830.0,41337807.0,45510324
Argentina,2022-09-17,9697763.0,0.0,129830.0,41338029.0,45510324
Argentina,2022-09-18,9703938.0,6175.0,129855.0,41338093.0,45510324
Argentina,2022-09-19,9703938.0,0.0,129855.0,41339424.0,45510324
Argentina,2022-09-20,9703938.0,0.0,129855.0,41340972.0,45510324
Argentina,2022-09-21,9703938.0,0.0,129855.0,41342239.0,45510324
Argentina,2022-09-22,9703938.0,0.0,129855.0,41343742.0,45510324
Argentina,2022-09-23,9703938.0,0.0,129855.0,41345337.0,45510324
Argentina,2022-09-24,9703938.0,0.0,129855.0,41345514.0,45510324
Argentina,2022-09-25,9708420.0,4482.0,129897.0,41345546.0,45510324
Argentina,2022-09-26,9708420.0,0.0,129897.0,41347032.0,45510324
Argentina,2022-09-27,9708420.0,0.0,129897.0,41348393.0,45510324
Argentina,2022-09-28,9708420.0,0.0,129897.0,41349655.0,45510324
Argentina,2022-09-29,9708420.0,0.0,129897.0,41351015.0,45510324
Argentina,2022-09-30,9708420.0,0.0,129897.0,41352310.0,45510324
Argentina,2022-10-01,9708420.0,0.0,129897.0,41352604.0,45510324
Argentina,2022-10-02,9711355.0,2935.0,129937.0,41352670.0,45510324
Argentina,2022-10-03,9711355.0,0.0,129937.0,41354109.0,45510324
Argentina,2022-10-04,9711355.0,0.0,129937.0,41355769.0,45510324
Argentina,2022-10-05,9711355.0,0.0,129937.0,41357138.0,45510324
Argentina,2022-10-06,9711355.0,0.0,129937.0,41358718.0,45510324
Argentina,2022-10-07,9711355.0,0.0,129937.0,41358947.0,45510324
Argentina,2022-10-08,9711355.0,0.0,129937.0,41359095.0,45510324
Argentina,2022-10-09,9713594.0,2239.0,129958.0,41359151.0,45510324
Argentina,2022-10-10,9713594.0,0.0,129958.0,41359273.0,45510324
Argentina,2022-10-11,9713594.0,0.0,129958.0,41360565.0,45510324
Argentina,2022-10-12,9713594.0,0.0,129958.0,41361922.0,45510324
Argentina,2022-10-13,9713594.0,0.0,129958.0,41363255.0,45510324
Argentina,2022-10-14,9713594.0,0.0,129958.0,41364643.0,45510324
Argentina,2022-10-15,9713594.0,0.0,129958.0,41364800.0,45510324
Argentina,2022-10-16,9715464.0,1870.0,129970.0,41364821.0,45510324
Argentina,2022-10-17,9715464.0,0.0,129970.0,41365921.0,45510324
Argentina,2022-10-18,9715464.0,0.0,129970.0,41367261.0,45510324
Argentina,2022-10-19,9715464.0,0.0,129970.0,41368662.0,45510324
Argentina,2022-10-20,9715464.0,0.0,129970.0,41370005.0,45510324
Argentina,2022-10-21,9715464.0,0.0,129970.0,41371576.0,45510324
Argentina,2022-10-22,9715464.0,0.0,129970.0,41371812.0,45510324
Argentina,2022-10-23,9717546.0,2082.0,129979.0,41371875.0,45510324
Argentina,2022-10-24,9717546.0,0.0,129979.0,41373067.0,45510324
Argentina,2022-10-25,9717546.0,0.0,129979.0,41374317.0,45510324
Argentina,2022-10-26,9717546.0,0.0,129979.0,41375386.0,45510324
Argentina,2022-10-27,9717546.0,0.0,129979.0,41376746.0,45510324
Argentina,2022-10-28,9717546.0,0.0,129979.0,41378013.0,45510324
Argentina,2022-10-29,9717546.0,0.0,129979.0,41378156.0,45510324
Argentina,2022-10-30,9718875.0,1329.0,129991.0,41378186.0,45510324
Argentina,2022-10-31,9718875.0,0.0,129991.0,41379225.0,45510324
Argentina,2022-11-01,9718875.0,0.0,129991.0,41380247.0,45510324
Argentina,2022-11-02,9718875.0,0.0,129991.0,41381157.0,45510324
Argentina,2022-11-03,9718875.0,0.0,129991.0,41382344.0,45510324
Argentina,2022-11-04,9718875.0,0.0,129991.0,41383763.0,45510324
Argentina,2022-11-05,9718875.0,0.0,129991.0,41383949.0,45510324
Argentina,2022-11-06,9720232.0,1357.0,130003.0,41383985.0,45510324
Argentina,2022-11-07,9720232.0,0.0,130003.0,41385031.0,45510324
Argentina,2022-11-08,9720232.0,0.0,130003.0,41386204.0,45510324
Argentina,2022-11-09,9720232.0,0.0,130003.0,41387413.0,45510324
Argentina,2022-11-10,9720232.0,0.0,130003.0,41388669.0,45510324
Argentina,2022-11-11,9720232.0,0.0,130003.0,41389924.0,45510324
Argentina,2022-11-12,9720232.0,0.0,130003.0,41390129.0,45510324
Argentina,2022-11-13,9721718.0,1486.0,130011.0,41390165.0,45510324
Argentina,2022-11-14,9721718.0,0.0,130011.0,41391231.0,45510324
Argentina,2022-11-15,9721718.0,0.0,130011.0,41392348.0,45510324
Argentina,2022-11-16,9721718.0,0.0,130011.0,41393386.0,45510324
Argentina,2022-11-17,9721718.0,0.0,130011.0,41394330.0,45510324
Argentina,2022-11-18,9721718.0,0.0,130011.0,41395334.0,45510324
Argentina,2022-11-19,9721718.0,0.0,130011.0,41395452.0,45510324
Argentina,2022-11-20,9723924.0,2206.0,130017.0,41395467.0,45510324
Argentina,2022-11-21,9723924.0,0.0,130017.0,41395519.0,45510324
Argentina,2022-11-22,9723924.0,0.0,130017.0,41396251.0,45510324
Argentina,2022-11-23,9723924.0,0.0,130017.0,41397226.0,45510324
Argentina,2022-11-24,9723924.0,0.0,130017.0,41398276.0,45510324
Argentina,2022-11-25,9723924.0,0.0,130017.0,41399043.0,45510324
Argentina,2022-11-26,9723924.0,0.0,130017.0,41399109.0,45510324
Argentina,2022-11-27,9727247.0,3323.0,130025.0,41399129.0,45510324
Argentina,2022-11-28,9727247.0,0.0,130025.0,41399829.0,45510324
Argentina,2022-11-29,9727247.0,0.0,130025.0,41400708.0,45510324
Argentina,2022-11-30,9727247.0,0.0,130025.0,41401568.0,45510324
Argentina,2022-12-01,9727247.0,0.0,130025.0,41402422.0,45510324
Argentina,2022-12-02,9727247.0,0.0,130025.0,41403524.0,45510324
Argentina,2022-12-03,9727247.0,0.0,130025.0,41403692.0,45510324
Argentina,2022-12-04,9739856.0,12609.0,130034.0,41403728.0,45510324
Argentina,2022-12-05,9739856.0,0.0,130034.0,41404762.0,45510324
Argentina,2022-12-06,9739856.0,0.0,130034.0,41406068.0,45510324
Argentina,2022-12-07,9739856.0,0.0,130034.0,41407513.0,45510324
Argentina,2022-12-08,9739856.0,0.0,130034.0,41407627.0,45510324
Argentina,2022-12-09,9739856.0,0.0,130034.0,41407771.0,45510324
Argentina,2022-12-10,9739856.0,0.0,130034.0,41407985.0,45510324
Argentina,2022-12-11,9766975.0,27119.0,130041.0,41408012.0,45510324
Argentina,2022-12-12,9766975.0,0.0,130041.0,41409240.0,45510324
Argentina,2022-12-13,9766975.0,0.0,130041.0,41410481.0,45510324
Argentina,2022-12-14,9766975.0,0.0,130041.0,41411957.0,45510324
Argentina,2022-12-15,9766975.0,0.0,130041.0,41413681.0,45510324
Argentina,2022-12-16,9766975.0,0.0,130041.0,41415563.0,45510324
Argentina,2022-12-17,9766975.0,0.0,130041.0,41415861.0,45510324
Argentina,2022-12-18,9829236.0,62261.0,130080.0,41415886.0,45510324
Argentina,2022-12-19,9829236.0,0.0,130080.0,41417120.0,45510324
Argentina,2022-12-20,9829236.0,0.0,130080.0,41417744.0,45510324
Argentina,2022-12-21,9829236.0,0.0,130080.0,41419485.0,45510324
Argentina,2022-12-22,9829236.0,0.0,130080.0,41421065.0,45510324
Argentina,2022-12-23,9829236.0,0.0,130080.0,41421505.0,45510324
Argentina,2022-12-24,9829236.0,0.0,130080.0,41421528.0,45510324
Argentina,2022-12-25,9891139.0,61903.0,130124.0,41421528.0,45510324
Argentina,2022-12-26,9891139.0,0.0,130124.0,41423200.0,45510324
Argentina,2022-12-27,9891139.0,0.0,130124.0,41425181.0,45510324
Argentina,2022-12-28,9891139.0,0.0,130124.0,41427324.0,45510324
Argentina,2022-12-29,9891139.0,0.0,130124.0,41429262.0,45510324
Argentina,2022-12-30,9891139.0,0.0,130124.0,41429667.0,45510324
Argentina,2022-12-31,9891139.0,0.0,130124.0,41429680.0,45510324
Argentina,2023-01-01,9963697.0,72558.0,130171.0,41429695.0,45510324
Argentina,2023-01-02,9963697.0,0.0,130171.0,41431080.0,45510324
Argentina,2023-01-03,9963697.0,0.0,130171.0,41432756.0,45510324
Argentina,2023-01-04,9963697.0,0.0,130171.0,41434758.0,45510324
Argentina,2023-01-05,9963697.0,0.0,130171.0,41436668.0,45510324
Argentina,2023-01-06,9963697.0,0.0,130171.0,41438538.0,45510324
Argentina,2023-01-07,9963697.0,0.0,130171.0,41438782.0,45510324
Argentina,2023-01-08,10004679.0,40982.0,130249.0,41438838.0,45510324
Argentina,2023-01-09,10004679.0,0.0,130249.0,41440480.0,45510324
Argentina,2023-01-10,10004679.0,0.0,130249.0,41442435.0,45510324
Argentina,2023-01-11,10004679.0,0.0,130249.0,41444556.0,45510324
Argentina,2023-01-12,10004679.0,0.0,130249.0,41446566.0,45510324
Argentina,2023-01-13,10004679.0,0.0,130249.0,41448417.0,45510324
Argentina,2023-01-14,10004679.0,0.0,130249.0,41448660.0,45510324
Argentina,2023-01-15,10024095.0,19416.0,130338.0,41448720.0,45510324
Argentina,2023-01-16,10024095.0,0.0,130338.0,41450296.0,45510324
Argentina,2023-01-17,10024095.0,0.0,130338.0,41451853.0,45510324
Argentina,2023-01-18,10024095.0,0.0,130338.0,41453558.0,45510324
Argentina,2023-01-19,10024095.0,0.0,130338.0,41454922.0,45510324
Argentina,2023-01-20,10024095.0,0.0,130338.0,41456402.0,45510324
Argentina,2023-01-21,10024095.0,0.0,130338.0,41456559.0,45510324
Argentina,2023-01-22,10032709.0,8614.0,130394.0,41456605.0,45510324
Argentina,2023-01-23,10032709.0,0.0,130394.0,41457917.0,45510324
Argentina,2023-01-24,10032709.0,0.0,130394.0,41459281.0,45510324
Argentina,2023-01-25,10032709.0,0.0,130394.0,41460718.0,45510324
Argentina,2023-01-26,10032709.0,0.0,130394.0,41462065.0,45510324
Argentina,2023-01-27,10032709.0,0.0,130394.0,41463131.0,45510324
Argentina,2023-01-28,10032709.0,0.0,130394.0,41463249.0,45510324
Argentina,2023-01-29,10037135.0,4426.0,130421.0,41463293.0,45510324
Argentina,2023-01-30,10037135.0,0.0,130421.0,41464464.0,45510324
Argentina,2023-01-31,10037135.0,0.0,130421.0,41465689.0,45510324
Argentina,2023-02-01,10037135.0,0.0,130421.0,41466880.0,45510324
Argentina,2023-02-02,10037135.0,0.0,130421.0,41467890.0,45510324
Argentina,2023-02-03,10037135.0,0.0,130421.0,41468882.0,45510324
Argentina,2023-02-04,10037135.0,0.0,130421.0,41469018.0,45510324
Argentina,2023-02-05,10040329.0,3194.0,130437.0,41469051.0,45510324
Argentina,2023-02-06,10040329.0,0.0,130437.0,41469994.0,45510324
Argentina,2023-02-07,10040329.0,0.0,130437.0,41470979.0,45510324
Argentina,2023-02-08,10040329.0,0.0,130437.0,41471996.0,45510324
Argentina,2023-02-09,10040329.0,0.0,130437.0,41472994.0,45510324
Argentina,2023-02-10,10040329.0,0.0,130437.0,41474067.0,45510324
Argentina,2023-02-11,10040329.0,0.0,130437.0,41474219.0,45510324
Argentina,2023-02-12,10042136.0,1807.0,130448.0,41474250.0,45510324
Argentina,2023-02-13,10042136.0,0.0,130448.0,41475064.0,45510324
Argentina,2023-02-14,10042136.0,0.0,130448.0,41476048.0,45510324
Argentina,2023-02-15,10042136.0,0.0,130448.0,41477091.0,45510324
Argentina,2023-02-16,10042136.0,0.0,130448.0,41478106.0,45510324
Argentina,2023-02-17,10042136.0,0.0,130448.0,41478987.0,45510324
Argentina,2023-02-18,10042136.0,0.0,130448.0,41479119.0,45510324
Argentina,2023-02-19,10043308.0,1172.0,130458.0,41479147.0,45510324
Argentina,2023-02-20,10043308.0,0.0,130458.0,41479192.0,45510324
Argentina,2023-02-21,10043308.0,0.0,130458.0,41479215.0,45510324
Argentina,2023-02-22,10043308.0,0.0,130458.0,41480255.0,45510324
Argentina,2023-02-23,10043308.0,0.0,130458.0,41481337.0,45510324
Argentina,2023-02-24,10043308.0,0.0,130458.0,41482557.0,45510324
Argentina,2023-02-25,10043308.0,0.0,130458.0,41482700.0,45510324
Argentina,2023-02-26,10044125.0,817.0,130463.0,41482728.0,45510324
Argentina,2023-02-27,10044125.0,0.0,130463.0,41483724.0,45510324
Argentina,2023-02-28,10044125.0,0.0,130463.0,41484495.0,45510324
Argentina,2023-03-01,10044125.0,0.0,130463.0,41485020.0,45510324
Argentina,2023-03-02,10044125.0,0.0,130463.0,41485560.0,45510324
Argentina,2023-03-03,10044125.0,0.0,130463.0,41486272.0,45510324
Argentina,2023-03-04,10044125.0,0.0,130463.0,41486363.0,45510324
Argentina,2023-03-05,10044957.0,832.0,130472.0,41486383.0,45510324
Argentina,2023-03-06,10044957.0,0.0,130472.0,41486941.0,45510324
Argentina,2023-03-07,10044957.0,0.0,130472.0,41487553.0,45510324
Argentina,2023-03-08,10044957.0,0.0,130472.0,41487963.0,45510324
Argentina,2023-03-09,10044957.0,0.0,130472.0,41488429.0,45510324
Argentina,2023-03-10,10044957.0,0.0,130472.0,41489022.0,45510324
Argentina,2023-03-11,10044957.0,0.0,130472.0,41489099.0,45510324
Argentina,2023-03-12,10044957.0,0.0,130472.0,41489107.0,45510324
Argentina,2023-03-13,10044957.0,0.0,130472.0,41489321.0,45510324
Argentina,2023-03-14,10044957.0,0.0,130472.0,41489514.0,45510324
Argentina,2023-03-15,10044957.0,0.0,130472.0,41489719.0,45510324
Argentina,2023-03-16,10044957.0,0.0,130472.0,41489928.0,45510324
Argentina,2023-03-17,10044957.0,0.0,130472.0,41490146.0,45510324
Argentina,2023-03-18,10044957.0,0.0,130472.0,41490186.0,45510324
Argentina,2023-03-19,10044957.0,0.0,130472.0,41490194.0,45510324
Argentina,2023-03-20,10044957.0,0.0,130472.0,41490414.0,45510324
Argentina,2023-03-21,10044957.0,0.0,130472.0,41490619.0,45510324
Argentina,2023-03-22,10044957.0,0.0,130472.0,41490834.0,45510324
Argentina,2023-03-23,10044957.0,0.0,130472.0,41491114.0,45510324
Argentina,2023-03-24,10044957.0,0.0,130472.0,41491130.0,45510324
Argentina,2023-03-25,10044957.0,0.0,130472.0,41491147.0,45510324
Argentina,2023-03-26,10044957.0,0.0,130472.0,41491150.0,45510324
Argentina,2023-03-27,10044957.0,0.0,130472.0,41491350.0,45510324
Argentina,2023-03-28,10044957.0,0.0,130472.0,41491573.0,45510324
Argentina,2023-03-29,10044957.0,0.0,130472.0,41491813.0,45510324
Argentina,2023-03-30,10044957.0,0.0,130472.0,41492043.0,45510324
Argentina,2023-03-31,10044957.0,0.0,130472.0,41492292.0,45510324
Argentina,2023-04-01,10044957.0,0.0,130472.0,41492329.0,45510324
Argentina,2023-04-02,10044957.0,0.0,130472.0,41492340.0,45510324
Argentina,2023-04-03,10044957.0,0.0,130472.0,41492506.0,45510324
Argentina,2023-04-04,10044957.0,0.0,130472.0,41492697.0,45510324
Argentina,2023-04-05,10044957.0,0.0,130472.0,41492932.0,45510324
Argentina,2023-04-06,10044957.0,0.0,130472.0,41492954.0,45510324
Argentina,2023-04-07,10044957.0,0.0,130472.0,41492973.0,45510324
Argentina,2023-04-08,10044957.0,0.0,130472.0,41492992.0,45510324
Argentina,2023-04-09,10044957.0,0.0,130472.0,41492996.0,45510324
Argentina,2023-04-10,10044957.0,0.0,130472.0,41493200.0,45510324
Argentina,2023-04-11,10044957.0,0.0,130472.0,41493441.0,45510324
Argentina,2023-04-12,10044957.0,0.0,130472.0,41493658.0,45510324
Argentina,2023-04-13,10044957.0,0.0,130472.0,41493856.0,45510324
Argentina,2023-04-14,10044957.0,0.0,130472.0,41494101.0,45510324
Argentina,2023-04-15,10044957.0,0.0,130472.0,41494131.0,45510324
Argentina,2023-04-16,10044957.0,0.0,130472.0,41494144.0,45510324
Argentina,2023-04-17,10044957.0,0.0,130472.0,41494334.0,45510324
Argentina,2023-04-18,10044957.0,0.0,130472.0,41494518.0,45510324
Argentina,2023-04-19,10044957.0,0.0,130472.0,41494738.0,45510324
Argentina,2023-04-20,10044957.0,0.0,130472.0,41494951.0,45510324
Argentina,2023-04-21,10044957.0,0.0,130472.0,41495231.0,45510324
Argentina,2023-04-22,10044957.0,0.0,130472.0,41495286.0,45510324
Argentina,2023-04-23,10044957.0,0.0,130472.0,41495298.0,45510324
Argentina,2023-04-24,10044957.0,0.0,130472.0,41495523.0,45510324
Argentina,2023-04-25,10044957.0,0.0,130472.0,41495734.0,45510324
Argentina,2023-04-26,10044957.0,0.0,130472.0,41495959.0,45510324
Argentina,2023-04-27,10044957.0,0.0,130472.0,41496175.0,45510324
Argentina,2023-04-28,10044957.0,0.0,130472.0,41496447.0,45510324
Argentina,2023-04-29,10044957.0,0.0,130472.0,41496472.0,45510324
Argentina,2023-04-30,10044957.0,0.0,130472.0,41496482.0,45510324
Argentina,2023-05-01,10044957.0,0.0,130472.0,41496486.0,45510324
Argentina,2023-05-02,10044957.0,0.0,130472.0,41496656.0,45510324
Argentina,2023-05-03,10044957.0,0.0,130472.0,41496834.0,45510324
Argentina,2023-05-04,10044957.0,0.0,130472.0,41497040.0,45510324
Argentina,2023-05-05,10044957.0,0.0,130472.0,41497255.0,45510324
Argentina,2023-05-06,10044957.0,0.0,130472.0,41497285.0,45510324
Argentina,2023-05-07,10044957.0,0.0,130472.0,41497290.0,45510324
Argentina,2023-05-08,10044957.0,0.0,130472.0,41497483.0,45510324
Argentina,2023-05-09,10044957.0,0.0,130472.0,41497657.0,45510324
Argentina,2023-05-10,10044957.0,0.0,130472.0,41497874.0,45510324
Argentina,2023-05-11,10044957.0,0.0,130472.0,41498024.0,45510324
Argentina,2023-05-12,10044957.0,0.0,130472.0,41498250.0,45510324
Argentina,2023-05-13,10044957.0,0.0,130472.0,41498285.0,45510324
Argentina,2023-05-14,10044957.0,0.0,130472.0,41498292.0,45510324
Argentina,2023-05-15,10044957.0,0.0,130472.0,41498473.0,45510324
Argentina,2023-05-16,10044957.0,0.0,130472.0,41498669.0,45510324
Argentina,2023-05-17,10044957.0,0.0,130472.0,41498849.0,45510324
Argentina,2023-05-18,10044957.0,0.0,130472.0,41499032.0,45510324
Argentina,2023-05-19,10044957.0,0.0,130472.0,41499238.0,45510324
Argentina,2023-05-20,10044957.0,0.0,130472.0,41499268.0,45510324
Argentina,2023-05-21,10044957.0,0.0,130472.0,41499279.0,45510324
Argentina,2023-05-22,10044957.0,0.0,130472.0,41499458.0,45510324
Argentina,2023-05-23,10044957.0,0.0,130472.0,41499624.0,45510324
Argentina,2023-05-24,10044957.0,0.0,130472.0,41499770.0,45510324
Argentina,2023-05-25,10044957.0,0.0,130472.0,41499781.0,45510324
Argentina,2023-05-26,10044957.0,0.0,130472.0,41499791.0,45510324
Argentina,2023-05-27,10044957.0,0.0,130472.0,41499805.0,45510324
Argentina,2023-05-28,10044957.0,0.0,130472.0,41499805.0,45510324
Argentina,2023-05-29,10044957.0,0.0,130472.0,41499949.0,45510324
Argentina,2023-05-30,10044957.0,0.0,130472.0,41500117.0,45510324
Argentina,2023-05-31,10044957.0,0.0,130472.0,41500301.0,45510324
Argentina,2023-06-01,10044957.0,0.0,130472.0,41500472.0,45510324
Argentina,2023-06-02,10044957.0,0.0,130472.0,41500650.0,45510324
Argentina,2023-06-03,10044957.0,0.0,130472.0,41500680.0,45510324
Argentina,2023-06-04,10044957.0,0.0,130472.0,41500685.0,45510324
Argentina,2023-06-05,10044957.0,0.0,130472.0,41500837.0,45510324
Argentina,2023-06-06,10044957.0,0.0,130472.0,41501014.0,45510324
Argentina,2023-06-07,10044957.0,0.0,130472.0,41501202.0,45510324
Argentina,2023-06-08,10044957.0,0.0,130472.0,41501362.0,45510324
Argentina,2023-06-09,10044957.0,0.0,130472.0,41501540.0,45510324
Argentina,2023-06-10,10044957.0,0.0,130472.0,41501590.0,45510324
Argentina,2023-06-11,10044957.0,0.0,130472.0,41501598.0,45510324
Argentina,2023-06-12,10044957.0,0.0,130472.0,41501721.0,45510324
Argentina,2023-06-13,10044957.0,0.0,130472.0,41501840.0,45510324
Argentina,2023-06-14,10044957.0,0.0,130472.0,41501972.0,45510324
Argentina,2023-06-15,10044957.0,0.0,130472.0,41502141.0,45510324
Argentina,2023-06-16,10044957.0,0.0,130472.0,41502288.0,45510324
Argentina,2023-06-17,10044957.0,0.0,130472.0,41502299.0,45510324
Argentina,2023-06-18,10044957.0,0.0,130472.0,41502300.0,45510324
Argentina,2023-06-19,10044957.0,0.0,130472.0,41502309.0,45510324
Argentina,2023-06-20,10044957.0,0.0,130472.0,41502314.0,45510324
Argentina,2023-06-21,10044957.0,0.0,130472.0,41502441.0,45510324
Argentina,2023-06-22,10044957.0,0.0,130472.0,41502590.0,45510324
Argentina,2023-06-23,10044957.0,0.0,130472.0,41502752.0,45510324
Argentina,2023-06-24,10044957.0,0.0,130472.0,41502770.0,45510324
Argentina,2023-06-25,10044957.0,0.0,130472.0,41502772.0,45510324
Argentina,2023-06-26,10044957.0,0.0,130472.0,41502922.0,45510324
Argentina,2023-06-27,10044957.0,0.0,130472.0,41503058.0,45510324
Argentina,2023-06-28,10044957.0,0.0,130472.0,41503190.0,45510324
Argentina,2023-06-29,10044957.0,0.0,130472.0,41503352.0,45510324
Argentina,2023-06-30,10044957.0,0.0,130472.0,41503493.0,45510324
Argentina,2023-07-01,10044957.0,0.0,130472.0,41503515.0,45510324
Argentina,2023-07-02,10044957.0,0.0,130472.0,41503518.0,45510324
Argentina,2023-07-03,10044957.0,0.0,130472.0,41503656.0,45510324
Argentina,2023-07-04,10044957.0,0.0,130472.0,41503790.0,45510324
Argentina,2023-07-05,10044957.0,0.0,130472.0,41503925.0,45510324
Argentina,2023-07-06,10044957.0,0.0,130472.0,41504057.0,45510324
Argentina,2023-07-07,10044957.0,0.0,130472.0,41504143.0,45510324
Argentina,2023-07-08,10044957.0,0.0,130472.0,41504161.0,45510324
Argentina,2023-07-09,10044957.0,0.0,130472.0,41504164.0,45510324
Argentina,2023-07-10,10044957.0,0.0,130472.0,41504295.0,45510324
Argentina,2023-07-11,10044957.0,0.0,130472.0,41504422.0,45510324
Argentina,2023-07-12,10044957.0,0.0,130472.0,41504517.0,45510324
Argentina,2023-07-13,10044957.0,0.0,130472.0,41504611.0,45510324
Argentina,2023-07-14,10044957.0,0.0,130472.0,41504724.0,45510324
Argentina,2023-07-15,10044957.0,0.0,130472.0,41504736.0,45510324
Argentina,2023-07-16,10044957.0,0.0,130472.0,41504740.0,45510324
Argentina,2023-07-17,10044957.0,0.0,130472.0,41504864.0,45510324
Argentina,2023-07-18,10044957.0,0.0,130472.0,41504960.0,45510324
Argentina,2023-07-19,10044957.0,0.0,130472.0,41505072.0,45510324
Argentina,2023-07-20,10044957.0,0.0,130472.0,41505160.0,45510324
Argentina,2023-07-21,10044957.0,0.0,130472.0,41505262.0,45510324
Argentina,2023-07-22,10044957.0,0.0,130472.0,41505270.0,45510324
Argentina,2023-07-23,10044957.0,0.0,130472.0,41505281.0,45510324
Argentina,2023-07-24,10044957.0,0.0,130472.0,41505406.0,45510324
Argentina,2023-07-25,10044957.0,0.0,130472.0,41505529.0,45510324
Argentina,2023-07-26,10044957.0,0.0,130472.0,41505657.0,45510324
Argentina,2023-07-27,10044957.0,0.0,130472.0,41505775.0,45510324
Argentina,2023-07-28,10044957.0,0.0,130472.0,41505890.0,45510324
Argentina,2023-07-29,10044957.0,0.0,130472.0,41505913.0,45510324
Argentina,2023-07-30,10044957.0,0.0,130472.0,41505917.0,45510324
Argentina,2023-07-31,10044957.0,0.0,130472.0,41506053.0,45510324
Argentina,2023-08-01,10044957.0,0.0,130472.0,41506174.0,45510324
Argentina,2023-08-02,10044957.0,0.0,130472.0,41506286.0,45510324
Argentina,2023-08-03,10044957.0,0.0,130472.0,41506366.0,45510324
Argentina,2023-08-04,10044957.0,0.0,130472.0,41506485.0,45510324
Argentina,2023-08-05,10044957.0,0.0,130472.0,41506496.0,45510324
Argentina,2023-08-06,10044957.0,0.0,130472.0,41506498.0,45510324
Argentina,2023-08-07,10044957.0,0.0,130472.0,41506591.0,45510324
Argentina,2023-08-08,10044957.0,0.0,130472.0,41506681.0,45510324
Argentina,2023-08-09,10044957.0,0.0,130472.0,41506761.0,45510324
Argentina,2023-08-10,10044957.0,0.0,130472.0,41506876.0,45510324
Argentina,2023-08-11,10044957.0,0.0,130472.0,41506988.0,45510324
Argentina,2023-08-12,10044957.0,0.0,130472.0,41506997.0,45510324
Argentina,2023-08-13,10044957.0,0.0,130472.0,41506999.0,45510324
Argentina,2023-08-14,10044957.0,0.0,130472.0,41507090.0,45510324
Argentina,2023-08-15,10044957.0,0.0,130472.0,41507188.0,45510324
Argentina,2023-08-16,10044957.0,0.0,130472.0,41507284.0,45510324
Argentina,2023-08-17,10044957.0,0.0,130472.0,41507341.0,45510324
Argentina,2023-08-18,10044957.0,0.0,130472.0,41507422.0,45510324
Argentina,2023-08-19,10044957.0,0.0,130472.0,41507428.0,45510324
Argentina,2023-08-20,10044957.0,0.0,130472.0,41507429.0,45510324
Argentina,2023-08-21,10044957.0,0.0,130472.0,41507436.0,45510324
Argentina,2023-08-22,10044957.0,0.0,130472.0,41507522.0,45510324
Argentina,2023-08-23,10044957.0,0.0,130472.0,41507615.0,45510324
Argentina,2023-08-24,10044957.0,0.0,130472.0,41507734.0,45510324
Argentina,2023-08-25,10044957.0,0.0,130472.0,41507917.0,45510324
Argentina,2023-08-26,10044957.0,0.0,130472.0,41507937.0,45510324
Argentina,2023-08-27,10044957.0,0.0,130472.0,41507939.0,45510324
Argentina,2023-08-28,10044957.0,0.0,130472.0,41508051.0,45510324
Argentina,2023-08-29,10044957.0,0.0,130472.0,41508169.0,45510324
Argentina,2023-08-30,10044957.0,0.0,130472.0,41508274.0,45510324
Argentina,2023-08-31,10044957.0,0.0,130472.0,41508379.0,45510324
Argentina,2023-09-01,10044957.0,0.0,130472.0,41508493.0,45510324
Argentina,2023-09-02,10044957.0,0.0,130472.0,41508505.0,45510324
Argentina,2023-09-03,10044957.0,0.0,130472.0,41508506.0,45510324
Argentina,2023-09-04,10044957.0,0.0,130472.0,41508614.0,45510324
Argentina,2023-09-05,10044957.0,0.0,130472.0,41508762.0,45510324
Argentina,2023-09-06,10044957.0,0.0,130472.0,41508969.0,45510324
Argentina,2023-09-07,10044957.0,0.0,130472.0,41509134.0,45510324
Argentina,2023-09-08,10044957.0,0.0,130472.0,41509346.0,45510324
Argentina,2023-09-09,10044957.0,0.0,130472.0,41509367.0,45510324
Argentina,2023-09-10,10044957.0,0.0,130472.0,41509372.0,45510324
Argentina,2023-09-11,10044957.0,0.0,130472.0,41509575.0,45510324
Argentina,2023-09-12,10044957.0,0.0,130472.0,41509771.0,45510324
Argentina,2023-09-13,10044957.0,0.0,130472.0,41509965.0,45510324
Argentina,2023-09-14,10044957.0,0.0,130472.0,41510178.0,45510324
Argentina,2023-09-15,10044957.0,0.0,130472.0,41510402.0,45510324
Argentina,2023-09-16,10044957.0,0.0,130472.0,41510433.0,45510324
Argentina,2023-09-17,10044957.0,0.0,130472.0,41510440.0,45510324
Argentina,2023-09-18,10044957.0,0.0,130472.0,41510699.0,45510324
Argentina,2023-09-19,10044957.0,0.0,130472.0,41510921.0,45510324
Argentina,2023-09-20,10044957.0,0.0,130472.0,41511154.0,45510324
Argentina,2023-09-21,10044957.0,0.0,130472.0,41511414.0,45510324
Argentina,2023-09-22,10044957.0,0.0,130472.0,41511697.0,45510324
Argentina,2023-09-23,10044957.0,0.0,130472.0,41511737.0,45510324
Argentina,2023-09-24,10044957.0,0.0,130472.0,41511741.0,45510324
Argentina,2023-09-25,10044957.0,0.0,130472.0,41511953.0,45510324
Argentina,2023-09-26,10044957.0,0.0,130472.0,41512176.0,45510324
Argentina,2023-09-27,10044957.0,0.0,130472.0,41512391.0,45510324
Argentina,2023-09-28,10044957.0,0.0,130472.0,41512623.0,45510324
Argentina,2023-09-29,10044957.0,0.0,130472.0,41512952.0,45510324
Argentina,2023-09-30,10044957.0,0.0,130472.0,41512976.0,45510324
Argentina,2023-10-01,10044957.0,0.0,130472.0,41512987.0,45510324
Argentina,2023-10-02,10044957.0,0.0,130472.0,41513281.0,45510324
Argentina,2023-10-03,10044957.0,0.0,130472.0,41513497.0,45510324
Argentina,2023-10-04,10044957.0,0.0,130472.0,41513721.0,45510324
Argentina,2023-10-05,10044957.0,0.0,130472.0,41513962.0,45510324
Argentina,2023-10-06,10044957.0,0.0,130472.0,41514189.0,45510324
Argentina,2023-10-07,10044957.0,0.0,130472.0,41514197.0,45510324
Argentina,2023-10-08,10044957.0,0.0,130472.0,41514199.0,45510324
Argentina,2023-10-09,10044957.0,0.0,130472.0,41514426.0,45510324
Argentina,2023-10-10,10044957.0,0.0,130472.0,41514653.0,45510324
Argentina,2023-10-11,10044957.0,0.0,130472.0,41514889.0,45510324
Argentina,2023-10-12,10044957.0,0.0,130472.0,41515090.0,45510324
Argentina,2023-10-13,10044957.0,0.0,130472.0,41515103.0,45510324
Argentina,2023-10-14,10044957.0,0.0,130472.0,41515127.0,45510324
Argentina,2023-10-15,10044957.0,0.0,130472.0,41515130.0,45510324
Argentina,2023-10-16,10044957.0,0.0,130472.0,41515135.0,45510324
Argentina,2023-10-17,10044957.0,0.0,130472.0,41515289.0,45510324
Argentina,2023-10-18,10044957.0,0.0,130472.0,41515440.0,45510324
Argentina,2023-10-19,10044957.0,0.0,130472.0,41515597.0,45510324
Argentina,2023-10-20,10044957.0,0.0,130472.0,41515778.0,45510324
Argentina,2023-10-21,10044957.0,0.0,130472.0,41515783.0,45510324
Argentina,2023-10-22,10044957.0,0.0,130472.0,41515783.0,45510324
Argentina,2023-10-23,10044957.0,0.0,130472.0,41515922.0,45510324
Argentina,2023-10-24,10044957.0,0.0,130472.0,41516065.0,45510324
Argentina,2023-10-25,10044957.0,0.0,130472.0,41516333.0,45510324
Argentina,2023-10-26,10044957.0,0.0,130472.0,41516557.0,45510324
Argentina,2023-10-27,10044957.0,0.0,130472.0,41516814.0,45510324
Argentina,2023-10-28,10044957.0,0.0,130472.0,41516829.0,45510324
Argentina,2023-10-29,10044957.0,0.0,130472.0,41516831.0,45510324
Argentina,2023-10-30,10044957.0,0.0,130472.0,41517053.0,45510324
Argentina,2023-10-31,10044957.0,0.0,130472.0,41517285.0,45510324
Argentina,2023-11-01,10044957.0,0.0,130472.0,41517529.0,45510324
Argentina,2023-11-02,10044957.0,0.0,130472.0,41517653.0,45510324
Argentina,2023-11-03,10044957.0,0.0,130472.0,41517856.0,45510324
Argentina,2023-11-04,10044957.0,0.0,130472.0,41517882.0,45510324
Argentina,2023-11-05,10044957.0,0.0,130472.0,41517884.0,45510324
Argentina,2023-11-06,10044957.0,0.0,130472.0,41518113.0,45510324
Argentina,2023-11-07,10044957.0,0.0,130472.0,41518309.0,45510324
Argentina,2023-11-08,10044957.0,0.0,130472.0,41518524.0,45510324
Argentina,2023-11-09,10044957.0,0.0,130472.0,41518701.0,45510324
Argentina,2023-11-10,10044957.0,0.0,130472.0,41518903.0,45510324
Argentina,2023-11-11,10044957.0,0.0,130472.0,41518924.0,45510324
Argentina,2023-11-12,10044957.0,0.0,130472.0,41518926.0,45510324
Argentina,2023-11-13,10044957.0,0.0,130472.0,41519094.0,45510324
Argentina,2023-11-14,10044957.0,0.0,130472.0,41519258.0,45510324
Argentina,2023-11-15,10044957.0,0.0,130472.0,41519468.0,45510324
Argentina,2023-11-16,10044957.0,0.0,130472.0,41519671.0,45510324
Argentina,2023-11-17,10044957.0,0.0,130472.0,41519805.0,45510324
Argentina,2023-11-18,10044957.0,0.0,130472.0,41519811.0,45510324
Argentina,2023-11-19,10044957.0,0.0,130472.0,41519811.0,45510324
Argentina,2023-11-20,10044957.0,0.0,130472.0,41519813.0,45510324
Argentina,2023-11-21,10044957.0,0.0,130472.0,41519971.0,45510324
Argentina,2023-11-22,10044957.0,0.0,130472.0,41520180.0,45510324
Argentina,2023-11-23,10044957.0,0.0,130472.0,41520318.0,45510324
Argentina,2023-11-24,10044957.0,0.0,130472.0,41520495.0,45510324
Argentina,2023-11-25,10044957.0,0.0,130472.0,41520507.0,45510324
Argentina,2023-11-26,10044957.0,0.0,130472.0,41520508.0,45510324
Argentina,2023-11-27,10044957.0,0.0,130472.0,41520658.0,45510324
Argentina,2023-11-28,10044957.0,0.0,130472.0,41520825.0,45510324
Argentina,2023-11-29,10044957.0,0.0,130472.0,41521006.0,45510324
Argentina,2023-11-30,10044957.0,0.0,130472.0,41521146.0,45510324
Argentina,2023-12-01,10044957.0,0.0,130472.0,41521239.0,45510324
Argentina,2023-12-02,10044957.0,0.0,130472.0,41521254.0,45510324
Argentina,2023-12-03,10044957.0,0.0,130472.0,41521259.0,45510324
Argentina,2023-12-04,10044957.0,0.0,130472.0,41521406.0,45510324
Argentina,2023-12-05,10044957.0,0.0,130472.0,41521541.0,45510324
Argentina,2023-12-06,10044957.0,0.0,130472.0,41521682.0,45510324
Argentina,2023-12-07,10044957.0,0.0,130472.0,41521797.0,45510324
Argentina,2023-12-08,10044957.0,0.0,130472.0,41521799.0,45510324
Argentina,2023-12-09,10044957.0,0.0,130472.0,41521827.0,45510324
Argentina,2023-12-10,10044957.0,0.0,130472.0,41521827.0,45510324
Argentina,2023-12-11,10044957.0,0.0,130472.0,41521968.0,45510324
Argentina,2023-12-12,10044957.0,0.0,130472.0,41522133.0,45510324
Argentina,2023-12-13,10044957.0,0.0,130472.0,41522288.0,45510324
Argentina,2023-12-14,10044957.0,0.0,130472.0,41522451.0,45510324
Argentina,2023-12-15,10044957.0,0.0,130472.0,41522563.0,45510324
Argentina,2023-12-16,10044957.0,0.0,130472.0,41522567.0,45510324
Argentina,2023-12-17,10044957.0,0.0,130472.0,41522568.0,45510324
Argentina,2023-12-18,10044957.0,0.0,130472.0,41522700.0,45510324
Argentina,2023-12-19,10044957.0,0.0,130472.0,41522839.0,45510324
Argentina,2023-12-20,10044957.0,0.0,130472.0,41522953.0,45510324
Argentina,2023-12-21,10044957.0,0.0,130472.0,41523046.0,45510324
Argentina,2023-12-22,10044957.0,0.0,130472.0,41523124.0,45510324
Argentina,2023-12-23,10044957.0,0.0,130472.0,41523138.0,45510324
Argentina,2023-12-24,10044957.0,0.0,130472.0,41523143.0,45510324
Argentina,2023-12-25,10044957.0,0.0,130472.0,41523146.0,45510324
Argentina,2023-12-26,10044957.0,0.0,130472.0,41523202.0,45510324
Argentina,2023-12-27,10044957.0,0.0,130472.0,41523300.0,45510324
Argentina,2023-12-28,10044957.0,0.0,130472.0,41523382.0,45510324
Argentina,2023-12-29,10044957.0,0.0,130472.0,41523445.0,45510324
Argentina,2023-12-30,10044957.0,0.0,130472.0,41523450.0,45510324
Argentina,2023-12-31,10044957.0,0.0,130472.0,41523450.0,45510324
Brazil,2021-01-01,7448560.0,0.0,190488.0,,215313504
Brazil,2021-01-02,7448560.0,0.0,190488.0,,215313504
Brazil,2021-01-03,7700578.0,252018.0,195411.0,,215313504
Brazil,2021-01-04,7700578.0,0.0,195411.0,,215313504
Brazil,2021-01-05,7700578.0,0.0,195411.0,,215313504
Brazil,2021-01-06,7700578.0,0.0,195411.0,,215313504
Brazil,2021-01-07,7700578.0,0.0,195411.0,,215313504
Brazil,2021-01-08,7700578.0,0.0,195411.0,,215313504
Brazil,2021-01-09,7700578.0,0.0,195411.0,,215313504
Brazil,2021-01-10,8013708.0,313130.0,201460.0,,215313504
Brazil,2021-01-11,8013708.0,0.0,201460.0,,215313504
Brazil,2021-01-12,8013708.0,0.0,201460.0,,215313504
Brazil,2021-01-13,8013708.0,0.0,201460.0,,215313504
Brazil,2021-01-14,8013708.0,0.0,201460.0,,215313504
Brazil,2021-01-15,8013708.0,0.0,201460.0,,215313504
Brazil,2021-01-16,8013708.0,0.0,201460.0,,215313504
Brazil,2021-01-17,8393492.0,379784.0,208246.0,112.0,215313504
Brazil,2021-01-18,8393492.0,0.0,208246.0,1109.0,215313504
Brazil,2021-01-19,8393492.0,0.0,208246.0,13527.0,215313504
Brazil,2021-01-20,8393492.0,0.0,208246.0,105824.0,215313504
Brazil,2021-01-21,8393492.0,0.0,208246.0,193699.0,215313504
Brazil,2021-01-22,8393492.0,0.0,208246.0,462269.0,215313504
Brazil,2021-01-23,8393492.0,0.0,208246.0,573268.0,215313504
Brazil,2021-01-24,8753920.0,360428.0,215243.0,613954.0,215313504
Brazil,2021-01-25,8753920.0,0.0,215243.0,801759.0,215313504
Brazil,2021-01-26,8753920.0,0.0,215243.0,1045746.0,215313504
Brazil,2021-01-27,8753920.0,0.0,215243.0,1327546.0,215313504
Brazil,2021-01-28,8753920.0,0.0,215243.0,1563098.0,215313504
Brazil,2021-01-29,8753920.0,0.0,215243.0,1923813.0,215313504
Brazil,2021-01-30,8753920.0,0.0,215243.0,2046523.0,215313504
Brazil,2021-01-31,9118513.0,364593.0,222666.0,2084119.0,215313504
Brazil,2021-02-01,9118513.0,0.0,222666.0,2292551.0,215313504
Brazil,2021-02-02,9118513.0,0.0,222666.0,2521704.0,215313504
Brazil,2021-02-03,9118513.0,0.0,222666.0,2802134.0,215313504
Brazil,2021-02-04,9118513.0,0.0,222666.0,3074906.0,215313504
Brazil,2021-02-05,9118513.0,0.0,222666.0,3399421.0,215313504
Brazil,2021-02-06,9118513.0,0.0,222666.0,3534004.0,215313504
Brazil,2021-02-07,9447165.0,328652.0,230034.0,3579850.0,215313504
Brazil,2021-02-08,9447165.0,0.0,230034.0,3786591.0,215313504
Brazil,2021-02-09,9447165.0,0.0,230034.0,4069677.0,215313504
Brazil,2021-02-10,9447165.0,0.0,230034.0,4326075.0,215313504
Brazil,2021-02-11,9447165.0,0.0,230034.0,4586270.0,215313504
Brazil,2021-02-12,9447165.0,0.0,230034.0,4946738.0,215313504
Brazil,2021-02-13,9447165.0,0.0,230034.0,5042713.0,215313504
Brazil,2021-02-14,9765455.0,318290.0,237489.0,5076110.0,215313504
Brazil,2021-02-15,9765455.0,0.0,237489.0,5324317.0,215313504
Brazil,2021-02-16,9765455.0,0.0,237489.0,5326007.0,215313504
Brazil,2021-02-17,9765455.0,0.0,237489.0,5482925.0,215313504
Brazil,2021-02-18,9765455.0,0.0,237489.0,5640483.0,215313504
Brazil,2021-02-19,9765455.0,0.0,237489.0,5756361.0,215313504
Brazil,2021-02-20,9765455.0,0.0,237489.0,5817908.0,215313504
Brazil,2021-02-21,10081676.0,316221.0,244765.0,5857080.0,215313504
Brazil,2021-02-22,10081676.0,0.0,244765.0,6002873.0,215313504
Brazil,2021-02-23,10081676.0,0.0,244765.0,6116082.0,215313504
Brazil,2021-02-24,10081676.0,0.0,244765.0,6202055.0,215313504
Brazil,2021-02-25,10081676.0,0.0,244765.0,6346769.0,215313504
Brazil,2021-02-26,10081676.0,0.0,244765.0,6437836.0,215313504
Brazil,2021-02-27,10081676.0,0.0,244765.0,6518628.0,215313504
Brazil,2021-02-28,10455630.0,373954.0,252835.0,6542206.0,215313504
Brazil,2021-03-01,10455630.0,0.0,252835.0,6806293.0,215313504
Brazil,2021-03-02,10455630.0,0.0,252835.0,7114219.0,215313504
Brazil,2021-03-03,10455630.0,0.0,252835.0,7417852.0,215313504
Brazil,2021-03-04,10455630.0,0.0,252835.0,7701146.0,215313504
Brazil,2021-03-05,10455630.0,0.0,252835.0,7958939.0,215313504
Brazil,2021-03-06,10455630.0,0.0,252835.0,8142004.0,215313504
Brazil,2021-03-07,10869227.0,413597.0,262770.0,8227671.0,215313504
Brazil,2021-03-08,10869227.0,0.0,262770.0,8504966.0,215313504
Brazil,2021-03-09,10869227.0,0.0,262770.0,8764547.0,215313504
Brazil,2021-03-10,10869227.0,0.0,262770.0,9013293.0,215313504
Brazil,2021-03-11,10869227.0,0.0,262770.0,9298511.0,215313504
Brazil,2021-03-12,10869227.0,0.0,262770.0,9547655.0,215313504
Brazil,2021-03-13,10869227.0,0.0,262770.0,9669967.0,215313504
Brazil,2021-03-14,11363380.0,494153.0,275105.0,9718209.0,215313504
Brazil,2021-03-15,11363380.0,0.0,275105.0,10087787.0,215313504
Brazil,2021-03-16,11363380.0,0.0,275105.0,10402388.0,215313504
Brazil,2021-03-17,11363380.0,0.0,275105.0,10725474.0,215313504
Brazil,2021-03-18,11363380.0,0.0,275105.0,11055747.0,215313504
Brazil,2021-03-19,11363380.0,0.0,275105.0,11509501.0,215313504
Brazil,2021-03-20,11363380.0,0.0,275105.0,11739832.0,215313504
Brazil,2021-03-21,11871390.0,508010.0,290314.0,11818482.0,215313504
Brazil,2021-03-22,11871390.0,0.0,290314.0,12314847.0,215313504
Brazil,2021-03-23,11871390.0,0.0,290314.0,12817812.0,215313504
Brazil,2021-03-24,11871390.0,0.0,290314.0,13436373.0,215313504
Brazil,2021-03-25,11871390.0,0.0,290314.0,14102934.0,215313504
Brazil,2021-03-26,11871390.0,0.0,290314.0,14928869.0,215313504
Brazil,2021-03-27,11871390.0,0.0,290314.0,15282128.0,215313504
Brazil,2021-03-28,12404414.0,533024.0,307112.0,15513974.0,215313504
Brazil,2021-03-29,12404414.0,0.0,307112.0,16335279.0,215313504
Brazil,2021-03-30,12404414.0,0.0,307112.0,16995184.0,215313504
Brazil,2021-03-31,12404414.0,0.0,307112.0,17745732.0,215313504
Brazil,2021-04-01,12404414.0,0.0,307112.0,18639028.0,215313504
Brazil,2021-04-02,12404414.0,0.0,307112.0,18900837.0,215313504
Brazil,2021-04-03,12404414.0,0.0,307112.0,19222342.0,215313504
Brazil,2021-04-04,12910082.0,505668.0,328206.0,19510333.0,215313504
Brazil,2021-04-05,12910082.0,0.0,328206.0,20056296.0,215313504
Brazil,2021-04-06,12910082.0,0.0,328206.0,20850120.0,215313504
Brazil,2021-04-07,12910082.0,0.0,328206.0,21538484.0,215313504
Brazil,2021-04-08,12910082.0,0.0,328206.0,22246612.0,215313504
Brazil,2021-04-09,12910082.0,0.0,328206.0,22693305.0,215313504
Brazil,2021-04-10,12910082.0,0.0,328206.0,23097172.0,215313504
Brazil,2021-04-11,13373174.0,463092.0,348718.0,23300896.0,215313504
Brazil,2021-04-12,13373174.0,0.0,348718.0,23910515.0,215313504
Brazil,2021-04-13,13373174.0,0.0,348718.0,24473138.0,215313504
Brazil,2021-04-14,13373174.0,0.0,348718.0,24996380.0,215313504
Brazil,2021-04-15,13373174.0,0.0,348718.0,25478194.0,215313504
Brazil,2021-04-16,13373174.0,0.0,348718.0,25810304.0,215313504
Brazil,2021-04-17,13373174.0,0.0,348718.0,26085155.0,215313504
Brazil,2021-04-18,13832455.0,459281.0,368749.0,26210282.0,215313504
Brazil,2021-04-19,13832455.0,0.0,368749.0,26707227.0,215313504
Brazil,2021-04-20,13832455.0,0.0,368749.0,27184073.0,215313504
Brazil,2021-04-21,13832455.0,0.0,368749.0,27518053.0,215313504
Brazil,2021-04-22,13832455.0,0.0,368749.0,27887014.0,215313504
Brazil,2021-04-23,13832455.0,0.0,368749.0,28783905.0,215313504
Brazil,2021-04-24,13832455.0,0.0,368749.0,28981002.0,215313504
Brazil,2021-04-25,14237078.0,404623.0,386416.0,29041497.0,215313504
Brazil,2021-04-26,14237078.0,0.0,386416.0,29601947.0,215313504
Brazil,2021-04-27,14237078.0,0.0,386416.0,30275923.0,215313504
Brazil,2021-04-28,14237078.0,0.0,386416.0,30748674.0,215313504
Brazil,2021-04-29,14237078.0,0.0,386416.0,31243694.0,215313504
Brazil,2021-04-30,14237078.0,0.0,386416.0,31696792.0,215313504
Brazil,2021-05-01,14237078.0,0.0,386416.0,31830880.0,215313504
Brazil,2021-05-02,14659011.0,421933.0,403781.0,31884404.0,215313504
Brazil,2021-05-03,14659011.0,0.0,403781.0,32345310.0,215313504
Brazil,2021-05-04,14659011.0,0.0,403781.0,32896171.0,215313504
Brazil,2021-05-05,14659011.0,0.0,403781.0,33490395.0,215313504
Brazil,2021-05-06,14659011.0,0.0,403781.0,34271192.0,215313504
Brazil,2021-05-07,14659011.0,0.0,403781.0,35008550.0,215313504
Brazil,2021-05-08,14659011.0,0.0,403781.0,35253389.0,215313504
Brazil,2021-05-09,15082449.0,423438.0,419114.0,35318058.0,215313504
Brazil,2021-05-10,15082449.0,0.0,419114.0,35926219.0,215313504
Brazil,2021-05-11,15082449.0,0.0,419114.0,36523507.0,215313504
Brazil,2021-05-12,15082449.0,0.0,419114.0,37233983.0,215313504
Brazil,2021-05-13,15082449.0,0.0,419114.0,37768491.0,215313504
Brazil,2021-05-14,15082449.0,0.0,419114.0,38320507.0,215313504
Brazil,2021-05-15,15082449.0,0.0,419114.0,38570631.0,215313504
Brazil,2021-05-16,15519525.0,437076.0,432628.0,38752714.0,215313504
Brazil,2021-05-17,15519525.0,0.0,432628.0,39284275.0,215313504
Brazil,2021-05-18,15519525.0,0.0,432628.0,39891922.0,215313504
Brazil,2021-05-19,15519525.0,0.0,432628.0,40435632.0,215313504
Brazil,2021-05-20,15519525.0,0.0,432628.0,41089722.0,215313504
Brazil,2021-05-21,15519525.0,0.0,432628.0,41659039.0,215313504
Brazil,2021-05-22,15519525.0,0.0,432628.0,41882011.0,215313504
Brazil,2021-05-23,15970949.0,451424.0,446309.0,42474538.0,215313504
Brazil,2021-05-24,15970949.0,0.0,446309.0,43008064.0,215313504
Brazil,2021-05-25,15970949.0,0.0,446309.0,43525933.0,215313504
Brazil,2021-05-26,15970949.0,0.0,446309.0,44045168.0,215313504
Brazil,2021-05-27,15970949.0,0.0,446309.0,44530761.0,215313504
Brazil,2021-05-28,15970949.0,0.0,446309.0,45284397.0,215313504
Brazil,2021-05-29,15970949.0,0.0,446309.0,45604680.0,215313504
Brazil,2021-05-30,16391930.0,420981.0,459045.0,45684962.0,215313504
Brazil,2021-05-31,16391930.0,0.0,459045.0,46328168.0,215313504
Brazil,2021-06-01,16391930.0,0.0,459045.0,46932629.0,215313504
Brazil,2021-06-02,16391930.0,0.0,459045.0,47852026.0,215313504
Brazil,2021-06-03,16391930.0,0.0,459045.0,48321463.0,215313504
Brazil,2021-06-04,16391930.0,0.0,459045.0,48963900.0,215313504
Brazil,2021-06-05,16391930.0,0.0,459045.0,49491413.0,215313504
Brazil,2021-06-06,16841408.0,449478.0,470842.0,49685501.0,215313504
Brazil,2021-06-07,16841408.0,0.0,470842.0,50381104.0,215313504
Brazil,2021-06-08,16841408.0,0.0,470842.0,51502554.0,215313504
Brazil,2021-06-09,16841408.0,0.0,470842.0,52567517.0,215313504
Brazil,2021-06-10,16841408.0,0.0,470842.0,53577624.0,215313504
Brazil,2021-06-11,16841408.0,0.0,470842.0,54685737.0,215313504
Brazil,2021-06-12,16841408.0,0.0,470842.0,55292343.0,215313504
Brazil,2021-06-13,17296118.0,454710.0,484235.0,55617274.0,215313504
Brazil,2021-06-14,17296118.0,0.0,484235.0,56657381.0,215313504
Brazil,2021-06-15,17296118.0,0.0,484235.0,57910386.0,215313504
Brazil,2021-06-16,17296118.0,0.0,484235.0,59068483.0,215313504
Brazil,2021-06-17,17296118.0,0.0,484235.0,61187304.0,215313504
Brazil,2021-06-18,17296118.0,0.0,484235.0,62785859.0,215313504
Brazil,2021-06-19,17296118.0,0.0,484235.0,63659153.0,215313504
Brazil,2021-06-20,17801462.0,505344.0,498499.0,64099339.0,215313504
Brazil,2021-06-21,17801462.0,0.0,498499.0,65421825.0,215313504
Brazil,2021-06-22,17801462.0,0.0,498499.0,66688623.0,215313504
Brazil,2021-06-23,17801462.0,0.0,498499.0,67890907.0,215313504
Brazil,2021-06-24,17801462.0,0.0,498499.0,69113521.0,215313504
Brazil,2021-06-25,17801462.0,0.0,498499.0,70369603.0,215313504
Brazil,2021-06-26,17801462.0,0.0,498499.0,71090361.0,215313504
Brazil,2021-06-27,18322760.0,521298.0,511142.0,71319026.0,215313504
Brazil,2021-06-28,18322760.0,0.0,511142.0,72324820.0,215313504
Brazil,2021-06-29,18322760.0,0.0,511142.0,73943650.0,215313504
Brazil,2021-06-30,18322760.0,0.0,511142.0,75097273.0,215313504
Brazil,2021-07-01,18322760.0,0.0,511142.0,76284848.0,215313504
Brazil,2021-07-02,18322760.0,0.0,511142.0,77586349.0,215313504
Brazil,2021-07-03,18322760.0,0.0,511142.0,78210253.0,215313504
Brazil,2021-07-04,18687469.0,364709.0,521952.0,78512727.0,215313504
Brazil,2021-07-05,18687469.0,0.0,521952.0,79835457.0,215313504
Brazil,2021-07-06,18687469.0,0.0,521952.0,81152984.0,215313504
Brazil,2021-07-07,18687469.0,0.0,521952.0,82649595.0,215313504
Brazil,2021-07-08,18687469.0,0.0,521952.0,83948802.0,215313504
Brazil,2021-07-09,18687469.0,0.0,521952.0,85166293.0,215313504
Brazil,2021-07-10,18687469.0,0.0,521952.0,85922323.0,215313504
Brazil,2021-07-11,19020499.0,333030.0,531688.0,86272249.0,215313504
Brazil,2021-07-12,19020499.0,0.0,531688.0,87264587.0,215313504
Brazil,2021-07-13,19020499.0,0.0,531688.0,88385719.0,215313504
Brazil,2021-07-14,19020499.0,0.0,531688.0,89449394.0,215313504
Brazil,2021-07-15,19020499.0,0.0,531688.0,90743692.0,215313504
Brazil,2021-07-16,19020499.0,0.0,531688.0,91739486.0,215313504
Brazil,2021-07-17,19020499.0,0.0,531688.0,92434146.0,215313504
Brazil,2021-07-18,19308109.0,287610.0,540398.0,92630599.0,215313504
Brazil,2021-07-19,19308109.0,0.0,540398.0,93786760.0,215313504
Brazil,2021-07-20,19308109.0,0.0,540398.0,95101845.0,215313504
Brazil,2021-07-21,19308109.0,0.0,540398.0,96304601.0,215313504
Brazil,2021-07-22,19308109.0,0.0,540398.0,97428671.0,215313504
Brazil,2021-07-23,19308109.0,0.0,540398.0,98712936.0,215313504
Brazil,2021-07-24,19308109.0,0.0,540398.0,99391757.0,215313504
Brazil,2021-07-25,19632443.0,324334.0,548340.0,99610570.0,215313504
Brazil,2021-07-26,19632443.0,0.0,548340.0,100522817.0,215313504
Brazil,2021-07-27,19632443.0,0.0,548340.0,101528055.0,215313504
Brazil,2021-07-28,19632443.0,0.0,548340.0,102535345.0,215313504
Brazil,2021-07-29,19632443.0,0.0,548340.0,103363365.0,215313504
Brazil,2021-07-30,19632443.0,0.0,548340.0,104477597.0,215313504
Brazil,2021-07-31,19632443.0,0.0,548340.0,105083580.0,215313504
Brazil,2021-08-01,19880273.0,247830.0,555460.0,105292650.0,215313504
Brazil,2021-08-02,19880273.0,0.0,555460.0,105934725.0,215313504
Brazil,2021-08-03,19880273.0,0.0,555460.0,107137953.0,215313504
Brazil,2021-08-04,19880273.0,0.0,555460.0,108658469.0,215313504
Brazil,2021-08-05,19880273.0,0.0,555460.0,109745651.0,215313504
Brazil,2021-08-06,19880273.0,0.0,555460.0,110841845.0,215313504
Brazil,2021-08-07,19880273.0,0.0,555460.0,111342715.0,215313504
Brazil,2021-08-08,20108746.0,228473.0,561762.0,111566720.0,215313504
Brazil,2021-08-09,20108746.0,0.0,561762.0,112476618.0,215313504
Brazil,2021-08-10,20108746.0,0.0,561762.0,113880889.0,215313504
Brazil,2021-08-11,20108746.0,0.0,561762.0,115251518.0,215313504
Brazil,2021-08-12,20108746.0,0.0,561762.0,116780678.0,215313504
Brazil,2021-08-13,20108746.0,0.0,561762.0,118175020.0,215313504
Brazil,2021-08-14,20108746.0,0.0,561762.0,119132205.0,215313504
Brazil,2021-08-15,20319000.0,210254.0,567862.0,119504650.0,215313504
Brazil,2021-08-16,20319000.0,0.0,567862.0,120686544.0,215313504
Brazil,2021-08-17,20319000.0,0.0,567862.0,122541955.0,215313504
Brazil,2021-08-18,20319000.0,0.0,567862.0,123678883.0,215313504
Brazil,2021-08-19,20319000.0,0.0,567862.0,125160916.0,215313504
Brazil,2021-08-20,20319000.0,0.0,567862.0,126384146.0,215313504
Brazil,2021-08-21,20319000.0,0.0,567862.0,127168248.0,215313504
Brazil,2021-08-22,20528099.0,209099.0,573511.0,127600937.0,215313504
Brazil,2021-08-23,20528099.0,0.0,573511.0,128859272.0,215313504
Brazil,2021-08-24,20528099.0,0.0,573511.0,130267899.0,215313504
Brazil,2021-08-25,20528099.0,0.0,573511.0,131489509.0,215313504
Brazil,2021-08-26,20528099.0,0.0,573511.0,131918133.0,215313504
Brazil,2021-08-27,20528099.0,0.0,573511.0,132939921.0,215313504
Brazil,2021-08-28,20528099.0,0.0,573511.0,133608741.0,215313504
Brazil,2021-08-29,20703906.0,175807.0,578326.0,133947333.0,215313504
Brazil,2021-08-30,20703906.0,0.0,578326.0,134777145.0,215313504
Brazil,2021-08-31,20703906.0,0.0,578326.0,136127045.0,215313504
Brazil,2021-09-01,20703906.0,0.0,578326.0,137067385.0,215313504
Brazil,2021-09-02,20703906.0,0.0,578326.0,137897705.0,215313504
Brazil,2021-09-03,20703906.0,0.0,578326.0,138653061.0,215313504
Brazil,2021-09-04,20703906.0,0.0,578326.0,139039441.0,215313504
Brazil,2021-09-05,20856060.0,152154.0,582670.0,139210778.0,215313504
Brazil,2021-09-06,20856060.0,0.0,582670.0,139985523.0,215313504
Brazil,2021-09-07,20856060.0,0.0,582670.0,140218809.0,215313504
Brazil,2021-09-08,20856060.0,0.0,582670.0,140820674.0,215313504
Brazil,2021-09-09,20856060.0,0.0,582670.0,141565747.0,215313504
Brazil,2021-09-10,20856060.0,0.0,582670.0,142382292.0,215313504
Brazil,2021-09-11,20856060.0,0.0,582670.0,142798088.0,215313504
Brazil,2021-09-12,20974850.0,118790.0,585846.0,142983971.0,215313504
Brazil,2021-09-13,20974850.0,0.0,585846.0,143433748.0,215313504
Brazil,2021-09-14,20974850.0,0.0,585846.0,144100429.0,215313504
Brazil,2021-09-15,20974850.0,0.0,585846.0,144761529.0,215313504
Brazil,2021-09-16,20974850.0,0.0,585846.0,145238112.0,215313504
Brazil,2021-09-17,20974850.0,0.0,585846.0,146000277.0,215313504
Brazil,2021-09-18,20974850.0,0.0,585846.0,146371189.0,215313504
Brazil,2021-09-19,21080219.0,105369.0,589573.0,146553215.0,215313504
Brazil,2021-09-20,21080219.0,0.0,589573.0,146923305.0,215313504
Brazil,2021-09-21,21080219.0,0.0,589573.0,147473077.0,215313504
Brazil,2021-09-22,21080219.0,0.0,589573.0,147966925.0,215313504
Brazil,2021-09-23,21080219.0,0.0,589573.0,148510818.0,215313504
Brazil,2021-09-24,21080219.0,0.0,589573.0,148994474.0,215313504
Brazil,2021-09-25,21080219.0,0.0,589573.0,149386359.0,215313504
Brazil,2021-09-26,21327616.0,247397.0,593663.0,149565073.0,215313504
Brazil,2021-09-27,21327616.0,0.0,593663.0,149871708.0,215313504
Brazil,2021-09-28,21327616.0,0.0,593663.0,150382518.0,215313504
Brazil,2021-09-29,21327616.0,0.0,593663.0,150881737.0,215313504
Brazil,2021-09-30,21327616.0,0.0,593663.0,151420924.0,215313504
Brazil,2021-10-01,21327616.0,0.0,593663.0,151901209.0,215313504
Brazil,2021-10-02,21327616.0,0.0,593663.0,152166987.0,215313504
Brazil,2021-10-03,21445651.0,118035.0,597225.0,152277364.0,215313504
Brazil,2021-10-04,21445651.0,0.0,597225.0,152519888.0,215313504
Brazil,2021-10-05,21445651.0,0.0,597225.0,152926450.0,215313504
Brazil,2021-10-06,21445651.0,0.0,597225.0,153310124.0,215313504
Brazil,2021-10-07,21445651.0,0.0,597225.0,153699490.0,215313504
Brazil,2021-10-08,21445651.0,0.0,597225.0,154010913.0,215313504
Brazil,2021-10-09,21445651.0,0.0,597225.0,154181567.0,215313504
Brazil,2021-10-10,21550730.0,105079.0,600425.0,154292724.0,215313504
Brazil,2021-10-11,21550730.0,0.0,600425.0,154580496.0,215313504
Brazil,2021-10-12,21550730.0,0.0,600425.0,154693150.0,215313504
Brazil,2021-10-13,21550730.0,0.0,600425.0,154798792.0,215313504
Brazil,2021-10-14,21550730.0,0.0,600425.0,155526988.0,215313504
Brazil,2021-10-15,21550730.0,0.0,600425.0,156015804.0,215313504
Brazil,2021-10-16,21550730.0,0.0,600425.0,156313972.0,215313504
Brazil,2021-10-17,21627476.0,76746.0,602669.0,156420266.0,215313504
Brazil,2021-10-18,21627476.0,0.0,602669.0,156558619.0,215313504
Brazil,2021-10-19,21627476.0,0.0,602669.0,156892317.0,215313504
Brazil,2021-10-20,21627476.0,0.0,602669.0,157322792.0,215313504
Brazil,2021-10-21,21627476.0,0.0,602669.0,157475037.0,215313504
Brazil,2021-10-22,21627476.0,0.0,602669.0,157679997.0,215313504
Brazil,2021-10-23,21627476.0,0.0,602669.0,157810514.0,215313504
Brazil,2021-10-24,21711843.0,84367.0,605139.0,157986323.0,215313504
Brazil,2021-10-25,21711843.0,0.0,605139.0,158281322.0,215313504
Brazil,2021-10-26,21711843.0,0.0,605139.0,158619663.0,215313504
Brazil,2021-10-27,21711843.0,0.0,605139.0,158890656.0,215313504
Brazil,2021-10-28,21711843.0,0.0,605139.0,159171324.0,215313504
Brazil,2021-10-29,21711843.0,0.0,605139.0,159412919.0,215313504
Brazil,2021-10-30,21711843.0,0.0,605139.0,159518249.0,215313504
Brazil,2021-10-31,21793401.0,81558.0,607462.0,159589151.0,215313504
Brazil,2021-11-01,21793401.0,0.0,607462.0,159631476.0,215313504
Brazil,2021-11-02,21793401.0,0.0,607462.0,159667965.0,215313504
Brazil,2021-11-03,21793401.0,0.0,607462.0,159792323.0,215313504
Brazil,2021-11-04,21793401.0,0.0,607462.0,160056071.0,215313504
Brazil,2021-11-05,21793401.0,0.0,607462.0,160333906.0,215313504
Brazil,2021-11-06,21793401.0,0.0,607462.0,160423951.0,215313504
Brazil,2021-11-07,21862458.0,69057.0,609060.0,160707880.0,215313504
Brazil,2021-11-08,21862458.0,0.0,609060.0,160971992.0,215313504
Brazil,2021-11-09,21862458.0,0.0,609060.0,161179478.0,215313504
Brazil,2021-11-10,21862458.0,0.0,609060.0,161412780.0,215313504
Brazil,2021-11-11,21862458.0,0.0,609060.0,161690791.0,215313504
Brazil,2021-11-12,21862458.0,0.0,609060.0,161743151.0,215313504
Brazil,2021-11-13,21862458.0,0.0,609060.0,161814220.0,215313504
Brazil,2021-11-14,21939196.0,76738.0,610491.0,161908494.0,215313504
Brazil,2021-11-15,21939196.0,0.0,610491.0,161973124.0,215313504
Brazil,2021-11-16,21939196.0,0.0,610491.0,162028086.0,215313504
Brazil,2021-11-17,21939196.0,0.0,610491.0,162257537.0,215313504
Brazil,2021-11-18,21939196.0,0.0,610491.0,162397679.0,215313504
Brazil,2021-11-19,21939196.0,0.0,610491.0,162554502.0,215313504
Brazil,2021-11-20,21939196.0,0.0,610491.0,162688776.0,215313504
Brazil,2021-11-21,22003317.0,64121.0,612370.0,162812584.0,215313504
Brazil,2021-11-22,22003317.0,0.0,612370.0,162957786.0,215313504
Brazil,2021-11-23,22003317.0,0.0,612370.0,163108526.0,215313504
Brazil,2021-11-24,22003317.0,0.0,612370.0,163216460.0,215313504
Brazil,2021-11-25,22003317.0,0.0,612370.0,163342820.0,215313504
Brazil,2021-11-26,22003317.0,0.0,612370.0,163546806.0,215313504
Brazil,2021-11-27,22003317.0,0.0,612370.0,163607249.0,215313504
Brazil,2021-11-28,22067630.0,64313.0,613957.0,163684746.0,215313504
Brazil,2021-11-29,22067630.0,0.0,613957.0,163706613.0,215313504
Brazil,2021-11-30,22067630.0,0.0,613957.0,163926497.0,215313504
Brazil,2021-12-01,22067630.0,0.0,613957.0,164159539.0,215313504
Brazil,2021-12-02,22067630.0,0.0,613957.0,164290464.0,215313504
Brazil,2021-12-03,22067630.0,0.0,613957.0,164457496.0,215313504
Brazil,2021-12-04,22067630.0,0.0,613957.0,164543599.0,215313504
Brazil,2021-12-05,22129409.0,61779.0,615400.0,164589731.0,215313504
Brazil,2021-12-06,22129409.0,0.0,615400.0,164604790.0,215313504
Brazil,2021-12-07,22129409.0,0.0,615400.0,164711745.0,215313504
Brazil,2021-12-08,22129409.0,0.0,615400.0,164800426.0,215313504
Brazil,2021-12-09,22129409.0,0.0,615400.0,164914808.0,215313504
Brazil,2021-12-10,22129409.0,0.0,615400.0,,215313504
Brazil,2021-12-11,22129409.0,0.0,615400.0,,215313504
Brazil,2021-12-12,22184824.0,55415.0,616691.0,,215313504
Brazil,2021-12-13,22184824.0,0.0,616691.0,,215313504
Brazil,2021-12-14,22184824.0,0.0,616691.0,164933940.0,215313504
Brazil,2021-12-15,22184824.0,0.0,616691.0,165135181.0,215313504
Brazil,2021-12-16,22184824.0,0.0,616691.0,165279022.0,215313504
Brazil,2021-12-17,22184824.0,0.0,616691.0,165393977.0,215313504
Brazil,2021-12-18,22184824.0,0.0,616691.0,165409165.0,215313504
Brazil,2021-12-19,22209020.0,24196.0,617601.0,165417886.0,215313504
Brazil,2021-12-20,22209020.0,0.0,617601.0,165471288.0,215313504
Brazil,2021-12-21,22209020.0,0.0,617601.0,165554570.0,215313504
Brazil,2021-12-22,22209020.0,0.0,617601.0,165836442.0,215313504
Brazil,2021-12-23,22209020.0,0.0,617601.0,165894312.0,215313504
Brazil,2021-12-24,22209020.0,0.0,617601.0,,215313504
Brazil,2021-12-25,22209020.0,0.0,617601.0,,215313504
Brazil,2021-12-26,22230737.0,21717.0,618392.0,,215313504
Brazil,2021-12-27,22230737.0,0.0,618392.0,165952037.0,215313504
Brazil,2021-12-28,22230737.0,0.0,618392.0,166062249.0,215313504
Brazil,2021-12-29,22230737.0,0.0,618392.0,166143380.0,215313504
Brazil,2021-12-30,22230737.0,0.0,618392.0,166185628.0,215313504
Brazil,2021-12-31,22230737.0,0.0,618392.0,166195505.0,215313504
Brazil,2022-01-01,22230737.0,0.0,618392.0,166199307.0,215313504
Brazil,2022-01-02,22287521.0,56784.0,619056.0,166206716.0,215313504
Brazil,2022-01-03,22287521.0,0.0,619056.0,166320650.0,215313504
Brazil,2022-01-04,22287521.0,0.0,619056.0,166426973.0,215313504
Brazil,2022-01-05,22287521.0,0.0,619056.0,166475764.0,215313504
Brazil,2022-01-06,22287521.0,0.0,619056.0,,215313504
Brazil,2022-01-07,22287521.0,0.0,619056.0,,215313504
Brazil,2022-01-08,22287521.0,0.0,619056.0,,215313504
Brazil,2022-01-09,22450222.0,162701.0,619822.0,166618516.0,215313504
Brazil,2022-01-10,22450222.0,0.0,619822.0,166713275.0,215313504
Brazil,2022-01-11,22450222.0,0.0,619822.0,166769657.0,215313504
Brazil,2022-01-12,22450222.0,0.0,619822.0,166772188.0,215313504
Brazil,2022-01-13,22450222.0,0.0,619822.0,166833338.0,215313504
Brazil,2022-01-14,22450222.0,0.0,619822.0,166870347.0,215313504
Brazil,2022-01-15,22450222.0,0.0,619822.0,166909237.0,215313504
Brazil,2022-01-16,22927203.0,476981.0,620796.0,167093156.0,215313504
Brazil,2022-01-17,22927203.0,0.0,620796.0,167330250.0,215313504
Brazil,2022-01-18,22927203.0,0.0,620796.0,167385859.0,215313504
Brazil,2022-01-19,22927203.0,0.0,620796.0,167547304.0,215313504
Brazil,2022-01-20,22927203.0,0.0,620796.0,167751970.0,215313504
Brazil,2022-01-21,22927203.0,0.0,620796.0,167875050.0,215313504
Brazil,2022-01-22,22927203.0,0.0,620796.0,168014778.0,215313504
Brazil,2022-01-23,23751782.0,824579.0,622563.0,168090877.0,215313504
Brazil,2022-01-24,23751782.0,0.0,622563.0,168341120.0,215313504
Brazil,2022-01-25,23751782.0,0.0,622563.0,168546490.0,215313504
Brazil,2022-01-26,23751782.0,0.0,622563.0,168921071.0,215313504
Brazil,2022-01-27,23751782.0,0.0,622563.0,169261105.0,215313504
Brazil,2022-01-28,23751782.0,0.0,622563.0,169619416.0,215313504
Brazil,2022-01-29,23751782.0,0.0,622563.0,169825847.0,215313504
Brazil,2022-01-30,25034806.0,1283024.0,625884.0,169865538.0,215313504
Brazil,2022-01-31,25034806.0,0.0,625884.0,170322125.0,215313504
Brazil,2022-02-01,25034806.0,0.0,625884.0,170599221.0,215313504
Brazil,2022-02-02,25034806.0,0.0,625884.0,170911850.0,215313504
Brazil,2022-02-03,25034806.0,0.0,625884.0,171219037.0,215313504
Brazil,2022-02-04,25034806.0,0.0,625884.0,171783306.0,215313504
Brazil,2022-02-05,25034806.0,0.0,625884.0,172107474.0,215313504
Brazil,2022-02-06,26275831.0,1241025.0,630494.0,172186641.0,215313504
Brazil,2022-02-07,26275831.0,0.0,630494.0,172652514.0,215313504
Brazil,2022-02-08,26275831.0,0.0,630494.0,172885945.0,215313504
Brazil,2022-02-09,26275831.0,0.0,630494.0,172995877.0,215313504
Brazil,2022-02-10,26275831.0,0.0,630494.0,173402815.0,215313504
Brazil,2022-02-11,26275831.0,0.0,630494.0,173901090.0,215313504
Brazil,2022-02-12,26275831.0,0.0,630494.0,174117725.0,215313504
Brazil,2022-02-13,27285509.0,1009678.0,637152.0,174214439.0,215313504
Brazil,2022-02-14,27285509.0,0.0,637152.0,174420792.0,215313504
Brazil,2022-02-15,27285509.0,0.0,637152.0,174665423.0,215313504
Brazil,2022-02-16,27285509.0,0.0,637152.0,174949012.0,215313504
Brazil,2022-02-17,27285509.0,0.0,637152.0,175209007.0,215313504
Brazil,2022-02-18,27285509.0,0.0,637152.0,175933938.0,215313504
Brazil,2022-02-19,27285509.0,0.0,637152.0,176141497.0,215313504
Brazil,2022-02-20,28058862.0,773353.0,643029.0,176222268.0,215313504
Brazil,2022-02-21,28058862.0,0.0,643029.0,176406587.0,215313504
Brazil,2022-02-22,28058862.0,0.0,643029.0,176625569.0,215313504
Brazil,2022-02-23,28058862.0,0.0,643029.0,176920320.0,215313504
Brazil,2022-02-24,28058862.0,0.0,643029.0,177174489.0,215313504
Brazil,2022-02-25,28058862.0,0.0,643029.0,177448925.0,215313504
Brazil,2022-02-26,28058862.0,0.0,643029.0,177544796.0,215313504
Brazil,2022-02-27,28578647.0,519785.0,647390.0,177579708.0,215313504
Brazil,2022-02-28,28578647.0,0.0,647390.0,177742258.0,215313504
Brazil,2022-03-01,28578647.0,0.0,647390.0,177836868.0,215313504
Brazil,2022-03-02,28578647.0,0.0,647390.0,,215313504
Brazil,2022-03-03,28578647.0,0.0,647390.0,177987744.0,215313504
Brazil,2022-03-04,28578647.0,0.0,647390.0,178113009.0,215313504
Brazil,2022-03-05,28578647.0,0.0,647390.0,178203894.0,215313504
Brazil,2022-03-06,28973799.0,395152.0,651255.0,178245534.0,215313504
Brazil,2022-03-07,28973799.0,0.0,651255.0,178366451.0,215313504
Brazil,2022-03-08,28973799.0,0.0,651255.0,178486274.0,215313504
Brazil,2022-03-09,28973799.0,0.0,651255.0,178657742.0,215313504
Brazil,2022-03-10,28973799.0,0.0,651255.0,179288492.0,215313504
Brazil,2022-03-11,28973799.0,0.0,651255.0,179411783.0,215313504
Brazil,2022-03-12,28973799.0,0.0,651255.0,179715577.0,215313504
Brazil,2022-03-13,29305114.0,331315.0,654556.0,179754579.0,215313504
Brazil,2022-03-14,29305114.0,0.0,654556.0,179853602.0,215313504
Brazil,2022-03-15,29305114.0,0.0,654556.0,179913614.0,215313504
Brazil,2022-03-16,29305114.0,0.0,654556.0,180005705.0,215313504
Brazil,2022-03-17,29305114.0,0.0,654556.0,180093699.0,215313504
Brazil,2022-03-18,29305114.0,0.0,654556.0,180265232.0,215313504
Brazil,2022-03-19,29305114.0,0.0,654556.0,180341198.0,215313504
Brazil,2022-03-20,29573112.0,267998.0,656798.0,180360121.0,215313504
Brazil,2022-03-21,29573112.0,0.0,656798.0,180469257.0,215313504
Brazil,2022-03-22,29573112.0,0.0,656798.0,180523619.0,215313504
Brazil,2022-03-23,29573112.0,0.0,656798.0,180592464.0,215313504
Brazil,2022-03-24,29573112.0,0.0,656798.0,180653782.0,215313504
Brazil,2022-03-25,29573112.0,0.0,656798.0,180726798.0,215313504
Brazil,2022-03-26,29573112.0,0.0,656798.0,180757995.0,215313504
Brazil,2022-03-27,29802257.0,229145.0,658566.0,180800024.0,215313504
Brazil,2022-03-28,29802257.0,0.0,658566.0,180881628.0,215313504
Brazil,2022-03-29,29802257.0,0.0,658566.0,181078067.0,215313504
Brazil,2022-03-30,29802257.0,0.0,658566.0,181174361.0,215313504
Brazil,2022-03-31,29802257.0,0.0,658566.0,181233281.0,215313504
Brazil,2022-04-01,29802257.0,0.0,658566.0,,215313504
Brazil,2022-04-02,29802257.0,0.0,658566.0,,215313504
Brazil,2022-04-03,29975165.0,172908.0,660002.0,181342972.0,215313504
Brazil,2022-04-04,29975165.0,0.0,660002.0,181374540.0,215313504
Brazil,2022-04-05,29975165.0,0.0,660002.0,181451944.0,215313504
Brazil,2022-04-06,29975165.0,0.0,660002.0,181544315.0,215313504
Brazil,2022-04-07,29975165.0,0.0,660002.0,181596648.0,215313504
Brazil,2022-04-08,29975165.0,0.0,660002.0,181652995.0,215313504
Brazil,2022-04-09,29975165.0,0.0,660002.0,181687021.0,215313504
Brazil,2022-04-10,30123963.0,148798.0,661122.0,181702093.0,215313504
Brazil,2022-04-11,30123963.0,0.0,661122.0,181755180.0,215313504
Brazil,2022-04-12,30123963.0,0.0,661122.0,181810164.0,215313504
Brazil,2022-04-13,30123963.0,0.0,661122.0,181841381.0,215313504
Brazil,2022-04-14,30123963.0,0.0,661122.0,181894974.0,215313504
Brazil,2022-04-15,30123963.0,0.0,661122.0,,215313504
Brazil,2022-04-16,30123963.0,0.0,661122.0,,215313504
Brazil,2022-04-17,30247302.0,123339.0,661907.0,181975535.0,215313504
Brazil,2022-04-18,30247302.0,0.0,661907.0,182010643.0,215313504
Brazil,2022-04-19,30247302.0,0.0,661907.0,182287352.0,215313504
Brazil,2022-04-20,30247302.0,0.0,661907.0,182324186.0,215313504
Brazil,2022-04-21,30247302.0,0.0,661907.0,182365678.0,215313504
Brazil,2022-04-22,30247302.0,0.0,661907.0,,215313504
Brazil,2022-04-23,30247302.0,0.0,661907.0,182395741.0,215313504
Brazil,2022-04-24,30338697.0,91395.0,662557.0,182395817.0,215313504
Brazil,2022-04-25,30338697.0,0.0,662557.0,182426996.0,215313504
Brazil,2022-04-26,30338697.0,0.0,662557.0,182455170.0,215313504
Brazil,2022-04-27,30338697.0,0.0,662557.0,182519774.0,215313504
Brazil,2022-04-28,30338697.0,0.0,662557.0,182563727.0,215313504
Brazil,2022-04-29,30338697.0,0.0,662557.0,182599066.0,215313504
Brazil,2022-04-30,30338697.0,0.0,662557.0,,215313504
Brazil,2022-05-01,30433042.0,94345.0,663410.0,182623313.0,215313504
Brazil,2022-05-02,30433042.0,0.0,663410.0,182665767.0,215313504
Brazil,2022-05-03,30433042.0,0.0,663410.0,182707626.0,215313504
Brazil,2022-05-04,30433042.0,0.0,663410.0,182778371.0,215313504
Brazil,2022-05-05,30433042.0,0.0,663410.0,182800351.0,215313504
Brazil,2022-05-06,30433042.0,0.0,663410.0,182850462.0,215313504
Brazil,2022-05-07,30433042.0,0.0,663410.0,182860122.0,215313504
Brazil,2022-05-08,30543908.0,110866.0,664091.0,182871051.0,215313504
Brazil,2022-05-09,30543908.0,0.0,664091.0,182895357.0,215313504
Brazil,2022-05-10,30543908.0,0.0,664091.0,182912971.0,215313504
Brazil,2022-05-11,30543908.0,0.0,664091.0,183059675.0,215313504
Brazil,2022-05-12,30543908.0,0.0,664091.0,183119662.0,215313504
Brazil,2022-05-13,30543908.0,0.0,664091.0,183131850.0,215313504
Brazil,2022-05-14,30543908.0,0.0,664091.0,183134052.0,215313504
Brazil,2022-05-15,30664739.0,120831.0,664780.0,183135100.0,215313504
Brazil,2022-05-16,30664739.0,0.0,664780.0,183142928.0,215313504
Brazil,2022-05-17,30664739.0,0.0,664780.0,,215313504
Brazil,2022-05-18,30664739.0,0.0,664780.0,183205522.0,215313504
Brazil,2022-05-19,30664739.0,0.0,664780.0,183241820.0,215313504
Brazil,2022-05-20,30664739.0,0.0,664780.0,183251237.0,215313504
Brazil,2022-05-21,30664739.0,0.0,664780.0,183256110.0,215313504
Brazil,2022-05-22,30762413.0,97674.0,665493.0,,215313504
Brazil,2022-05-23,30762413.0,0.0,665493.0,,215313504
Brazil,2022-05-24,30762413.0,0.0,665493.0,,215313504
Brazil,2022-05-25,30762413.0,0.0,665493.0,,215313504
Brazil,2022-05-26,30762413.0,0.0,665493.0,183699529.0,215313504
Brazil,2022-05-27,30762413.0,0.0,665493.0,183815081.0,215313504
Brazil,2022-05-28,30762413.0,0.0,665493.0,183853208.0,215313504
Brazil,2022-05-29,30921145.0,158732.0,666319.0,183859105.0,215313504
Brazil,2022-05-30,30921145.0,0.0,666319.0,183885189.0,215313504
Brazil,2022-05-31,30921145.0,0.0,666319.0,183894671.0,215313504
Brazil,2022-06-01,30921145.0,0.0,666319.0,183925335.0,215313504
Brazil,2022-06-02,30921145.0,0.0,666319.0,,215313504
Brazil,2022-06-03,30921145.0,0.0,666319.0,184018923.0,215313504
Brazil,2022-06-04,30921145.0,0.0,666319.0,184062381.0,215313504
Brazil,2022-06-05,31137479.0,216334.0,666971.0,184077691.0,215313504
Brazil,2022-06-06,31137479.0,0.0,666971.0,184091855.0,215313504
Brazil,2022-06-07,31137479.0,0.0,666971.0,184130468.0,215313504
Brazil,2022-06-08,31137479.0,0.0,666971.0,184150383.0,215313504
Brazil,2022-06-09,31137479.0,0.0,666971.0,184254911.0,215313504
Brazil,2022-06-10,31137479.0,0.0,666971.0,,215313504
Brazil,2022-06-11,31137479.0,0.0,666971.0,184281808.0,215313504
Brazil,2022-06-12,31417341.0,279862.0,667960.0,184286899.0,215313504
Brazil,2022-06-13,31417341.0,0.0,667960.0,184298439.0,215313504
Brazil,2022-06-14,31417341.0,0.0,667960.0,184321008.0,215313504
Brazil,2022-06-15,31417341.0,0.0,667960.0,184337124.0,215313504
Brazil,2022-06-16,31417341.0,0.0,667960.0,184418250.0,215313504
Brazil,2022-06-17,31417341.0,0.0,667960.0,184424410.0,215313504
Brazil,2022-06-18,31417341.0,0.0,667960.0,184431840.0,215313504
Brazil,2022-06-19,31673375.0,256034.0,668916.0,184433745.0,215313504
Brazil,2022-06-20,31673375.0,0.0,668916.0,184456417.0,215313504
Brazil,2022-06-21,31673375.0,0.0,668916.0,184483215.0,215313504
Brazil,2022-06-22,31673375.0,0.0,668916.0,184509247.0,215313504
Brazil,2022-06-23,31673375.0,0.0,668916.0,184537975.0,215313504
Brazil,2022-06-24,31673375.0,0.0,668916.0,184552936.0,215313504
Brazil,2022-06-25,31673375.0,0.0,668916.0,184554559.0,215313504
Brazil,2022-06-26,32023166.0,349791.0,670229.0,184557755.0,215313504
Brazil,2022-06-27,32023166.0,0.0,670229.0,184574635.0,215313504
Brazil,2022-06-28,32023166.0,0.0,670229.0,,215313504
Brazil,2022-06-29,32023166.0,0.0,670229.0,184662547.0,215313504
Brazil,2022-06-30,32023166.0,0.0,670229.0,184682893.0,215313504
Brazil,2022-07-01,32023166.0,0.0,670229.0,184737131.0,215313504
Brazil,2022-07-02,32023166.0,0.0,670229.0,184748472.0,215313504
Brazil,2022-07-03,32434063.0,410897.0,671700.0,184764593.0,215313504
Brazil,2022-07-04,32434063.0,0.0,671700.0,184786423.0,215313504
Brazil,2022-07-05,32434063.0,0.0,671700.0,184808029.0,215313504
Brazil,2022-07-06,32434063.0,0.0,671700.0,,215313504
Brazil,2022-07-07,32434063.0,0.0,671700.0,184864012.0,215313504
Brazil,2022-07-08,32434063.0,0.0,671700.0,,215313504
Brazil,2022-07-09,32434063.0,0.0,671700.0,184886392.0,215313504
Brazil,2022-07-10,32830844.0,396781.0,673339.0,184888876.0,215313504
Brazil,2022-07-11,32830844.0,0.0,673339.0,184902655.0,215313504
Brazil,2022-07-12,32830844.0,0.0,673339.0,,215313504
Brazil,2022-07-13,32830844.0,0.0,673339.0,184922668.0,215313504
Brazil,2022-07-14,32830844.0,0.0,673339.0,184951661.0,215313504
Brazil,2022-07-15,32830844.0,0.0,673339.0,,215313504
Brazil,2022-07-16,32830844.0,0.0,673339.0,184973979.0,215313504
Brazil,2022-07-17,33250117.0,419273.0,675090.0,184976830.0,215313504
Brazil,2022-07-18,33250117.0,0.0,675090.0,,215313504
Brazil,2022-07-19,33250117.0,0.0,675090.0,,215313504
Brazil,2022-07-20,33250117.0,0.0,675090.0,,215313504
Brazil,2022-07-21,33250117.0,0.0,675090.0,,215313504
Brazil,2022-07-22,33250117.0,0.0,675090.0,,215313504
Brazil,2022-07-23,33250117.0,0.0,675090.0,,215313504
Brazil,2022-07-24,33505727.0,255610.0,676486.0,185208286.0,215313504
Brazil,2022-07-25,33505727.0,0.0,676486.0,,215313504
Brazil,2022-07-26,33505727.0,0.0,676486.0,,215313504
Brazil,2022-07-27,33505727.0,0.0,676486.0,,215313504
Brazil,2022-07-28,33505727.0,0.0,676486.0,,215313504
Brazil,2022-07-29,33505727.0,0.0,676486.0,,215313504
Brazil,2022-07-30,33505727.0,0.0,676486.0,,215313504
Brazil,2022-07-31,33790698.0,284971.0,678313.0,,215313504
Brazil,2022-08-01,33790698.0,0.0,678313.0,,215313504
Brazil,2022-08-02,33790698.0,0.0,678313.0,,215313504
Brazil,2022-08-03,33790698.0,0.0,678313.0,,215313504
Brazil,2022-08-04,33790698.0,0.0,678313.0,,215313504
Brazil,2022-08-05,33790698.0,0.0,678313.0,,215313504
Brazil,2022-08-06,33790698.0,0.0,678313.0,,215313504
Brazil,2022-08-07,33994470.0,203772.0,679758.0,,215313504
Brazil,2022-08-08,33994470.0,0.0,679758.0,185834527.0,215313504
Brazil,2022-08-09,33994470.0,0.0,679758.0,185856818.0,215313504
Brazil,2022-08-10,33994470.0,0.0,679758.0,185892530.0,215313504
Brazil,2022-08-11,33994470.0,0.0,679758.0,185920530.0,215313504
Brazil,2022-08-12,33994470.0,0.0,679758.0,185975699.0,215313504
Brazil,2022-08-13,33994470.0,0.0,679758.0,,215313504
Brazil,2022-08-14,34148131.0,153661.0,681253.0,185993496.0,215313504
Brazil,2022-08-15,34148131.0,0.0,681253.0,186014159.0,215313504
Brazil,2022-08-16,34148131.0,0.0,681253.0,,215313504
Brazil,2022-08-17,34148131.0,0.0,681253.0,,215313504
Brazil,2022-08-18,34148131.0,0.0,681253.0,186100433.0,215313504
Brazil,2022-08-19,34148131.0,0.0,681253.0,186112320.0,215313504
Brazil,2022-08-20,34148131.0,0.0,681253.0,186147547.0,215313504
Brazil,2022-08-21,34264237.0,116106.0,682358.0,186159303.0,215313504
Brazil,2022-08-22,34264237.0,0.0,682358.0,186176638.0,215313504
Brazil,2022-08-23,34264237.0,0.0,682358.0,186302961.0,215313504
Brazil,2022-08-24,34264237.0,0.0,682358.0,186358100.0,215313504
Brazil,2022-08-25,34264237.0,0.0,682358.0,186374962.0,215313504
Brazil,2022-08-26,34264237.0,0.0,682358.0,186397361.0,215313504
Brazil,2022-08-27,34264237.0,0.0,682358.0,186406003.0,215313504
Brazil,2022-08-28,34368909.0,104672.0,683397.0,186406388.0,215313504
Brazil,2022-08-29,34368909.0,0.0,683397.0,186476296.0,215313504
Brazil,2022-08-30,34368909.0,0.0,683397.0,186491119.0,215313504
Brazil,2022-08-31,34368909.0,0.0,683397.0,186519881.0,215313504
Brazil,2022-09-01,34368909.0,0.0,683397.0,186542426.0,215313504
Brazil,2022-09-02,34368909.0,0.0,683397.0,186558432.0,215313504
Brazil,2022-09-03,34368909.0,0.0,683397.0,186578811.0,215313504
Brazil,2022-09-04,34456145.0,87236.0,684262.0,186583216.0,215313504
Brazil,2022-09-05,34456145.0,0.0,684262.0,186590349.0,215313504
Brazil,2022-09-06,34456145.0,0.0,684262.0,186618522.0,215313504
Brazil,2022-09-07,34456145.0,0.0,684262.0,186624508.0,215313504
Brazil,2022-09-08,34456145.0,0.0,684262.0,186632925.0,215313504
Brazil,2022-09-09,34456145.0,0.0,684262.0,186656503.0,215313504
Brazil,2022-09-10,34456145.0,0.0,684262.0,186663841.0,215313504
Brazil,2022-09-11,34516739.0,60594.0,684813.0,186665783.0,215313504
Brazil,2022-09-12,34516739.0,0.0,684813.0,186674424.0,215313504
Brazil,2022-09-13,34516739.0,0.0,684813.0,186715084.0,215313504
Brazil,2022-09-14,34516739.0,0.0,684813.0,186735750.0,215313504
Brazil,2022-09-15,34516739.0,0.0,684813.0,186749395.0,215313504
Brazil,2022-09-16,34516739.0,0.0,684813.0,186763817.0,215313504
Brazil,2022-09-17,34516739.0,0.0,684813.0,186779155.0,215313504
Brazil,2022-09-18,34579085.0,62346.0,685300.0,186784356.0,215313504
Brazil,2022-09-19,34579085.0,0.0,685300.0,186794251.0,215313504
Brazil,2022-09-20,34579085.0,0.0,685300.0,186802634.0,215313504
Brazil,2022-09-21,34579085.0,0.0,685300.0,186822935.0,215313504
Brazil,2022-09-22,34579085.0,0.0,685300.0,,215313504
Brazil,2022-09-23,34579085.0,0.0,685300.0,186857554.0,215313504
Brazil,2022-09-24,34579085.0,0.0,685300.0,186866076.0,215313504
Brazil,2022-09-25,34624427.0,45342.0,685750.0,186868669.0,215313504
Brazil,2022-09-26,34624427.0,0.0,685750.0,187303916.0,215313504
Brazil,2022-09-27,34624427.0,0.0,685750.0,187313182.0,215313504
Brazil,2022-09-28,34624427.0,0.0,685750.0,187327659.0,215313504
Brazil,2022-09-29,34624427.0,0.0,685750.0,,215313504
Brazil,2022-09-30,34624427.0,0.0,685750.0,,215313504
Brazil,2022-10-01,34624427.0,0.0,685750.0,,215313504
Brazil,2022-10-02,34672524.0,48097.0,686036.0,,215313504
Brazil,2022-10-03,34672524.0,0.0,686036.0,,215313504
Brazil,2022-10-04,34672524.0,0.0,686036.0,,215313504
Brazil,2022-10-05,34672524.0,0.0,686036.0,,215313504
Brazil,2022-10-06,34672524.0,0.0,686036.0,,215313504
Brazil,2022-10-07,34672524.0,0.0,686036.0,187376439.0,215313504
Brazil,2022-10-08,34672524.0,0.0,686036.0,187376439.0,215313504
Brazil,2022-10-09,34715137.0,42613.0,686803.0,187376439.0,215313504
Brazil,2022-10-10,34715137.0,0.0,686803.0,187377009.0,215313504
Brazil,2022-10-11,34715137.0,0.0,686803.0,187377009.0,215313504
Brazil,2022-10-12,34715137.0,0.0,686803.0,,215313504
Brazil,2022-10-13,34715137.0,0.0,686803.0,187385383.0,215313504
Brazil,2022-10-14,34715137.0,0.0,686803.0,187385383.0,215313504
Brazil,2022-10-15,34715137.0,0.0,686803.0,187385383.0,215313504
Brazil,2022-10-16,34746462.0,31325.0,687144.0,187385383.0,215313504
Brazil,2022-10-17,34746462.0,0.0,687144.0,187385383.0,215313504
Brazil,2022-10-18,34746462.0,0.0,687144.0,187385670.0,215313504
Brazil,2022-10-19,34746462.0,0.0,687144.0,187385670.0,215313504
Brazil,2022-10-20,34746462.0,0.0,687144.0,187385670.0,215313504
Brazil,2022-10-21,34746462.0,0.0,687144.0,187385670.0,215313504
Brazil,2022-10-22,34746462.0,0.0,687144.0,187385670.0,215313504
Brazil,2022-10-23,34780642.0,34180.0,687527.0,187385670.0,215313504
Brazil,2022-10-24,34780642.0,0.0,687527.0,187385670.0,215313504
Brazil,2022-10-25,34780642.0,0.0,687527.0,187385670.0,215313504
Brazil,2022-10-26,34780642.0,0.0,687527.0,187385670.0,215313504
Brazil,2022-10-27,34780642.0,0.0,687527.0,187385670.0,215313504
Brazil,2022-10-28,34780642.0,0.0,687527.0,187385670.0,215313504
Brazil,2022-10-29,34780642.0,0.0,687527.0,,215313504
Brazil,2022-10-30,34822227.0,41585.0,688080.0,,215313504
Brazil,2022-10-31,34822227.0,0.0,688080.0,187385670.0,215313504
Brazil,2022-11-01,34822227.0,0.0,688080.0,187385670.0,215313504
Brazil,2022-11-02,34822227.0,0.0,688080.0,187385670.0,215313504
Brazil,2022-11-03,34822227.0,0.0,688080.0,,215313504
Brazil,2022-11-04,34822227.0,0.0,688080.0,187397453.0,215313504
Brazil,2022-11-05,34822227.0,0.0,688080.0,,215313504
Brazil,2022-11-06,34849063.0,26836.0,688332.0,,215313504
Brazil,2022-11-07,34849063.0,0.0,688332.0,,215313504
Brazil,2022-11-08,34849063.0,0.0,688332.0,,215313504
Brazil,2022-11-09,34849063.0,0.0,688332.0,187399523.0,215313504
Brazil,2022-11-10,34849063.0,0.0,688332.0,,215313504
Brazil,2022-11-11,34849063.0,0.0,688332.0,187399523.0,215313504
Brazil,2022-11-12,34849063.0,0.0,688332.0,,215313504
Brazil,2022-11-13,34908198.0,59135.0,688656.0,,215313504
Brazil,2022-11-14,34908198.0,0.0,688656.0,187399523.0,215313504
Brazil,2022-11-15,34908198.0,0.0,688656.0,,215313504
Brazil,2022-11-16,34908198.0,0.0,688656.0,187678650.0,215313504
Brazil,2022-11-17,34908198.0,0.0,688656.0,,215313504
Brazil,2022-11-18,34908198.0,0.0,688656.0,187678650.0,215313504
Brazil,2022-11-19,34908198.0,0.0,688656.0,187678650.0,215313504
Brazil,2022-11-20,34999495.0,91297.0,688907.0,187678650.0,215313504
Brazil,2022-11-21,34999495.0,0.0,688907.0,187678650.0,215313504
Brazil,2022-11-22,34999495.0,0.0,688907.0,187678650.0,215313504
Brazil,2022-11-23,34999495.0,0.0,688907.0,187678650.0,215313504
Brazil,2022-11-24,34999495.0,0.0,688907.0,187678650.0,215313504
Brazil,2022-11-25,34999495.0,0.0,688907.0,187678650.0,215313504
Brazil,2022-11-26,34999495.0,0.0,688907.0,187678650.0,215313504
Brazil,2022-11-27,35149503.0,150008.0,689442.0,187678650.0,215313504
Brazil,2022-11-28,35149503.0,0.0,689442.0,,215313504
Brazil,2022-11-29,35149503.0,0.0,689442.0,187998595.0,215313504
Brazil,2022-11-30,35149503.0,0.0,689442.0,188048984.0,215313504
Brazil,2022-12-01,35149503.0,0.0,689442.0,188065384.0,215313504
Brazil,2022-12-02,35149503.0,0.0,689442.0,,215313504
Brazil,2022-12-03,35149503.0,0.0,689442.0,188075040.0,215313504
Brazil,2022-12-04,35337546.0,188043.0,690074.0,188077016.0,215313504
Brazil,2022-12-05,35337546.0,0.0,690074.0,188083919.0,215313504
Brazil,2022-12-06,35337546.0,0.0,690074.0,,215313504
Brazil,2022-12-07,35337546.0,0.0,690074.0,188104952.0,215313504
Brazil,2022-12-08,35337546.0,0.0,690074.0,,215313504
Brazil,2022-12-09,35337546.0,0.0,690074.0,188112150.0,215313504
Brazil,2022-12-10,35337546.0,0.0,690074.0,188116781.0,215313504
Brazil,2022-12-11,35531716.0,194170.0,690677.0,188118034.0,215313504
Brazil,2022-12-12,35531716.0,0.0,690677.0,188125449.0,215313504
Brazil,2022-12-13,35531716.0,0.0,690677.0,188132532.0,215313504
Brazil,2022-12-14,35531716.0,0.0,690677.0,,215313504
Brazil,2022-12-15,35531716.0,0.0,690677.0,188133937.0,215313504
Brazil,2022-12-16,35531716.0,0.0,690677.0,188305261.0,215313504
Brazil,2022-12-17,35531716.0,0.0,690677.0,188309744.0,215313504
Brazil,2022-12-18,35869526.0,337810.0,691810.0,188522819.0,215313504
Brazil,2022-12-19,35869526.0,0.0,691810.0,,215313504
Brazil,2022-12-20,35869526.0,0.0,691810.0,188527208.0,215313504
Brazil,2022-12-21,35869526.0,0.0,691810.0,,215313504
Brazil,2022-12-22,35869526.0,0.0,691810.0,188531378.0,215313504
Brazil,2022-12-23,35869526.0,0.0,691810.0,188531674.0,215313504
Brazil,2022-12-24,35869526.0,0.0,691810.0,188540709.0,215313504
Brazil,2022-12-25,36124337.0,254811.0,692743.0,188543080.0,215313504
Brazil,2022-12-26,36124337.0,0.0,692743.0,188543313.0,215313504
Brazil,2022-12-27,36124337.0,0.0,692743.0,188549744.0,215313504
Brazil,2022-12-28,36124337.0,0.0,692743.0,,215313504
Brazil,2022-12-29,36124337.0,0.0,692743.0,188552661.0,215313504
Brazil,2022-12-30,36124337.0,0.0,692743.0,188553047.0,215313504
Brazil,2022-12-31,36124337.0,0.0,692743.0,188553932.0,215313504
Brazil,2023-01-01,36331281.0,206944.0,693853.0,188553963.0,215313504
Brazil,2023-01-02,36331281.0,0.0,693853.0,,215313504
Brazil,2023-01-03,36331281.0,0.0,693853.0,188564151.0,215313504
Brazil,2023-01-04,36331281.0,0.0,693853.0,188566405.0,215313504
Brazil,2023-01-05,36331281.0,0.0,693853.0,,215313504
Brazil,2023-01-06,36331281.0,0.0,693853.0,188808652.0,215313504
Brazil,2023-01-07,36331281.0,0.0,693853.0,188815642.0,215313504
Brazil,2023-01-08,36477214.0,145933.0,694779.0,188819345.0,215313504
Brazil,2023-01-09,36477214.0,0.0,694779.0,188819368.0,215313504
Brazil,2023-01-10,36477214.0,0.0,694779.0,188819559.0,215313504
Brazil,2023-01-11,36477214.0,0.0,694779.0,188820856.0,215313504
Brazil,2023-01-12,36477214.0,0.0,694779.0,188821214.0,215313504
Brazil,2023-01-13,36477214.0,0.0,694779.0,188821563.0,215313504
Brazil,2023-01-14,36477214.0,0.0,694779.0,188821768.0,215313504
Brazil,2023-01-15,36597935.0,120721.0,695236.0,188821957.0,215313504
Brazil,2023-01-16,36597935.0,0.0,695236.0,188821982.0,215313504
Brazil,2023-01-17,36597935.0,0.0,695236.0,188943731.0,215313504
Brazil,2023-01-18,36597935.0,0.0,695236.0,188944039.0,215313504
Brazil,2023-01-19,36597935.0,0.0,695236.0,188944306.0,215313504
Brazil,2023-01-20,36597935.0,0.0,695236.0,,215313504
Brazil,2023-01-21,36597935.0,0.0,695236.0,188953216.0,215313504
Brazil,2023-01-22,36712851.0,114916.0,696188.0,188953257.0,215313504
Brazil,2023-01-23,36712851.0,0.0,696188.0,,215313504
Brazil,2023-01-24,36712851.0,0.0,696188.0,188953386.0,215313504
Brazil,2023-01-25,36712851.0,0.0,696188.0,189041040.0,215313504
Brazil,2023-01-26,36712851.0,0.0,696188.0,189044894.0,215313504
Brazil,2023-01-27,36712851.0,0.0,696188.0,189046880.0,215313504
Brazil,2023-01-28,36712851.0,0.0,696188.0,189047042.0,215313504
Brazil,2023-01-29,36791267.0,78416.0,696742.0,189047050.0,215313504
Brazil,2023-01-30,36791267.0,0.0,696742.0,,215313504
Brazil,2023-01-31,36791267.0,0.0,696742.0,189047444.0,215313504
Brazil,2023-02-01,36791267.0,0.0,696742.0,,215313504
Brazil,2023-02-02,36791267.0,0.0,696742.0,189052588.0,215313504
Brazil,2023-02-03,36791267.0,0.0,696742.0,189086622.0,215313504
Brazil,2023-02-04,36791267.0,0.0,696742.0,189086800.0,215313504
Brazil,2023-02-05,36866658.0,75391.0,697345.0,189087256.0,215313504
Brazil,2023-02-06,36866658.0,0.0,697345.0,,215313504
Brazil,2023-02-07,36866658.0,0.0,697345.0,189096899.0,215313504
Brazil,2023-02-08,36866658.0,0.0,697345.0,189097459.0,215313504
Brazil,2023-02-09,36866658.0,0.0,697345.0,,215313504
Brazil,2023-02-10,36866658.0,0.0,697345.0,,215313504
Brazil,2023-02-11,36866658.0,0.0,697345.0,189146039.0,215313504
Brazil,2023-02-12,36930339.0,63681.0,697662.0,,215313504
Brazil,2023-02-13,36930339.0,0.0,697662.0,189162407.0,215313504
Brazil,2023-02-14,36930339.0,0.0,697662.0,189162761.0,215313504
Brazil,2023-02-15,36930339.0,0.0,697662.0,189170510.0,215313504
Brazil,2023-02-16,36930339.0,0.0,697662.0,189170568.0,215313504
Brazil,2023-02-17,36930339.0,0.0,697662.0,189171357.0,215313504
Brazil,2023-02-18,36930339.0,0.0,697662.0,,215313504
Brazil,2023-02-19,36987682.0,57343.0,698047.0,189171428.0,215313504
Brazil,2023-02-20,36987682.0,0.0,698047.0,189171452.0,215313504
Brazil,2023-02-21,36987682.0,0.0,698047.0,189314041.0,215313504
Brazil,2023-02-22,36987682.0,0.0,698047.0,,215313504
Brazil,2023-02-23,36987682.0,0.0,698047.0,,215313504
Brazil,2023-02-24,36987682.0,0.0,698047.0,189314745.0,215313504
Brazil,2023-02-25,36987682.0,0.0,698047.0,,215313504
Brazil,2023-02-26,37020531.0,32849.0,698928.0,189315252.0,215313504
Brazil,2023-02-27,37020531.0,0.0,698928.0,,215313504
Brazil,2023-02-28,37020531.0,0.0,698928.0,189377950.0,215313504
Brazil,2023-03-01,37020531.0,0.0,698928.0,,215313504
Brazil,2023-03-02,37020531.0,0.0,698928.0,189385794.0,215313504
Brazil,2023-03-03,37020531.0,0.0,698928.0,189393744.0,215313504
Brazil,2023-03-04,37020531.0,0.0,698928.0,189394362.0,215313504
Brazil,2023-03-05,37076053.0,55522.0,699276.0,189394389.0,215313504
Brazil,2023-03-06,37076053.0,0.0,699276.0,,215313504
Brazil,2023-03-07,37076053.0,0.0,699276.0,189394850.0,215313504
Brazil,2023-03-08,37076053.0,0.0,699276.0,189395212.0,215313504
Brazil,2023-03-09,37076053.0,0.0,699276.0,,215313504
Brazil,2023-03-10,37076053.0,0.0,699276.0,189442944.0,215313504
Brazil,2023-03-11,37076053.0,0.0,699276.0,189553754.0,215313504
Brazil,2023-03-12,37085520.0,9467.0,699310.0,,215313504
Brazil,2023-03-13,37085520.0,0.0,699310.0,189559262.0,215313504
Brazil,2023-03-14,37085520.0,0.0,699310.0,189603432.0,215313504
Brazil,2023-03-15,37085520.0,0.0,699310.0,,215313504
Brazil,2023-03-16,37085520.0,0.0,699310.0,189603842.0,215313504
Brazil,2023-03-17,37085520.0,0.0,699310.0,,215313504
Brazil,2023-03-18,37085520.0,0.0,699310.0,189628276.0,215313504
Brazil,2023-03-19,37145514.0,59994.0,699634.0,189628646.0,215313504
Brazil,2023-03-20,37145514.0,0.0,699634.0,,215313504
Brazil,2023-03-21,37145514.0,0.0,699634.0,189637992.0,215313504
Brazil,2023-03-22,37145514.0,0.0,699634.0,189643431.0,215313504
Brazil,2023-03-23,37145514.0,0.0,699634.0,,215313504
Brazil,2023-03-24,37145514.0,0.0,699634.0,,215313504
Brazil,2023-03-25,37145514.0,0.0,699634.0,,215313504
Brazil,2023-03-26,37204677.0,59163.0,699917.0,,215313504
Brazil,2023-03-27,37204677.0,0.0,699917.0,,215313504
Brazil,2023-03-28,37204677.0,0.0,699917.0,,215313504
Brazil,2023-03-29,37204677.0,0.0,699917.0,,215313504
Brazil,2023-03-30,37204677.0,0.0,699917.0,,215313504
Brazil,2023-03-31,37204677.0,0.0,699917.0,,215313504
Brazil,2023-04-01,37204677.0,0.0,699917.0,,215313504
Brazil,2023-04-02,37258663.0,53986.0,700239.0,,215313504
Brazil,2023-04-03,37258663.0,0.0,700239.0,,215313504
Brazil,2023-04-04,37258663.0,0.0,700239.0,,215313504
Brazil,2023-04-05,37258663.0,0.0,700239.0,,215313504
Brazil,2023-04-06,37258663.0,0.0,700239.0,,215313504
Brazil,2023-04-07,37258663.0,0.0,700239.0,,215313504
Brazil,2023-04-08,37258663.0,0.0,700239.0,,215313504
Brazil,2023-04-09,37319254.0,60591.0,700556.0,,215313504
Brazil,2023-04-10,37319254.0,0.0,700556.0,,215313504
Brazil,2023-04-11,37319254.0,0.0,700556.0,,215313504
Brazil,2023-04-12,37319254.0,0.0,700556.0,,215313504
Brazil,2023-04-13,37319254.0,0.0,700556.0,,215313504
Brazil,2023-04-14,37319254.0,0.0,700556.0,,215313504
Brazil,2023-04-15,37319254.0,0.0,700556.0,,215313504
Brazil,2023-04-16,37358092.0,38838.0,700811.0,,215313504
Brazil,2023-04-17,37358092.0,0.0,700811.0,,215313504
Brazil,2023-04-18,37358092.0,0.0,700811.0,,215313504
Brazil,2023-04-19,37358092.0,0.0,700811.0,,215313504
Brazil,2023-04-20,37358092.0,0.0,700811.0,,215313504
Brazil,2023-04-21,37358092.0,0.0,700811.0,,215313504
Brazil,2023-04-22,37358092.0,0.0,700811.0,,215313504
Brazil,2023-04-23,37407232.0,49140.0,701215.0,,215313504
Brazil,2023-04-24,37407232.0,0.0,701215.0,,215313504
Brazil,2023-04-25,37407232.0,0.0,701215.0,,215313504
Brazil,2023-04-26,37407232.0,0.0,701215.0,,215313504
Brazil,2023-04-27,37407232.0,0.0,701215.0,,215313504
Brazil,2023-04-28,37407232.0,0.0,701215.0,,215313504
Brazil,2023-04-29,37407232.0,0.0,701215.0,,215313504
Brazil,2023-04-30,37449418.0,42186.0,701494.0,,215313504
Brazil,2023-05-01,37449418.0,0.0,701494.0,,215313504
Brazil,2023-05-02,37449418.0,0.0,701494.0,,215313504
Brazil,2023-05-03,37449418.0,0.0,701494.0,,215313504
Brazil,2023-05-04,37449418.0,0.0,701494.0,,215313504
Brazil,2023-05-05,37449418.0,0.0,701494.0,,215313504
Brazil,2023-05-06,37449418.0,0.0,701494.0,,215313504
Brazil,2023-05-07,37487971.0,38553.0,701833.0,,215313504
Brazil,2023-05-08,37487971.0,0.0,701833.0,,215313504
Brazil,2023-05-09,37487971.0,0.0,701833.0,,215313504
Brazil,2023-05-10,37487971.0,0.0,701833.0,,215313504
Brazil,2023-05-11,37487971.0,0.0,701833.0,,215313504
Brazil,2023-05-12,37487971.0,0.0,701833.0,,215313504
Brazil,2023-05-13,37487971.0,0.0,701833.0,,215313504
Brazil,2023-05-14,37511921.0,23950.0,702116.0,,215313504
Brazil,2023-05-15,37511921.0,0.0,702116.0,,215313504
Brazil,2023-05-16,37511921.0,0.0,702116.0,,215313504
Brazil,2023-05-17,37511921.0,0.0,702116.0,,215313504
Brazil,2023-05-18,37511921.0,0.0,702116.0,,215313504
Brazil,2023-05-19,37511921.0,0.0,702116.0,,215313504
Brazil,2023-05-20,37511921.0,0.0,702116.0,,215313504
Brazil,2023-05-21,37511921.0,0.0,702116.0,,215313504
Brazil,2023-05-22,37511921.0,0.0,702116.0,,215313504
Brazil,2023-05-23,37511921.0,0.0,702116.0,,215313504
Brazil,2023-05-24,37511921.0,0.0,702116.0,,215313504
Brazil,2023-05-25,37511921.0,0.0,702116.0,,215313504
Brazil,2023-05-26,37511921.0,0.0,702116.0,,215313504
Brazil,2023-05-27,37511921.0,0.0,702116.0,,215313504
Brazil,2023-05-28,37511921.0,0.0,702116.0,,215313504
Brazil,2023-05-29,37511921.0,0.0,702116.0,,215313504
Brazil,2023-05-30,37511921.0,0.0,702116.0,,215313504
Brazil,2023-05-31,37511921.0,0.0,702116.0,,215313504
Brazil,2023-06-01,37511921.0,0.0,702116.0,,215313504
Brazil,2023-06-02,37511921.0,0.0,702116.0,,215313504
Brazil,2023-06-03,37511921.0,0.0,702116.0,,215313504
Brazil,2023-06-04,37511921.0,0.0,702116.0,,215313504
Brazil,2023-06-05,37511921.0,0.0,702116.0,,215313504
Brazil,2023-06-06,37511921.0,0.0,702116.0,,215313504
Brazil,2023-06-07,37511921.0,0.0,702116.0,,215313504
Brazil,2023-06-08,37511921.0,0.0,702116.0,,215313504
Brazil,2023-06-09,37511921.0,0.0,702116.0,,215313504
Brazil,2023-06-10,37511921.0,0.0,702116.0,,215313504
Brazil,2023-06-11,37511921.0,0.0,702116.0,,215313504
Brazil,2023-06-12,37511921.0,0.0,702116.0,,215313504
Brazil,2023-06-13,37511921.0,0.0,702116.0,,215313504
Brazil,2023-06-14,37511921.0,0.0,702116.0,,215313504
Brazil,2023-06-15,37511921.0,0.0,702116.0,,215313504
Brazil,2023-06-16,37511921.0,0.0,702116.0,,215313504
Brazil,2023-06-17,37511921.0,0.0,702116.0,,215313504
Brazil,2023-06-18,37511921.0,0.0,702116.0,,215313504
Brazil,2023-06-19,37511921.0,0.0,702116.0,,215313504
Brazil,2023-06-20,37511921.0,0.0,702116.0,,215313504
Brazil,2023-06-21,37511921.0,0.0,702116.0,,215313504
Brazil,2023-06-22,37511921.0,0.0,702116.0,,215313504
Brazil,2023-06-23,37511921.0,0.0,702116.0,,215313504
Brazil,2023-06-24,37511921.0,0.0,702116.0,,215313504
Brazil,2023-06-25,37511921.0,0.0,702116.0,,215313504
Brazil,2023-06-26,37511921.0,0.0,702116.0,,215313504
Brazil,2023-06-27,37511921.0,0.0,702116.0,,215313504
Brazil,2023-06-28,37511921.0,0.0,702116.0,,215313504
Brazil,2023-06-29,37511921.0,0.0,702116.0,,215313504
Brazil,2023-06-30,37511921.0,0.0,702116.0,,215313504
Brazil,2023-07-01,37511921.0,0.0,702116.0,,215313504
Brazil,2023-07-02,37511921.0,0.0,702116.0,,215313504
Brazil,2023-07-03,37511921.0,0.0,702116.0,,215313504
Brazil,2023-07-04,37511921.0,0.0,702116.0,,215313504
Brazil,2023-07-05,37511921.0,0.0,702116.0,,215313504
Brazil,2023-07-06,37511921.0,0.0,702116.0,,215313504
Brazil,2023-07-07,37511921.0,0.0,702116.0,,215313504
Brazil,2023-07-08,37511921.0,0.0,702116.0,,215313504
Brazil,2023-07-09,37511921.0,0.0,702116.0,,215313504
Brazil,2023-07-10,37511921.0,0.0,702116.0,,215313504
Brazil,2023-07-11,37511921.0,0.0,702116.0,,215313504
Brazil,2023-07-12,37511921.0,0.0,702116.0,,215313504
Brazil,2023-07-13,37511921.0,0.0,702116.0,,215313504
Brazil,2023-07-14,37511921.0,0.0,702116.0,,215313504
Brazil,2023-07-15,37511921.0,0.0,702116.0,,215313504
Brazil,2023-07-16,37511921.0,0.0,702116.0,,215313504
Brazil,2023-07-17,37511921.0,0.0,702116.0,,215313504
Brazil,2023-07-18,37511921.0,0.0,702116.0,,215313504
Brazil,2023-07-19,37511921.0,0.0,702116.0,,215313504
Brazil,2023-07-20,37511921.0,0.0,702116.0,,215313504
Brazil,2023-07-21,37511921.0,0.0,702116.0,,215313504
Brazil,2023-07-22,37511921.0,0.0,702116.0,,215313504
Brazil,2023-07-23,37511921.0,0.0,702116.0,,215313504
Brazil,2023-07-24,37511921.0,0.0,702116.0,,215313504
Brazil,2023-07-25,37511921.0,0.0,702116.0,,215313504
Brazil,2023-07-26,37511921.0,0.0,702116.0,,215313504
Brazil,2023-07-27,37511921.0,0.0,702116.0,,215313504
Brazil,2023-07-28,37511921.0,0.0,702116.0,,215313504
Brazil,2023-07-29,37511921.0,0.0,702116.0,,215313504
Brazil,2023-07-30,37511921.0,0.0,702116.0,,215313504
Brazil,2023-07-31,37511921.0,0.0,702116.0,,215313504
Brazil,2023-08-01,37511921.0,0.0,702116.0,,215313504
Brazil,2023-08-02,37511921.0,0.0,702116.0,,215313504
Brazil,2023-08-03,37511921.0,0.0,702116.0,,215313504
Brazil,2023-08-04,37511921.0,0.0,702116.0,,215313504
Brazil,2023-08-05,37511921.0,0.0,702116.0,,215313504
Brazil,2023-08-06,37511921.0,0.0,702116.0,,215313504
Brazil,2023-08-07,37511921.0,0.0,702116.0,,215313504
Brazil,2023-08-08,37511921.0,0.0,702116.0,,215313504
Brazil,2023-08-09,37511921.0,0.0,702116.0,,215313504
Brazil,2023-08-10,37511921.0,0.0,702116.0,,215313504
Brazil,2023-08-11,37511921.0,0.0,702116.0,,215313504
Brazil,2023-08-12,37511921.0,0.0,702116.0,,215313504
Brazil,2023-08-13,37511921.0,0.0,702116.0,,215313504
Brazil,2023-08-14,37511921.0,0.0,702116.0,,215313504
Brazil,2023-08-15,37511921.0,0.0,702116.0,,215313504
Brazil,2023-08-16,37511921.0,0.0,702116.0,,215313504
Brazil,2023-08-17,37511921.0,0.0,702116.0,,215313504
Brazil,2023-08-18,37511921.0,0.0,702116.0,,215313504
Brazil,2023-08-19,37511921.0,0.0,702116.0,,215313504
Brazil,2023-08-20,37511921.0,0.0,702116.0,,215313504
Brazil,2023-08-21,37511921.0,0.0,702116.0,,215313504
Brazil,2023-08-22,37511921.0,0.0,702116.0,,215313504
Brazil,2023-08-23,37511921.0,0.0,702116.0,,215313504
Brazil,2023-08-24,37511921.0,0.0,702116.0,,215313504
Brazil,2023-08-25,37511921.0,0.0,702116.0,,215313504
Brazil,2023-08-26,37511921.0,0.0,702116.0,,215313504
Brazil,2023-08-27,37511921.0,0.0,702116.0,,215313504
Brazil,2023-08-28,37511921.0,0.0,702116.0,,215313504
Brazil,2023-08-29,37511921.0,0.0,702116.0,,215313504
Brazil,2023-08-30,37511921.0,0.0,702116.0,,215313504
Brazil,2023-08-31,37511921.0,0.0,702116.0,,215313504
Brazil,2023-09-01,37511921.0,0.0,702116.0,,215313504
Brazil,2023-09-02,37511921.0,0.0,702116.0,,215313504
Brazil,2023-09-03,37511921.0,0.0,702116.0,,215313504
Brazil,2023-09-04,37511921.0,0.0,702116.0,,215313504
Brazil,2023-09-05,37511921.0,0.0,702116.0,,215313504
Brazil,2023-09-06,37511921.0,0.0,702116.0,,215313504
Brazil,2023-09-07,37511921.0,0.0,702116.0,,215313504
Brazil,2023-09-08,37511921.0,0.0,702116.0,,215313504
Brazil,2023-09-09,37511921.0,0.0,702116.0,,215313504
Brazil,2023-09-10,37511921.0,0.0,702116.0,,215313504
Brazil,2023-09-11,37511921.0,0.0,702116.0,,215313504
Brazil,2023-09-12,37511921.0,0.0,702116.0,,215313504
Brazil,2023-09-13,37511921.0,0.0,702116.0,,215313504
Brazil,2023-09-14,37511921.0,0.0,702116.0,,215313504
Brazil,2023-09-15,37511921.0,0.0,702116.0,,215313504
Brazil,2023-09-16,37511921.0,0.0,702116.0,,215313504
Brazil,2023-09-17,37511921.0,0.0,702116.0,,215313504
Brazil,2023-09-18,37511921.0,0.0,702116.0,,215313504
Brazil,2023-09-19,37511921.0,0.0,702116.0,,215313504
Brazil,2023-09-20,37511921.0,0.0,702116.0,,215313504
Brazil,2023-09-21,37511921.0,0.0,702116.0,,215313504
Brazil,2023-09-22,37511921.0,0.0,702116.0,,215313504
Brazil,2023-09-23,37511921.0,0.0,702116.0,,215313504
Brazil,2023-09-24,37511921.0,0.0,702116.0,,215313504
Brazil,2023-09-25,37511921.0,0.0,702116.0,,215313504
Brazil,2023-09-26,37511921.0,0.0,702116.0,,215313504
Brazil,2023-09-27,37511921.0,0.0,702116.0,,215313504
Brazil,2023-09-28,37511921.0,0.0,702116.0,,215313504
Brazil,2023-09-29,37511921.0,0.0,702116.0,,215313504
Brazil,2023-09-30,37511921.0,0.0,702116.0,,215313504
Brazil,2023-10-01,37511921.0,0.0,702116.0,,215313504
Brazil,2023-10-02,37511921.0,0.0,702116.0,,215313504
Brazil,2023-10-03,37511921.0,0.0,702116.0,,215313504
Brazil,2023-10-04,37511921.0,0.0,702116.0,,215313504
Brazil,2023-10-05,37511921.0,0.0,702116.0,,215313504
Brazil,2023-10-06,37511921.0,0.0,702116.0,,215313504
Brazil,2023-10-07,37511921.0,0.0,702116.0,,215313504
Brazil,2023-10-08,37511921.0,0.0,702116.0,,215313504
Brazil,2023-10-09,37511921.0,0.0,702116.0,,215313504
Brazil,2023-10-10,37511921.0,0.0,702116.0,,215313504
Brazil,2023-10-11,37511921.0,0.0,702116.0,,215313504
Brazil,2023-10-12,37511921.0,0.0,702116.0,,215313504
Brazil,2023-10-13,37511921.0,0.0,702116.0,,215313504
Brazil,2023-10-14,37511921.0,0.0,702116.0,,215313504
Brazil,2023-10-15,37511921.0,0.0,702116.0,,215313504
Brazil,2023-10-16,37511921.0,0.0,702116.0,,215313504
Brazil,2023-10-17,37511921.0,0.0,702116.0,,215313504
Brazil,2023-10-18,37511921.0,0.0,702116.0,,215313504
Brazil,2023-10-19,37511921.0,0.0,702116.0,,215313504
Brazil,2023-10-20,37511921.0,0.0,702116.0,,215313504
Brazil,2023-10-21,37511921.0,0.0,702116.0,,215313504
Brazil,2023-10-22,37511921.0,0.0,702116.0,,215313504
Brazil,2023-10-23,37511921.0,0.0,702116.0,,215313504
Brazil,2023-10-24,37511921.0,0.0,702116.0,,215313504
Brazil,2023-10-25,37511921.0,0.0,702116.0,,215313504
Brazil,2023-10-26,37511921.0,0.0,702116.0,,215313504
Brazil,2023-10-27,37511921.0,0.0,702116.0,,215313504
Brazil,2023-10-28,37511921.0,0.0,702116.0,,215313504
Brazil,2023-10-29,37511921.0,0.0,702116.0,,215313504
Brazil,2023-10-30,37511921.0,0.0,702116.0,,215313504
Brazil,2023-10-31,37511921.0,0.0,702116.0,,215313504
Brazil,2023-11-01,37511921.0,0.0,702116.0,,215313504
Brazil,2023-11-02,37511921.0,0.0,702116.0,,215313504
Brazil,2023-11-03,37511921.0,0.0,702116.0,,215313504
Brazil,2023-11-04,37511921.0,0.0,702116.0,,215313504
Brazil,2023-11-05,37511921.0,0.0,702116.0,,215313504
Brazil,2023-11-06,37511921.0,0.0,702116.0,,215313504
Brazil,2023-11-07,37511921.0,0.0,702116.0,,215313504
Brazil,2023-11-08,37511921.0,0.0,702116.0,,215313504
Brazil,2023-11-09,37511921.0,0.0,702116.0,,215313504
Brazil,2023-11-10,37511921.0,0.0,702116.0,,215313504
Brazil,2023-11-11,37511921.0,0.0,702116.0,,215313504
Brazil,2023-11-12,37511921.0,0.0,702116.0,,215313504
Brazil,2023-11-13,37511921.0,0.0,702116.0,,215313504
Brazil,2023-11-14,37511921.0,0.0,702116.0,,215313504
Brazil,2023-11-15,37511921.0,0.0,702116.0,,215313504
Brazil,2023-11-16,37511921.0,0.0,702116.0,,215313504
Brazil,2023-11-17,37511921.0,0.0,702116.0,,215313504
Brazil,2023-11-18,37511921.0,0.0,702116.0,,215313504
Brazil,2023-11-19,37511921.0,0.0,702116.0,,215313504
Brazil,2023-11-20,37511921.0,0.0,702116.0,,215313504
Brazil,2023-11-21,37511921.0,0.0,702116.0,,215313504
Brazil,2023-11-22,37511921.0,0.0,702116.0,,215313504
Brazil,2023-11-23,37511921.0,0.0,702116.0,,215313504
Brazil,2023-11-24,37511921.0,0.0,702116.0,,215313504
Brazil,2023-11-25,37511921.0,0.0,702116.0,,215313504
Brazil,2023-11-26,37511921.0,0.0,702116.0,,215313504
Brazil,2023-11-27,37511921.0,0.0,702116.0,,215313504
Brazil,2023-11-28,37511921.0,0.0,702116.0,,215313504
Brazil,2023-11-29,37511921.0,0.0,702116.0,,215313504
Brazil,2023-11-30,37511921.0,0.0,702116.0,,215313504
Brazil,2023-12-01,37511921.0,0.0,702116.0,,215313504
Brazil,2023-12-02,37511921.0,0.0,702116.0,,215313504
Brazil,2023-12-03,37511921.0,0.0,702116.0,,215313504
Brazil,2023-12-04,37511921.0,0.0,702116.0,,215313504
Brazil,2023-12-05,37511921.0,0.0,702116.0,,215313504
Brazil,2023-12-06,37511921.0,0.0,702116.0,,215313504
Brazil,2023-12-07,37511921.0,0.0,702116.0,,215313504
Brazil,2023-12-08,37511921.0,0.0,702116.0,,215313504
Brazil,2023-12-09,37511921.0,0.0,702116.0,,215313504
Brazil,2023-12-10,37511921.0,0.0,702116.0,,215313504
Brazil,2023-12-11,37511921.0,0.0,702116.0,,215313504
Brazil,2023-12-12,37511921.0,0.0,702116.0,,215313504
Brazil,2023-12-13,37511921.0,0.0,702116.0,,215313504
Brazil,2023-12-14,37511921.0,0.0,702116.0,,215313504
Brazil,2023-12-15,37511921.0,0.0,702116.0,,215313504
Brazil,2023-12-16,37511921.0,0.0,702116.0,,215313504
Brazil,2023-12-17,37511921.0,0.0,702116.0,,215313504
Brazil,2023-12-18,37511921.0,0.0,702116.0,,215313504
Brazil,2023-12-19,37511921.0,0.0,702116.0,,215313504
Brazil,2023-12-20,37511921.0,0.0,702116.0,,215313504
Brazil,2023-12-21,37511921.0,0.0,702116.0,,215313504
Brazil,2023-12-22,37511921.0,0.0,702116.0,,215313504
Brazil,2023-12-23,37511921.0,0.0,702116.0,,215313504
Brazil,2023-12-24,37511921.0,0.0,702116.0,,215313504
Brazil,2023-12-25,37511921.0,0.0,702116.0,,215313504
Brazil,2023-12-26,37511921.0,0.0,702116.0,,215313504
Brazil,2023-12-27,37511921.0,0.0,702116.0,,215313504
Brazil,2023-12-28,37511921.0,0.0,702116.0,,215313504
Brazil,2023-12-29,37511921.0,0.0,702116.0,,215313504
Brazil,2023-12-30,37511921.0,0.0,702116.0,,215313504
Brazil,2023-12-31,37511921.0,0.0,702116.0,,215313504
Canada,2021-01-01,539241.0,0.0,14734.0,105458.0,38454328
Canada,2021-01-02,539241.0,0.0,14734.0,110115.0,38454328
Canada,2021-01-03,588939.0,49698.0,15632.0,115336.0,38454328
Canada,2021-01-04,588939.0,0.0,15632.0,138963.0,38454328
Canada,2021-01-05,588939.0,0.0,15632.0,156839.0,38454328
Canada,2021-01-06,588939.0,0.0,15632.0,184509.0,38454328
Canada,2021-01-07,588939.0,0.0,15632.0,220700.0,38454328
Canada,2021-01-08,588939.0,0.0,15632.0,261319.0,38454328
Canada,2021-01-09,588939.0,0.0,15632.0,296308.0,38454328
Canada,2021-01-10,644349.0,55410.0,16590.0,319819.0,38454328
Canada,2021-01-11,644349.0,0.0,16590.0,358193.0,38454328
Canada,2021-01-12,644349.0,0.0,16590.0,387870.0,38454328
Canada,2021-01-13,644349.0,0.0,16590.0,410409.0,38454328
Canada,2021-01-14,644349.0,0.0,16590.0,450017.0,38454328
Canada,2021-01-15,644349.0,0.0,16590.0,496457.0,38454328
Canada,2021-01-16,644349.0,0.0,16590.0,533199.0,38454328
Canada,2021-01-17,695704.0,51355.0,17606.0,560529.0,38454328
Canada,2021-01-18,695704.0,0.0,17606.0,601092.0,38454328
Canada,2021-01-19,695704.0,0.0,17606.0,638248.0,38454328
Canada,2021-01-20,695704.0,0.0,17606.0,668458.0,38454328
Canada,2021-01-21,695704.0,0.0,17606.0,705753.0,38454328
Canada,2021-01-22,695704.0,0.0,17606.0,737495.0,38454328
Canada,2021-01-23,695704.0,0.0,17606.0,760602.0,38454328
Canada,2021-01-24,737407.0,41703.0,18697.0,772619.0,38454328
Canada,2021-01-25,737407.0,0.0,18697.0,787850.0,38454328
Canada,2021-01-26,737407.0,0.0,18697.0,809303.0,38454328
Canada,2021-01-27,737407.0,0.0,18697.0,822886.0,38454328
Canada,2021-01-28,737407.0,0.0,18697.0,837986.0,38454328
Canada,2021-01-29,737407.0,0.0,18697.0,850343.0,38454328
Canada,2021-01-30,737407.0,0.0,18697.0,857000.0,38454328
Canada,2021-01-31,770793.0,33386.0,19662.0,859625.0,38454328
Canada,2021-02-01,770793.0,0.0,19662.0,873360.0,38454328
Canada,2021-02-02,770793.0,0.0,19662.0,880067.0,38454328
Canada,2021-02-03,770793.0,0.0,19662.0,884394.0,38454328
Canada,2021-02-04,770793.0,0.0,19662.0,891446.0,38454328
Canada,2021-02-05,770793.0,0.0,19662.0,901757.0,38454328
Canada,2021-02-06,770793.0,0.0,19662.0,909624.0,38454328
Canada,2021-02-07,797756.0,26963.0,20459.0,915702.0,38454328
Canada,2021-02-08,797756.0,0.0,20459.0,926179.0,38454328
Canada,2021-02-09,797756.0,0.0,20459.0,935643.0,38454328
Canada,2021-02-10,797756.0,0.0,20459.0,945358.0,38454328
Canada,2021-02-11,797756.0,0.0,20459.0,958044.0,38454328
Canada,2021-02-12,797756.0,0.0,20459.0,972124.0,38454328
Canada,2021-02-13,797756.0,0.0,20459.0,984842.0,38454328
Canada,2021-02-14,820306.0,22550.0,21001.0,987215.0,38454328
Canada,2021-02-15,820306.0,0.0,21001.0,988945.0,38454328
Canada,2021-02-16,820306.0,0.0,21001.0,997521.0,38454328
Canada,2021-02-17,820306.0,0.0,21001.0,1002496.0,38454328
Canada,2021-02-18,820306.0,0.0,21001.0,1010313.0,38454328
Canada,2021-02-19,820306.0,0.0,21001.0,1036133.0,38454328
Canada,2021-02-20,820306.0,0.0,21001.0,1070212.0,38454328
Canada,2021-02-21,840586.0,20280.0,21407.0,1099018.0,38454328
Canada,2021-02-22,840586.0,0.0,21407.0,1129049.0,38454328
Canada,2021-02-23,840586.0,0.0,21407.0,1159857.0,38454328
Canada,2021-02-24,840586.0,0.0,21407.0,1191700.0,38454328
Canada,2021-02-25,840586.0,0.0,21407.0,1233502.0,38454328
Canada,2021-02-26,840586.0,0.0,21407.0,1289093.0,38454328
Canada,2021-02-27,840586.0,0.0,21407.0,1343377.0,38454328
Canada,2021-02-28,861547.0,20961.0,21738.0,1383659.0,38454328
Canada,2021-03-01,861547.0,0.0,21738.0,1430036.0,38454328
Canada,2021-03-02,861547.0,0.0,21738.0,1494965.0,38454328
Canada,2021-03-03,861547.0,0.0,21738.0,1563164.0,38454328
Canada,2021-03-04,861547.0,0.0,21738.0,1637701.0,38454328
Canada,2021-03-05,861547.0,0.0,21738.0,1720843.0,38454328
Canada,2021-03-06,861547.0,0.0,21738.0,1792300.0,38454328
Canada,2021-03-07,881754.0,20207.0,22010.0,1847941.0,38454328
Canada,2021-03-08,881754.0,0.0,22010.0,1924607.0,38454328
Canada,2021-03-09,881754.0,0.0,22010.0,1991453.0,38454328
Canada,2021-03-10,881754.0,0.0,22010.0,2065607.0,38454328
Canada,2021-03-11,881754.0,0.0,22010.0,2159483.0,38454328
Canada,2021-03-12,881754.0,0.0,22010.0,2268494.0,38454328
Canada,2021-03-13,881754.0,0.0,22010.0,2371954.0,38454328
Canada,2021-03-14,903216.0,21462.0,22217.0,2463087.0,38454328
Canada,2021-03-15,903216.0,0.0,22217.0,2582555.0,38454328
Canada,2021-03-16,903216.0,0.0,22217.0,2700064.0,38454328
Canada,2021-03-17,903216.0,0.0,22217.0,2836087.0,38454328
Canada,2021-03-18,903216.0,0.0,22217.0,2988123.0,38454328
Canada,2021-03-19,903216.0,0.0,22217.0,3147124.0,38454328
Canada,2021-03-20,903216.0,0.0,22217.0,3275989.0,38454328
Canada,2021-03-21,927062.0,23846.0,22422.0,3363438.0,38454328
Canada,2021-03-22,927062.0,0.0,22422.0,3506426.0,38454328
Canada,2021-03-23,927062.0,0.0,22422.0,3628731.0,38454328
Canada,2021-03-24,927062.0,0.0,22422.0,3796639.0,38454328
Canada,2021-03-25,927062.0,0.0,22422.0,3981395.0,38454328
Canada,2021-03-26,927062.0,0.0,22422.0,4191959.0,38454328
Canada,2021-03-27,927062.0,0.0,22422.0,4355937.0,38454328
Canada,2021-03-28,956655.0,29593.0,22629.0,4500345.0,38454328
Canada,2021-03-29,956655.0,0.0,22629.0,4683202.0,38454328
Canada,2021-03-30,956655.0,0.0,22629.0,4850007.0,38454328
Canada,2021-03-31,956655.0,0.0,22629.0,5066452.0,38454328
Canada,2021-04-01,956655.0,0.0,22629.0,5265563.0,38454328
Canada,2021-04-02,956655.0,0.0,22629.0,5430869.0,38454328
Canada,2021-04-03,956655.0,0.0,22629.0,5622317.0,38454328
Canada,2021-04-04,994836.0,38181.0,22828.0,5742389.0,38454328
Canada,2021-04-05,994836.0,0.0,22828.0,5911840.0,38454328
Canada,2021-04-06,994836.0,0.0,22828.0,6102868.0,38454328
Canada,2021-04-07,994836.0,0.0,22828.0,6320852.0,38454328
Canada,2021-04-08,994836.0,0.0,22828.0,6562592.0,38454328
Canada,2021-04-09,994836.0,0.0,22828.0,6847855.0,38454328
Canada,2021-04-10,994836.0,0.0,22828.0,7075006.0,38454328
Canada,2021-04-11,1045277.0,50441.0,23037.0,7253552.0,38454328
Canada,2021-04-12,1045277.0,0.0,23037.0,7571743.0,38454328
Canada,2021-04-13,1045277.0,0.0,23037.0,7829880.0,38454328
Canada,2021-04-14,1045277.0,0.0,23037.0,8115424.0,38454328
Canada,2021-04-15,1045277.0,0.0,23037.0,8408387.0,38454328
Canada,2021-04-16,1045277.0,0.0,23037.0,8723638.0,38454328
Canada,2021-04-17,1045277.0,0.0,23037.0,8954975.0,38454328
Canada,2021-04-18,1106065.0,60788.0,23322.0,9150490.0,38454328
Canada,2021-04-19,1106065.0,0.0,23322.0,9393143.0,38454328
Canada,2021-04-20,1106065.0,0.0,23322.0,9620789.0,38454328
Canada,2021-04-21,1106065.0,0.0,23322.0,9926414.0,38454328
Canada,2021-04-22,1106065.0,0.0,23322.0,10274785.0,38454328
Canada,2021-04-23,1106065.0,0.0,23322.0,10620564.0,38454328
Canada,2021-04-24,1106065.0,0.0,23322.0,10894195.0,38454328
Canada,2021-04-25,1164580.0,58515.0,23655.0,11117279.0,38454328
Canada,2021-04-26,1164580.0,0.0,23655.0,11371899.0,38454328
Canada,2021-04-27,1164580.0,0.0,23655.0,11613679.0,38454328
Canada,2021-04-28,1164580.0,0.0,23655.0,11863197.0,38454328
Canada,2021-04-29,1164580.0,0.0,23655.0,12148992.0,38454328
Canada,2021-04-30,1164580.0,0.0,23655.0,12413669.0,38454328
Canada,2021-05-01,1164580.0,0.0,23655.0,12629297.0,38454328
Canada,2021-05-02,1219418.0,54838.0,23994.0,12791366.0,38454328
Canada,2021-05-03,1219418.0,0.0,23994.0,13009931.0,38454328
Canada,2021-05-04,1219418.0,0.0,23994.0,13225162.0,38454328
Canada,2021-05-05,1219418.0,0.0,23994.0,13493734.0,38454328
Canada,2021-05-06,1219418.0,0.0,23994.0,13830886.0,38454328
Canada,2021-05-07,1219418.0,0.0,23994.0,14205400.0,38454328
Canada,2021-05-08,1219418.0,0.0,23994.0,14514883.0,38454328
Canada,2021-05-09,1273166.0,53748.0,24297.0,14779555.0,38454328
Canada,2021-05-10,1273166.0,0.0,24297.0,15098218.0,38454328
Canada,2021-05-11,1273166.0,0.0,24297.0,15382557.0,38454328
Canada,2021-05-12,1273166.0,0.0,24297.0,15709283.0,38454328
Canada,2021-05-13,1273166.0,0.0,24297.0,16077829.0,38454328
Canada,2021-05-14,1273166.0,0.0,24297.0,16477755.0,38454328
Canada,2021-05-15,1273166.0,0.0,24297.0,16819703.0,38454328
Canada,2021-05-16,1318412.0,45246.0,24632.0,17123404.0,38454328
Canada,2021-05-17,1318412.0,0.0,24632.0,17501156.0,38454328
Canada,2021-05-18,1318412.0,0.0,24632.0,17760088.0,38454328
Canada,2021-05-19,1318412.0,0.0,24632.0,18083562.0,38454328
Canada,2021-05-20,1318412.0,0.0,24632.0,18440492.0,38454328
Canada,2021-05-21,1318412.0,0.0,24632.0,18872008.0,38454328
Canada,2021-05-22,1318412.0,0.0,24632.0,19214056.0,38454328
Canada,2021-05-23,1352121.0,33709.0,24922.0,19500908.0,38454328
Canada,2021-05-24,1352121.0,0.0,24922.0,19838774.0,38454328
Canada,2021-05-25,1352121.0,0.0,24922.0,20071572.0,38454328
Canada,2021-05-26,1352121.0,0.0,24922.0,20342013.0,38454328
Canada,2021-05-27,1352121.0,0.0,24922.0,20673036.0,38454328
Canada,2021-05-28,1352121.0,0.0,24922.0,21060894.0,38454328
Canada,2021-05-29,1352121.0,0.0,24922.0,21339414.0,38454328
Canada,2021-05-30,1374273.0,22152.0,25192.0,21592623.0,38454328
Canada,2021-05-31,1374273.0,0.0,25192.0,21917627.0,38454328
Canada,2021-06-01,1374273.0,0.0,25192.0,22149654.0,38454328
Canada,2021-06-02,1374273.0,0.0,25192.0,22395594.0,38454328
Canada,2021-06-03,1374273.0,0.0,25192.0,22670722.0,38454328
Canada,2021-06-04,1374273.0,0.0,25192.0,22961892.0,38454328
Canada,2021-06-05,1374273.0,0.0,25192.0,23196645.0,38454328
Canada,2021-06-06,1389502.0,15229.0,25427.0,23394313.0,38454328
Canada,2021-06-07,1389502.0,0.0,25427.0,23648903.0,38454328
Canada,2021-06-08,1389502.0,0.0,25427.0,23812080.0,38454328
Canada,2021-06-09,1389502.0,0.0,25427.0,23977606.0,38454328
Canada,2021-06-10,1389502.0,0.0,25427.0,24155384.0,38454328
Canada,2021-06-11,1389502.0,0.0,25427.0,24329488.0,38454328
Canada,2021-06-12,1389502.0,0.0,25427.0,24457466.0,38454328
Canada,2021-06-13,1399717.0,10215.0,25632.0,24574571.0,38454328
Canada,2021-06-14,1399717.0,0.0,25632.0,24705348.0,38454328
Canada,2021-06-15,1399717.0,0.0,25632.0,24823238.0,38454328
Canada,2021-06-16,1399717.0,0.0,25632.0,24921327.0,38454328
Canada,2021-06-17,1399717.0,0.0,25632.0,25025706.0,38454328
Canada,2021-06-18,1399717.0,0.0,25632.0,25123823.0,38454328
Canada,2021-06-19,1399717.0,0.0,25632.0,25191559.0,38454328
Canada,2021-06-20,1407258.0,7541.0,25767.0,25251921.0,38454328
Canada,2021-06-21,1407258.0,0.0,25767.0,25332241.0,38454328
Canada,2021-06-22,1407258.0,0.0,25767.0,25395597.0,38454328
Canada,2021-06-23,1407258.0,0.0,25767.0,25454951.0,38454328
Canada,2021-06-24,1407258.0,0.0,25767.0,25523807.0,38454328
Canada,2021-06-25,1407258.0,0.0,25767.0,25580626.0,38454328
Canada,2021-06-26,1407258.0,0.0,25767.0,25625240.0,38454328
Canada,2021-06-27,1412301.0,5043.0,25943.0,25666907.0,38454328
Canada,2021-06-28,1412301.0,0.0,25943.0,25750187.0,38454328
Canada,2021-06-29,1412301.0,0.0,25943.0,25807690.0,38454328
Canada,2021-06-30,1412301.0,0.0,25943.0,25864127.0,38454328
Canada,2021-07-01,1412301.0,0.0,25943.0,25905261.0,38454328
Canada,2021-07-02,1412301.0,0.0,25943.0,25961638.0,38454328
Canada,2021-07-03,1412301.0,0.0,25943.0,25992345.0,38454328
Canada,2021-07-04,1416316.0,4015.0,26081.0,26022699.0,38454328
Canada,2021-07-05,1416316.0,0.0,26081.0,26078871.0,38454328
Canada,2021-07-06,1416316.0,0.0,26081.0,26121110.0,38454328
Canada,2021-07-07,1416316.0,0.0,26081.0,26164313.0,38454328
Canada,2021-07-08,1416316.0,0.0,26081.0,26224382.0,38454328
Canada,2021-07-09,1416316.0,0.0,26081.0,26275379.0,38454328
Canada,2021-07-10,1416316.0,0.0,26081.0,26309545.0,38454328
Canada,2021-07-11,1419964.0,3648.0,26159.0,26337072.0,38454328
Canada,2021-07-12,1419964.0,0.0,26159.0,26390857.0,38454328
Canada,2021-07-13,1419964.0,0.0,26159.0,26429380.0,38454328
Canada,2021-07-14,1419964.0,0.0,26159.0,26473371.0,38454328
Canada,2021-07-15,1419964.0,0.0,26159.0,26519006.0,38454328
Canada,2021-07-16,1419964.0,0.0,26159.0,26565104.0,38454328
Canada,2021-07-17,1419964.0,0.0,26159.0,26598014.0,38454328
Canada,2021-07-18,1422641.0,2677.0,26225.0,26621964.0,38454328
Canada,2021-07-19,1422641.0,0.0,26225.0,26665017.0,38454328
Canada,2021-07-20,1422641.0,0.0,26225.0,26701409.0,38454328
Canada,2021-07-21,1422641.0,0.0,26225.0,26741309.0,38454328
Canada,2021-07-22,1422641.0,0.0,26225.0,26783674.0,38454328
Canada,2021-07-23,1422641.0,0.0,26225.0,26824692.0,38454328
Canada,2021-07-24,1422641.0,0.0,26225.0,26855543.0,38454328
Canada,2021-07-25,1425711.0,3070.0,26274.0,26878864.0,38454328
Canada,2021-07-26,1425711.0,0.0,26274.0,26920580.0,38454328
Canada,2021-07-27,1425711.0,0.0,26274.0,26957277.0,38454328
Canada,2021-07-28,1425711.0,0.0,26274.0,26996532.0,38454328
Canada,2021-07-29,1425711.0,0.0,26274.0,27036151.0,38454328
Canada,2021-07-30,1425711.0,0.0,26274.0,27074917.0,38454328
Canada,2021-07-31,1425711.0,0.0,26274.0,27101086.0,38454328
Canada,2021-08-01,1430483.0,4772.0,26321.0,27121797.0,38454328
Canada,2021-08-02,1430483.0,0.0,26321.0,27134276.0,38454328
Canada,2021-08-03,1430483.0,0.0,26321.0,27173383.0,38454328
Canada,2021-08-04,1430483.0,0.0,26321.0,27202311.0,38454328
Canada,2021-08-05,1430483.0,0.0,26321.0,27236780.0,38454328
Canada,2021-08-06,1430483.0,0.0,26321.0,27269140.0,38454328
Canada,2021-08-07,1430483.0,0.0,26321.0,27292269.0,38454328
Canada,2021-08-08,1437701.0,7218.0,26386.0,27309092.0,38454328
Canada,2021-08-09,1437701.0,0.0,26386.0,27342041.0,38454328
Canada,2021-08-10,1437701.0,0.0,26386.0,27368534.0,38454328
Canada,2021-08-11,1437701.0,0.0,26386.0,27396297.0,38454328
Canada,2021-08-12,1437701.0,0.0,26386.0,27428713.0,38454328
Canada,2021-08-13,1437701.0,0.0,26386.0,27462274.0,38454328
Canada,2021-08-14,1437701.0,0.0,26386.0,27485861.0,38454328
Canada,2021-08-15,1449851.0,12150.0,26428.0,27504592.0,38454328
Canada,2021-08-16,1449851.0,0.0,26428.0,27537586.0,38454328
Canada,2021-08-17,1449851.0,0.0,26428.0,27566421.0,38454328
Canada,2021-08-18,1449851.0,0.0,26428.0,27596573.0,38454328
Canada,2021-08-19,1449851.0,0.0,26428.0,27633698.0,38454328
Canada,2021-08-20,1449851.0,0.0,26428.0,27670465.0,38454328
Canada,2021-08-21,1449851.0,0.0,26428.0,27696205.0,38454328
Canada,2021-08-22,1465866.0,16015.0,26521.0,27714705.0,38454328
Canada,2021-08-23,1465866.0,0.0,26521.0,27744683.0,38454328
Canada,2021-08-24,1465866.0,0.0,26521.0,27776339.0,38454328
Canada,2021-08-25,1465866.0,0.0,26521.0,27811447.0,38454328
Canada,2021-08-26,1465866.0,0.0,26521.0,27851712.0,38454328
Canada,2021-08-27,1465866.0,0.0,26521.0,27891472.0,38454328
Canada,2021-08-28,1465866.0,0.0,26521.0,27916627.0,38454328
Canada,2021-08-29,1486436.0,20570.0,26621.0,27936148.0,38454328
Canada,2021-08-30,1486436.0,0.0,26621.0,27979312.0,38454328
Canada,2021-08-31,1486436.0,0.0,26621.0,28008670.0,38454328
Canada,2021-09-01,1486436.0,0.0,26621.0,28043415.0,38454328
Canada,2021-09-02,1486436.0,0.0,26621.0,28081896.0,38454328
Canada,2021-09-03,1486436.0,0.0,26621.0,28128369.0,38454328
Canada,2021-09-04,1486436.0,0.0,26621.0,28161852.0,38454328
Canada,2021-09-05,1511212.0,24776.0,26736.0,28185371.0,38454328
Canada,2021-09-06,1511212.0,0.0,26736.0,28200000.0,38454328
Canada,2021-09-07,1511212.0,0.0,26736.0,28242017.0,38454328
Canada,2021-09-08,1511212.0,0.0,26736.0,28277972.0,38454328
Canada,2021-09-09,1511212.0,0.0,26736.0,28320118.0,38454328
Canada,2021-09-10,1511212.0,0.0,26736.0,28362095.0,38454328
Canada,2021-09-11,1511212.0,0.0,26736.0,28390004.0,38454328
Canada,2021-09-12,1538093.0,26881.0,26898.0,28410261.0,38454328
Canada,2021-09-13,1538093.0,0.0,26898.0,28453637.0,38454328
Canada,2021-09-14,1538093.0,0.0,26898.0,28486247.0,38454328
Canada,2021-09-15,1538093.0,0.0,26898.0,28522883.0,38454328
Canada,2021-09-16,1538093.0,0.0,26898.0,28563271.0,38454328
Canada,2021-09-17,1538093.0,0.0,26898.0,28618603.0,38454328
Canada,2021-09-18,1538093.0,0.0,26898.0,28644462.0,38454328
Canada,2021-09-19,1569186.0,31093.0,27096.0,28664578.0,38454328
Canada,2021-09-20,1569186.0,0.0,27096.0,28731719.0,38454328
Canada,2021-09-21,1569186.0,0.0,27096.0,28775759.0,38454328
Canada,2021-09-22,1569186.0,0.0,27096.0,28820960.0,38454328
Canada,2021-09-23,1569186.0,0.0,27096.0,28870273.0,38454328
Canada,2021-09-24,1569186.0,0.0,27096.0,28920816.0,38454328
Canada,2021-09-25,1569186.0,0.0,27096.0,28947287.0,38454328
Canada,2021-09-26,1598807.0,29621.0,27344.0,28972005.0,38454328
Canada,2021-09-27,1598807.0,0.0,27344.0,29022229.0,38454328
Canada,2021-09-28,1598807.0,0.0,27344.0,29054239.0,38454328
Canada,2021-09-29,1598807.0,0.0,27344.0,29096348.0,38454328
Canada,2021-09-30,1598807.0,0.0,27344.0,29133625.0,38454328
Canada,2021-10-01,1598807.0,0.0,27344.0,29163885.0,38454328
Canada,2021-10-02,1598807.0,0.0,27344.0,29184187.0,38454328
Canada,2021-10-03,1629142.0,30335.0,27642.0,29201636.0,38454328
Canada,2021-10-04,1629142.0,0.0,27642.0,29240321.0,38454328
Canada,2021-10-05,1629142.0,0.0,27642.0,29271346.0,38454328
Canada,2021-10-06,1629142.0,0.0,27642.0,29303757.0,38454328
Canada,2021-10-07,1629142.0,0.0,27642.0,29335088.0,38454328
Canada,2021-10-08,1629142.0,0.0,27642.0,29368687.0,38454328
Canada,2021-10-09,1629142.0,0.0,27642.0,29391595.0,38454328
Canada,2021-10-10,1655364.0,26222.0,27904.0,29409325.0,38454328
Canada,2021-10-11,1655364.0,0.0,27904.0,29419888.0,38454328
Canada,2021-10-12,1655364.0,0.0,27904.0,29463320.0,38454328
Canada,2021-10-13,1655364.0,0.0,27904.0,29478681.0,38454328
Canada,2021-10-14,1655364.0,0.0,27904.0,29510276.0,38454328
Canada,2021-10-15,1655364.0,0.0,27904.0,29543810.0,38454328
Canada,2021-10-16,1655364.0,0.0,27904.0,29560915.0,38454328
Canada,2021-10-17,1676846.0,21482.0,28186.0,29576369.0,38454328
Canada,2021-10-18,1676846.0,0.0,28186.0,29602771.0,38454328
Canada,2021-10-19,1676846.0,0.0,28186.0,29621983.0,38454328
Canada,2021-10-20,1676846.0,0.0,28186.0,29644513.0,38454328
Canada,2021-10-21,1676846.0,0.0,28186.0,29671014.0,38454328
Canada,2021-10-22,1676846.0,0.0,28186.0,29696355.0,38454328
Canada,2021-10-23,1676846.0,0.0,28186.0,29711024.0,38454328
Canada,2021-10-24,1695914.0,19068.0,28447.0,29723597.0,38454328
Canada,2021-10-25,1695914.0,0.0,28447.0,29744453.0,38454328
Canada,2021-10-26,1695914.0,0.0,28447.0,29763399.0,38454328
Canada,2021-10-27,1695914.0,0.0,28447.0,29781374.0,38454328
Canada,2021-10-28,1695914.0,0.0,28447.0,29804413.0,38454328
Canada,2021-10-29,1695914.0,0.0,28447.0,29829246.0,38454328
Canada,2021-10-30,1695914.0,0.0,28447.0,29840903.0,38454328
Canada,2021-10-31,1712128.0,16214.0,28669.0,29851094.0,38454328
Canada,2021-11-01,1712128.0,0.0,28669.0,29863809.0,38454328
Canada,2021-11-02,1712128.0,0.0,28669.0,29871265.0,38454328
Canada,2021-11-03,1712128.0,0.0,28669.0,29888388.0,38454328
Canada,2021-11-04,1712128.0,0.0,28669.0,29907282.0,38454328
Canada,2021-11-05,1712128.0,0.0,28669.0,29922746.0,38454328
Canada,2021-11-06,1712128.0,0.0,28669.0,29930112.0,38454328
Canada,2021-11-07,1727683.0,15555.0,28847.0,29938547.0,38454328
Canada,2021-11-08,1727683.0,0.0,28847.0,29956922.0,38454328
Canada,2021-11-09,1727683.0,0.0,28847.0,29965808.0,38454328
Canada,2021-11-10,1727683.0,0.0,28847.0,29989662.0,38454328
Canada,2021-11-11,1727683.0,0.0,28847.0,30000099.0,38454328
Canada,2021-11-12,1727683.0,0.0,28847.0,30018029.0,38454328
Canada,2021-11-13,1727683.0,0.0,28847.0,30027241.0,38454328
Canada,2021-11-14,1745349.0,17666.0,29022.0,30035316.0,38454328
Canada,2021-11-15,1745349.0,0.0,29022.0,30051086.0,38454328
Canada,2021-11-16,1745349.0,0.0,29022.0,30062435.0,38454328
Canada,2021-11-17,1745349.0,0.0,29022.0,30080964.0,38454328
Canada,2021-11-18,1745349.0,0.0,29022.0,30098115.0,38454328
Canada,2021-11-19,1745349.0,0.0,29022.0,30110872.0,38454328
Canada,2021-11-20,1745349.0,0.0,29022.0,30119878.0,38454328
Canada,2021-11-21,1762434.0,17085.0,29193.0,30127171.0,38454328
Canada,2021-11-22,1762434.0,0.0,29193.0,30142171.0,38454328
Canada,2021-11-23,1762434.0,0.0,29193.0,30150377.0,38454328
Canada,2021-11-24,1762434.0,0.0,29193.0,30150704.0,38454328
Canada,2021-11-25,1762434.0,0.0,29193.0,30167839.0,38454328
Canada,2021-11-26,1762434.0,0.0,29193.0,30200920.0,38454328
Canada,2021-11-27,1762434.0,0.0,29193.0,30249523.0,38454328
Canada,2021-11-28,1782171.0,19737.0,29330.0,30310605.0,38454328
Canada,2021-11-29,1782171.0,0.0,29330.0,30379510.0,38454328
Canada,2021-11-30,1782171.0,0.0,29330.0,30448716.0,38454328
Canada,2021-12-01,1782171.0,0.0,29330.0,30502030.0,38454328
Canada,2021-12-02,1782171.0,0.0,29330.0,30571013.0,38454328
Canada,2021-12-03,1782171.0,0.0,29330.0,30641152.0,38454328
Canada,2021-12-04,1782171.0,0.0,29330.0,30698347.0,38454328
Canada,2021-12-05,1802359.0,20188.0,29468.0,30761545.0,38454328
Canada,2021-12-06,1802359.0,0.0,29468.0,30848451.0,38454328
Canada,2021-12-07,1802359.0,0.0,29468.0,30905870.0,38454328
Canada,2021-12-08,1802359.0,0.0,29468.0,30964457.0,38454328
Canada,2021-12-09,1802359.0,0.0,29468.0,31022656.0,38454328
Canada,2021-12-10,1802359.0,0.0,29468.0,31066250.0,38454328
Canada,2021-12-11,1802359.0,0.0,29468.0,31107970.0,38454328
Canada,2021-12-12,1827755.0,25396.0,29610.0,31153192.0,38454328
Canada,2021-12-13,1827755.0,0.0,29610.0,31225262.0,38454328
Canada,2021-12-14,1827755.0,0.0,29610.0,31261111.0,38454328
Canada,2021-12-15,1827755.0,0.0,29610.0,31308314.0,38454328
Canada,2021-12-16,1827755.0,0.0,29610.0,31354553.0,38454328
Canada,2021-12-17,1827755.0,0.0,29610.0,31395123.0,38454328
Canada,2021-12-18,1827755.0,0.0,29610.0,31424468.0,38454328
Canada,2021-12-19,1867700.0,39945.0,29742.0,31457277.0,38454328
Canada,2021-12-20,1867700.0,0.0,29742.0,31510712.0,38454328
Canada,2021-12-21,1867700.0,0.0,29742.0,31553419.0,38454328
Canada,2021-12-22,1867700.0,0.0,29742.0,31587466.0,38454328
Canada,2021-12-23,1867700.0,0.0,29742.0,31621400.0,38454328
Canada,2021-12-24,1867700.0,0.0,29742.0,,38454328
Canada,2021-12-25,1867700.0,0.0,29742.0,31649467.0,38454328
Canada,2021-12-26,1961723.0,94023.0,29851.0,31649977.0,38454328
Canada,2021-12-27,1961723.0,0.0,29851.0,31652630.0,38454328
Canada,2021-12-28,1961723.0,0.0,29851.0,31665961.0,38454328
Canada,2021-12-29,1961723.0,0.0,29851.0,31705383.0,38454328
Canada,2021-12-30,1961723.0,0.0,29851.0,31725902.0,38454328
Canada,2021-12-31,1961723.0,0.0,29851.0,31746146.0,38454328
Canada,2022-01-01,1961723.0,0.0,29851.0,31754134.0,38454328
Canada,2022-01-02,2188309.0,226586.0,30024.0,31755471.0,38454328
Canada,2022-01-03,2188309.0,0.0,30024.0,31763212.0,38454328
Canada,2022-01-04,2188309.0,0.0,30024.0,31797596.0,38454328
Canada,2022-01-05,2188309.0,0.0,30024.0,31818961.0,38454328
Canada,2022-01-06,2188309.0,0.0,30024.0,31837073.0,38454328
Canada,2022-01-07,2188309.0,0.0,30024.0,31866038.0,38454328
Canada,2022-01-08,2188309.0,0.0,30024.0,31882770.0,38454328
Canada,2022-01-09,2482142.0,293833.0,30363.0,31899426.0,38454328
Canada,2022-01-10,2482142.0,0.0,30363.0,31927118.0,38454328
Canada,2022-01-11,2482142.0,0.0,30363.0,31948456.0,38454328
Canada,2022-01-12,2482142.0,0.0,30363.0,31971354.0,38454328
Canada,2022-01-13,2482142.0,0.0,30363.0,31998826.0,38454328
Canada,2022-01-14,2482142.0,0.0,30363.0,32026464.0,38454328
Canada,2022-01-15,2482142.0,0.0,30363.0,32045856.0,38454328
Canada,2022-01-16,2720411.0,238269.0,30986.0,32064938.0,38454328
Canada,2022-01-17,2720411.0,0.0,30986.0,32096752.0,38454328
Canada,2022-01-18,2720411.0,0.0,30986.0,32108350.0,38454328
Canada,2022-01-19,2720411.0,0.0,30986.0,32135262.0,38454328
Canada,2022-01-20,2720411.0,0.0,30986.0,32142361.0,38454328
Canada,2022-01-21,2720411.0,0.0,30986.0,32155449.0,38454328
Canada,2022-01-22,2720411.0,0.0,30986.0,32171177.0,38454328
Canada,2022-01-23,2892021.0,171610.0,32001.0,32185597.0,38454328
Canada,2022-01-24,2892021.0,0.0,32001.0,32210568.0,38454328
Canada,2022-01-25,2892021.0,0.0,32001.0,32234630.0,38454328
Canada,2022-01-26,2892021.0,0.0,32001.0,32250148.0,38454328
Canada,2022-01-27,2892021.0,0.0,32001.0,32266840.0,38454328
Canada,2022-01-28,2892021.0,0.0,32001.0,32282826.0,38454328
Canada,2022-01-29,2892021.0,0.0,32001.0,32294584.0,38454328
Canada,2022-01-30,3016024.0,124003.0,33119.0,32304788.0,38454328
Canada,2022-01-31,3016024.0,0.0,33119.0,32331655.0,38454328
Canada,2022-02-01,3016024.0,0.0,33119.0,32344680.0,38454328
Canada,2022-02-02,3016024.0,0.0,33119.0,32351791.0,38454328
Canada,2022-02-03,3016024.0,0.0,33119.0,32362574.0,38454328
Canada,2022-02-04,3016024.0,0.0,33119.0,32374354.0,38454328
Canada,2022-02-05,3016024.0,0.0,33119.0,32382918.0,38454328
Canada,2022-02-06,3110337.0,94313.0,34099.0,32390105.0,38454328
Canada,2022-02-07,3110337.0,0.0,34099.0,32396613.0,38454328
Canada,2022-02-08,3110337.0,0.0,34099.0,32411426.0,38454328
Canada,2022-02-09,3110337.0,0.0,34099.0,32420521.0,38454328
Canada,2022-02-10,3110337.0,0.0,34099.0,32431176.0,38454328
Canada,2022-02-11,3110337.0,0.0,34099.0,32434220.0,38454328
Canada,2022-02-12,3110337.0,0.0,34099.0,32441011.0,38454328
Canada,2022-02-13,3180839.0,70502.0,34916.0,32446189.0,38454328
Canada,2022-02-14,3180839.0,0.0,34916.0,32451128.0,38454328
Canada,2022-02-15,3180839.0,0.0,34916.0,,38454328
Canada,2022-02-16,3180839.0,0.0,34916.0,32468054.0,38454328
Canada,2022-02-17,3180839.0,0.0,34916.0,32475426.0,38454328
Canada,2022-02-18,3180839.0,0.0,34916.0,32481159.0,38454328
Canada,2022-02-19,3180839.0,0.0,34916.0,32485236.0,38454328
Canada,2022-02-20,3234312.0,53473.0,35529.0,32487789.0,38454328
Canada,2022-02-21,3234312.0,0.0,35529.0,32489360.0,38454328
Canada,2022-02-22,3234312.0,0.0,35529.0,,38454328
Canada,2022-02-23,3234312.0,0.0,35529.0,32504553.0,38454328
Canada,2022-02-24,3234312.0,0.0,35529.0,,38454328
Canada,2022-02-25,3234312.0,0.0,35529.0,32514886.0,38454328
Canada,2022-02-26,3234312.0,0.0,35529.0,32518004.0,38454328
Canada,2022-02-27,3276987.0,42675.0,35994.0,32520342.0,38454328
Canada,2022-02-28,3276987.0,0.0,35994.0,32525071.0,38454328
Canada,2022-03-01,3276987.0,0.0,35994.0,,38454328
Canada,2022-03-02,3276987.0,0.0,35994.0,32531792.0,38454328
Canada,2022-03-03,3276987.0,0.0,35994.0,,38454328
Canada,2022-03-04,3276987.0,0.0,35994.0,32539385.0,38454328
Canada,2022-03-05,3276987.0,0.0,35994.0,32541643.0,38454328
Canada,2022-03-06,3317500.0,40513.0,36429.0,32543403.0,38454328
Canada,2022-03-07,3317500.0,0.0,36429.0,32547063.0,38454328
Canada,2022-03-08,3317500.0,0.0,36429.0,32548999.0,38454328
Canada,2022-03-09,3317500.0,0.0,36429.0,32552116.0,38454328
Canada,2022-03-10,3317500.0,0.0,36429.0,,38454328
Canada,2022-03-11,3317500.0,0.0,36429.0,,38454328
Canada,2022-03-12,3317500.0,0.0,36429.0,,38454328
Canada,2022-03-13,3356496.0,38996.0,36849.0,,38454328
Canada,2022-03-14,3356496.0,0.0,36849.0,,38454328
Canada,2022-03-15,3356496.0,0.0,36849.0,,38454328
Canada,2022-03-16,3356496.0,0.0,36849.0,,38454328
Canada,2022-03-17,3356496.0,0.0,36849.0,,38454328
Canada,2022-03-18,3356496.0,0.0,36849.0,,38454328
Canada,2022-03-19,3356496.0,0.0,36849.0,,38454328
Canada,2022-03-20,3393835.0,37339.0,37150.0,32558147.0,38454328
Canada,2022-03-21,3393835.0,0.0,37150.0,32559826.0,38454328
Canada,2022-03-22,3393835.0,0.0,37150.0,32561890.0,38454328
Canada,2022-03-23,3393835.0,0.0,37150.0,32564709.0,38454328
Canada,2022-03-24,3393835.0,0.0,37150.0,32566645.0,38454328
Canada,2022-03-25,3393835.0,0.0,37150.0,32568391.0,38454328
Canada,2022-03-26,3393835.0,0.0,37150.0,32569895.0,38454328
Canada,2022-03-27,3436006.0,42171.0,37411.0,,38454328
Canada,2022-03-28,3436006.0,0.0,37411.0,,38454328
Canada,2022-03-29,3436006.0,0.0,37411.0,,38454328
Canada,2022-03-30,3436006.0,0.0,37411.0,32570639.0,38454328
Canada,2022-03-31,3436006.0,0.0,37411.0,32579160.0,38454328
Canada,2022-04-01,3436006.0,0.0,37411.0,32581126.0,38454328
Canada,2022-04-02,3436006.0,0.0,37411.0,32582606.0,38454328
Canada,2022-04-03,3492403.0,56397.0,37671.0,32583954.0,38454328
Canada,2022-04-04,3492403.0,0.0,37671.0,32584569.0,38454328
Canada,2022-04-05,3492403.0,0.0,37671.0,32585784.0,38454328
Canada,2022-04-06,3492403.0,0.0,37671.0,32588486.0,38454328
Canada,2022-04-07,3492403.0,0.0,37671.0,32590238.0,38454328
Canada,2022-04-08,3492403.0,0.0,37671.0,32591571.0,38454328
Canada,2022-04-09,3492403.0,0.0,37671.0,32593114.0,38454328
Canada,2022-04-10,3561059.0,68656.0,37977.0,32594657.0,38454328
Canada,2022-04-11,3561059.0,0.0,37977.0,32595239.0,38454328
Canada,2022-04-12,3561059.0,0.0,37977.0,32596760.0,38454328
Canada,2022-04-13,3561059.0,0.0,37977.0,32599632.0,38454328
Canada,2022-04-14,3561059.0,0.0,37977.0,32601063.0,38454328
Canada,2022-04-15,3561059.0,0.0,37977.0,32602879.0,38454328
Canada,2022-04-16,3561059.0,0.0,37977.0,32603573.0,38454328
Canada,2022-04-17,3628005.0,66946.0,38301.0,32604898.0,38454328
Canada,2022-04-18,3628005.0,0.0,38301.0,32605288.0,38454328
Canada,2022-04-19,3628005.0,0.0,38301.0,32606877.0,38454328
Canada,2022-04-20,3628005.0,0.0,38301.0,32617381.0,38454328
Canada,2022-04-21,3628005.0,0.0,38301.0,32654648.0,38454328
Canada,2022-04-22,3628005.0,0.0,38301.0,32656224.0,38454328
Canada,2022-04-23,3628005.0,0.0,38301.0,32657942.0,38454328
Canada,2022-04-24,3691252.0,63247.0,38753.0,32659538.0,38454328
Canada,2022-04-25,3691252.0,0.0,38753.0,32660257.0,38454328
Canada,2022-04-26,3691252.0,0.0,38753.0,32662457.0,38454328
Canada,2022-04-27,3691252.0,0.0,38753.0,32665766.0,38454328
Canada,2022-04-28,3691252.0,0.0,38753.0,32671985.0,38454328
Canada,2022-04-29,3691252.0,0.0,38753.0,32673674.0,38454328
Canada,2022-04-30,3691252.0,0.0,38753.0,32675103.0,38454328
Canada,2022-05-01,3745771.0,54519.0,39230.0,32676353.0,38454328
Canada,2022-05-02,3745771.0,0.0,39230.0,32676849.0,38454328
Canada,2022-05-03,3745771.0,0.0,39230.0,32679275.0,38454328
Canada,2022-05-04,3745771.0,0.0,39230.0,32682746.0,38454328
Canada,2022-05-05,3745771.0,0.0,39230.0,32687208.0,38454328
Canada,2022-05-06,3745771.0,0.0,39230.0,32688888.0,38454328
Canada,2022-05-07,3745771.0,0.0,39230.0,32690375.0,38454328
Canada,2022-05-08,3786840.0,41069.0,39716.0,32691759.0,38454328
Canada,2022-05-09,3786840.0,0.0,39716.0,32696839.0,38454328
Canada,2022-05-10,3786840.0,0.0,39716.0,32715947.0,38454328
Canada,2022-05-11,3786840.0,0.0,39716.0,,38454328
Canada,2022-05-12,3786840.0,0.0,39716.0,,38454328
Canada,2022-05-13,3786840.0,0.0,39716.0,,38454328
Canada,2022-05-14,3786840.0,0.0,39716.0,,38454328
Canada,2022-05-15,3819258.0,32418.0,40217.0,,38454328
Canada,2022-05-16,3819258.0,0.0,40217.0,,38454328
Canada,2022-05-17,3819258.0,0.0,40217.0,,38454328
Canada,2022-05-18,3819258.0,0.0,40217.0,,38454328
Canada,2022-05-19,3819258.0,0.0,40217.0,,38454328
Canada,2022-05-20,3819258.0,0.0,40217.0,,38454328
Canada,2022-05-21,3819258.0,0.0,40217.0,,38454328
Canada,2022-05-22,3844313.0,25055.0,40664.0,,38454328
Canada,2022-05-23,3844313.0,0.0,40664.0,,38454328
Canada,2022-05-24,3844313.0,0.0,40664.0,,38454328
Canada,2022-05-25,3844313.0,0.0,40664.0,,38454328
Canada,2022-05-26,3844313.0,0.0,40664.0,,38454328
Canada,2022-05-27,3844313.0,0.0,40664.0,,38454328
Canada,2022-05-28,3844313.0,0.0,40664.0,,38454328
Canada,2022-05-29,3862713.0,18400.0,40967.0,,38454328
Canada,2022-05-30,3862713.0,0.0,40967.0,,38454328
Canada,2022-05-31,3862713.0,0.0,40967.0,,38454328
Canada,2022-06-01,3862713.0,0.0,40967.0,,38454328
Canada,2022-06-02,3862713.0,0.0,40967.0,32731538.0,38454328
Canada,2022-06-03,3862713.0,0.0,40967.0,32732684.0,38454328
Canada,2022-06-04,3862713.0,0.0,40967.0,32733857.0,38454328
Canada,2022-06-05,3879739.0,17026.0,41271.0,32738144.0,38454328
Canada,2022-06-06,3879739.0,0.0,41271.0,32738507.0,38454328
Canada,2022-06-07,3879739.0,0.0,41271.0,32739508.0,38454328
Canada,2022-06-08,3879739.0,0.0,41271.0,32749639.0,38454328
Canada,2022-06-09,3879739.0,0.0,41271.0,32752864.0,38454328
Canada,2022-06-10,3879739.0,0.0,41271.0,32754116.0,38454328
Canada,2022-06-11,3879739.0,0.0,41271.0,32755167.0,38454328
Canada,2022-06-12,3892409.0,12670.0,41348.0,32756145.0,38454328
Canada,2022-06-13,3892409.0,0.0,41348.0,32756594.0,38454328
Canada,2022-06-14,3892409.0,0.0,41348.0,32757571.0,38454328
Canada,2022-06-15,3892409.0,0.0,41348.0,32759798.0,38454328
Canada,2022-06-16,3892409.0,0.0,41348.0,32762939.0,38454328
Canada,2022-06-17,3892409.0,0.0,41348.0,32763767.0,38454328
Canada,2022-06-18,3892409.0,0.0,41348.0,32764646.0,38454328
Canada,2022-06-19,3915721.0,23312.0,41017.0,32765451.0,38454328
Canada,2022-06-20,3915721.0,0.0,41017.0,32765810.0,38454328
Canada,2022-06-21,3915721.0,0.0,41017.0,32766619.0,38454328
Canada,2022-06-22,3915721.0,0.0,41017.0,32768241.0,38454328
Canada,2022-06-23,3915721.0,0.0,41017.0,32773313.0,38454328
Canada,2022-06-24,3915721.0,0.0,41017.0,32774571.0,38454328
Canada,2022-06-25,3915721.0,0.0,41017.0,32775198.0,38454328
Canada,2022-06-26,3931184.0,15463.0,41160.0,32775817.0,38454328
Canada,2022-06-27,3931184.0,0.0,41160.0,32776067.0,38454328
Canada,2022-06-28,3931184.0,0.0,41160.0,32776785.0,38454328
Canada,2022-06-29,3931184.0,0.0,41160.0,32777533.0,38454328
Canada,2022-06-30,3931184.0,0.0,41160.0,32778859.0,38454328
Canada,2022-07-01,3931184.0,0.0,41160.0,32779932.0,38454328
Canada,2022-07-02,3931184.0,0.0,41160.0,32780121.0,38454328
Canada,2022-07-03,3948936.0,17752.0,41300.0,32780733.0,38454328
Canada,2022-07-04,3948936.0,0.0,41300.0,32780975.0,38454328
Canada,2022-07-05,3948936.0,0.0,41300.0,32781754.0,38454328
Canada,2022-07-06,3948936.0,0.0,41300.0,32784529.0,38454328
Canada,2022-07-07,3948936.0,0.0,41300.0,32787133.0,38454328
Canada,2022-07-08,3948936.0,0.0,41300.0,32787819.0,38454328
Canada,2022-07-09,3948936.0,0.0,41300.0,32789582.0,38454328
Canada,2022-07-10,3971598.0,22662.0,41452.0,32790498.0,38454328
Canada,2022-07-11,3971598.0,0.0,41452.0,32790951.0,38454328
Canada,2022-07-12,3971598.0,0.0,41452.0,32791953.0,38454328
Canada,2022-07-13,3971598.0,0.0,41452.0,32795983.0,38454328
Canada,2022-07-14,3971598.0,0.0,41452.0,32797147.0,38454328
Canada,2022-07-15,3971598.0,0.0,41452.0,32799123.0,38454328
Canada,2022-07-16,3971598.0,0.0,41452.0,32800647.0,38454328
Canada,2022-07-17,3999155.0,27557.0,41626.0,32801897.0,38454328
Canada,2022-07-18,3999155.0,0.0,41626.0,32802294.0,38454328
Canada,2022-07-19,3999155.0,0.0,41626.0,32803502.0,38454328
Canada,2022-07-20,3999155.0,0.0,41626.0,,38454328
Canada,2022-07-21,3999155.0,0.0,41626.0,,38454328
Canada,2022-07-22,3999155.0,0.0,41626.0,,38454328
Canada,2022-07-23,3999155.0,0.0,41626.0,,38454328
Canada,2022-07-24,4031590.0,32435.0,41868.0,,38454328
Canada,2022-07-25,4031590.0,0.0,41868.0,,38454328
Canada,2022-07-26,4031590.0,0.0,41868.0,,38454328
Canada,2022-07-27,4031590.0,0.0,41868.0,32804071.0,38454328
Canada,2022-07-28,4031590.0,0.0,41868.0,32807717.0,38454328
Canada,2022-07-29,4031590.0,0.0,41868.0,,38454328
Canada,2022-07-30,4031590.0,0.0,41868.0,,38454328
Canada,2022-07-31,4064909.0,33319.0,42159.0,,38454328
Canada,2022-08-01,4064909.0,0.0,42159.0,32853371.0,38454328
Canada,2022-08-02,4064909.0,0.0,42159.0,32858962.0,38454328
Canada,2022-08-03,4064909.0,0.0,42159.0,32861692.0,38454328
Canada,2022-08-04,4064909.0,0.0,42159.0,,38454328
Canada,2022-08-05,4064909.0,0.0,42159.0,32861835.0,38454328
Canada,2022-08-06,4064909.0,0.0,42159.0,32863741.0,38454328
Canada,2022-08-07,4093758.0,28849.0,42422.0,,38454328
Canada,2022-08-08,4093758.0,0.0,42422.0,,38454328
Canada,2022-08-09,4093758.0,0.0,42422.0,,38454328
Canada,2022-08-10,4093758.0,0.0,42422.0,,38454328
Canada,2022-08-11,4093758.0,0.0,42422.0,,38454328
Canada,2022-08-12,4093758.0,0.0,42422.0,32867470.0,38454328
Canada,2022-08-13,4093758.0,0.0,42422.0,32871122.0,38454328
Canada,2022-08-14,4119450.0,25692.0,42768.0,32874618.0,38454328
Canada,2022-08-15,4119450.0,0.0,42768.0,32875514.0,38454328
Canada,2022-08-16,4119450.0,0.0,42768.0,32881439.0,38454328
Canada,2022-08-17,4119450.0,0.0,42768.0,32892422.0,38454328
Canada,2022-08-18,4119450.0,0.0,42768.0,32908798.0,38454328
Canada,2022-08-19,4119450.0,0.0,42768.0,32921940.0,38454328
Canada,2022-08-20,4119450.0,0.0,42768.0,32931221.0,38454328
Canada,2022-08-21,4143356.0,23906.0,43027.0,32935719.0,38454328
Canada,2022-08-22,4143356.0,0.0,43027.0,32938376.0,38454328
Canada,2022-08-23,4143356.0,0.0,43027.0,32947930.0,38454328
Canada,2022-08-24,4143356.0,0.0,43027.0,32964035.0,38454328
Canada,2022-08-25,4143356.0,0.0,43027.0,,38454328
Canada,2022-08-26,4143356.0,0.0,43027.0,32989094.0,38454328
Canada,2022-08-27,4143356.0,0.0,43027.0,32990794.0,38454328
Canada,2022-08-28,4166438.0,23082.0,43327.0,32992154.0,38454328
Canada,2022-08-29,4166438.0,0.0,43327.0,33007872.0,38454328
Canada,2022-08-30,4166438.0,0.0,43327.0,33016233.0,38454328
Canada,2022-08-31,4166438.0,0.0,43327.0,33031462.0,38454328
Canada,2022-09-01,4166438.0,0.0,43327.0,33053408.0,38454328
Canada,2022-09-02,4166438.0,0.0,43327.0,33063708.0,38454328
Canada,2022-09-03,4166438.0,0.0,43327.0,33065459.0,38454328
Canada,2022-09-04,4187524.0,21086.0,43629.0,33066559.0,38454328
Canada,2022-09-05,4187524.0,0.0,43629.0,33078118.0,38454328
Canada,2022-09-06,4187524.0,0.0,43629.0,33079701.0,38454328
Canada,2022-09-07,4187524.0,0.0,43629.0,33092849.0,38454328
Canada,2022-09-08,4187524.0,0.0,43629.0,33107501.0,38454328
Canada,2022-09-09,4187524.0,0.0,43629.0,33118189.0,38454328
Canada,2022-09-10,4187524.0,0.0,43629.0,33119687.0,38454328
Canada,2022-09-11,4206002.0,18478.0,43882.0,33120755.0,38454328
Canada,2022-09-12,4206002.0,0.0,43882.0,33142044.0,38454328
Canada,2022-09-13,4206002.0,0.0,43882.0,33152061.0,38454328
Canada,2022-09-14,4206002.0,0.0,43882.0,33168692.0,38454328
Canada,2022-09-15,4206002.0,0.0,43882.0,33186076.0,38454328
Canada,2022-09-16,4206002.0,0.0,43882.0,33202505.0,38454328
Canada,2022-09-17,4206002.0,0.0,43882.0,33203585.0,38454328
Canada,2022-09-18,4222728.0,16726.0,44109.0,33204305.0,38454328
Canada,2022-09-19,4222728.0,0.0,44109.0,33227044.0,38454328
Canada,2022-09-20,4222728.0,0.0,44109.0,33236959.0,38454328
Canada,2022-09-21,4222728.0,0.0,44109.0,33252697.0,38454328
Canada,2022-09-22,4222728.0,0.0,44109.0,33269522.0,38454328
Canada,2022-09-23,4222728.0,0.0,44109.0,33284174.0,38454328
Canada,2022-09-24,4222728.0,0.0,44109.0,33285186.0,38454328
Canada,2022-09-25,4240286.0,17558.0,44333.0,33285846.0,38454328
Canada,2022-09-26,4240286.0,0.0,44333.0,33310440.0,38454328
Canada,2022-09-27,4240286.0,0.0,44333.0,33319476.0,38454328
Canada,2022-09-28,4240286.0,0.0,44333.0,33334426.0,38454328
Canada,2022-09-29,4240286.0,0.0,44333.0,33351933.0,38454328
Canada,2022-09-30,4240286.0,0.0,44333.0,33365905.0,38454328
Canada,2022-10-01,4240286.0,0.0,44333.0,33366551.0,38454328
Canada,2022-10-02,4258929.0,18643.0,44543.0,33367359.0,38454328
Canada,2022-10-03,4258929.0,0.0,44543.0,33390470.0,38454328
Canada,2022-10-04,4258929.0,0.0,44543.0,33396538.0,38454328
Canada,2022-10-05,4258929.0,0.0,44543.0,33407666.0,38454328
Canada,2022-10-06,4258929.0,0.0,44543.0,33423923.0,38454328
Canada,2022-10-07,4258929.0,0.0,44543.0,33436926.0,38454328
Canada,2022-10-08,4258929.0,0.0,44543.0,33447099.0,38454328
Canada,2022-10-09,4278563.0,19634.0,44774.0,33447500.0,38454328
Canada,2022-10-10,4278563.0,0.0,44774.0,33469046.0,38454328
Canada,2022-10-11,4278563.0,0.0,44774.0,33472137.0,38454328
Canada,2022-10-12,4278563.0,0.0,44774.0,33487681.0,38454328
Canada,2022-10-13,4278563.0,0.0,44774.0,33509878.0,38454328
Canada,2022-10-14,4278563.0,0.0,44774.0,33525249.0,38454328
Canada,2022-10-15,4278563.0,0.0,44774.0,33526109.0,38454328
Canada,2022-10-16,4298975.0,20412.0,45061.0,33526735.0,38454328
Canada,2022-10-17,4298975.0,0.0,45061.0,33550930.0,38454328
Canada,2022-10-18,4298975.0,0.0,45061.0,33561247.0,38454328
Canada,2022-10-19,4298975.0,0.0,45061.0,33577638.0,38454328
Canada,2022-10-20,4298975.0,0.0,45061.0,33625594.0,38454328
Canada,2022-10-21,4298975.0,0.0,45061.0,33642563.0,38454328
Canada,2022-10-22,4298975.0,0.0,45061.0,33643778.0,38454328
Canada,2022-10-23,4320429.0,21454.0,45440.0,33644410.0,38454328
Canada,2022-10-24,4320429.0,0.0,45440.0,33670360.0,38454328
Canada,2022-10-25,4320429.0,0.0,45440.0,33680292.0,38454328
Canada,2022-10-26,4320429.0,0.0,45440.0,33696950.0,38454328
Canada,2022-10-27,4320429.0,0.0,45440.0,33766246.0,38454328
Canada,2022-10-28,4320429.0,0.0,45440.0,33780417.0,38454328
Canada,2022-10-29,4320429.0,0.0,45440.0,33781389.0,38454328
Canada,2022-10-30,4341788.0,21359.0,45820.0,33782112.0,38454328
Canada,2022-10-31,4341788.0,0.0,45820.0,33806606.0,38454328
Canada,2022-11-01,4341788.0,0.0,45820.0,33815241.0,38454328
Canada,2022-11-02,4341788.0,0.0,45820.0,33829761.0,38454328
Canada,2022-11-03,4341788.0,0.0,45820.0,33908720.0,38454328
Canada,2022-11-04,4341788.0,0.0,45820.0,33921241.0,38454328
Canada,2022-11-05,4341788.0,0.0,45820.0,33922137.0,38454328
Canada,2022-11-06,4362752.0,20964.0,46196.0,33922757.0,38454328
Canada,2022-11-07,4362752.0,0.0,46196.0,,38454328
Canada,2022-11-08,4362752.0,0.0,46196.0,,38454328
Canada,2022-11-09,4362752.0,0.0,46196.0,33930673.0,38454328
Canada,2022-11-10,4362752.0,0.0,46196.0,,38454328
Canada,2022-11-11,4362752.0,0.0,46196.0,,38454328
Canada,2022-11-12,4362752.0,0.0,46196.0,,38454328
Canada,2022-11-13,4381148.0,18396.0,46540.0,,38454328
Canada,2022-11-14,4381148.0,0.0,46540.0,33947554.0,38454328
Canada,2022-11-15,4381148.0,0.0,46540.0,34072081.0,38454328
Canada,2022-11-16,4381148.0,0.0,46540.0,34086076.0,38454328
Canada,2022-11-17,4381148.0,0.0,46540.0,34143735.0,38454328
Canada,2022-11-18,4381148.0,0.0,46540.0,34157113.0,38454328
Canada,2022-11-19,4381148.0,0.0,46540.0,,38454328
Canada,2022-11-20,4396437.0,15289.0,46844.0,34159117.0,38454328
Canada,2022-11-21,4396437.0,0.0,46844.0,34179898.0,38454328
Canada,2022-11-22,4396437.0,0.0,46844.0,34188278.0,38454328
Canada,2022-11-23,4396437.0,0.0,46844.0,34201014.0,38454328
Canada,2022-11-24,4396437.0,0.0,46844.0,34259514.0,38454328
Canada,2022-11-25,4396437.0,0.0,46844.0,34271156.0,38454328
Canada,2022-11-26,4396437.0,0.0,46844.0,34272280.0,38454328
Canada,2022-11-27,4411019.0,14582.0,47166.0,34272961.0,38454328
Canada,2022-11-28,4411019.0,0.0,47166.0,34292156.0,38454328
Canada,2022-11-29,4411019.0,0.0,47166.0,34299151.0,38454328
Canada,2022-11-30,4411019.0,0.0,47166.0,34310820.0,38454328
Canada,2022-12-01,4411019.0,0.0,47166.0,34358732.0,38454328
Canada,2022-12-02,4411019.0,0.0,47166.0,34368028.0,38454328
Canada,2022-12-03,4411019.0,0.0,47166.0,,38454328
Canada,2022-12-04,4426153.0,15134.0,47474.0,34369330.0,38454328
Canada,2022-12-05,4426153.0,0.0,47474.0,34387225.0,38454328
Canada,2022-12-06,4426153.0,0.0,47474.0,34392865.0,38454328
Canada,2022-12-07,4426153.0,0.0,47474.0,34403116.0,38454328
Canada,2022-12-08,4426153.0,0.0,47474.0,34446142.0,38454328
Canada,2022-12-09,4426153.0,0.0,47474.0,34456191.0,38454328
Canada,2022-12-10,4426153.0,0.0,47474.0,,38454328
Canada,2022-12-11,4442362.0,16209.0,47759.0,,38454328
Canada,2022-12-12,4442362.0,0.0,47759.0,34473337.0,38454328
Canada,2022-12-13,4442362.0,0.0,47759.0,,38454328
Canada,2022-12-14,4442362.0,0.0,47759.0,,38454328
Canada,2022-12-15,4442362.0,0.0,47759.0,,38454328
Canada,2022-12-16,4442362.0,0.0,47759.0,34478873.0,38454328
Canada,2022-12-17,4442362.0,0.0,47759.0,,38454328
Canada,2022-12-18,4458987.0,16625.0,48039.0,34480214.0,38454328
Canada,2022-12-19,4458987.0,0.0,48039.0,34530608.0,38454328
Canada,2022-12-20,4458987.0,0.0,48039.0,34536542.0,38454328
Canada,2022-12-21,4458987.0,0.0,48039.0,34546205.0,38454328
Canada,2022-12-22,4458987.0,0.0,48039.0,34596820.0,38454328
Canada,2022-12-23,4458987.0,0.0,48039.0,34603536.0,38454328
Canada,2022-12-24,4458987.0,0.0,48039.0,34603892.0,38454328
Canada,2022-12-25,4476385.0,17398.0,48421.0,34604099.0,38454328
Canada,2022-12-26,4476385.0,0.0,48421.0,34606011.0,38454328
Canada,2022-12-27,4476385.0,0.0,48421.0,34606332.0,38454328
Canada,2022-12-28,4476385.0,0.0,48421.0,34609011.0,38454328
Canada,2022-12-29,4476385.0,0.0,48421.0,34613153.0,38454328
Canada,2022-12-30,4476385.0,0.0,48421.0,34617680.0,38454328
Canada,2022-12-31,4476385.0,0.0,48421.0,34618256.0,38454328
Canada,2023-01-01,4492780.0,16395.0,48771.0,34618513.0,38454328
Canada,2023-01-02,4492780.0,0.0,48771.0,34620662.0,38454328
Canada,2023-01-03,4492780.0,0.0,48771.0,34621327.0,38454328
Canada,2023-01-04,4492780.0,0.0,48771.0,34622111.0,38454328
Canada,2023-01-05,4492780.0,0.0,48771.0,34644882.0,38454328
Canada,2023-01-06,4492780.0,0.0,48771.0,34650778.0,38454328
Canada,2023-01-07,4492780.0,0.0,48771.0,34652769.0,38454328
Canada,2023-01-08,4509471.0,16691.0,49029.0,34653425.0,38454328
Canada,2023-01-09,4509471.0,0.0,49029.0,34661178.0,38454328
Canada,2023-01-10,4509471.0,0.0,49029.0,34664255.0,38454328
Canada,2023-01-11,4509471.0,0.0,49029.0,34671536.0,38454328
Canada,2023-01-12,4509471.0,0.0,49029.0,34688779.0,38454328
Canada,2023-01-13,4509471.0,0.0,49029.0,34694574.0,38454328
Canada,2023-01-14,4509471.0,0.0,49029.0,34695204.0,38454328
Canada,2023-01-15,4526267.0,16796.0,49361.0,34695735.0,38454328
Canada,2023-01-16,4526267.0,0.0,49361.0,34703937.0,38454328
Canada,2023-01-17,4526267.0,0.0,49361.0,34706431.0,38454328
Canada,2023-01-18,4526267.0,0.0,49361.0,34707905.0,38454328
Canada,2023-01-19,4526267.0,0.0,49361.0,34720377.0,38454328
Canada,2023-01-20,4526267.0,0.0,49361.0,34731559.0,38454328
Canada,2023-01-21,4526267.0,0.0,49361.0,34732101.0,38454328
Canada,2023-01-22,4539941.0,13674.0,49663.0,34732494.0,38454328
Canada,2023-01-23,4539941.0,0.0,49663.0,34738250.0,38454328
Canada,2023-01-24,4539941.0,0.0,49663.0,34740172.0,38454328
Canada,2023-01-25,4539941.0,0.0,49663.0,34742937.0,38454328
Canada,2023-01-26,4539941.0,0.0,49663.0,,38454328
Canada,2023-01-27,4539941.0,0.0,49663.0,,38454328
Canada,2023-01-28,4539941.0,0.0,49663.0,,38454328
Canada,2023-01-29,4551396.0,11455.0,49941.0,,38454328
Canada,2023-01-30,4551396.0,0.0,49941.0,,38454328
Canada,2023-01-31,4551396.0,0.0,49941.0,,38454328
Canada,2023-02-01,4551396.0,0.0,49941.0,,38454328
Canada,2023-02-02,4551396.0,0.0,49941.0,,38454328
Canada,2023-02-03,4551396.0,0.0,49941.0,,38454328
Canada,2023-02-04,4551396.0,0.0,49941.0,,38454328
Canada,2023-02-05,4561733.0,10337.0,50193.0,,38454328
Canada,2023-02-06,4561733.0,0.0,50193.0,,38454328
Canada,2023-02-07,4561733.0,0.0,50193.0,,38454328
Canada,2023-02-08,4561733.0,0.0,50193.0,,38454328
Canada,2023-02-09,4561733.0,0.0,50193.0,,38454328
Canada,2023-02-10,4561733.0,0.0,50193.0,,38454328
Canada,2023-02-11,4561733.0,0.0,50193.0,,38454328
Canada,2023-02-12,4572066.0,10333.0,50419.0,,38454328
Canada,2023-02-13,4572066.0,0.0,50419.0,,38454328
Canada,2023-02-14,4572066.0,0.0,50419.0,,38454328
Canada,2023-02-15,4572066.0,0.0,50419.0,,38454328
Canada,2023-02-16,4572066.0,0.0,50419.0,,38454328
Canada,2023-02-17,4572066.0,0.0,50419.0,,38454328
Canada,2023-02-18,4572066.0,0.0,50419.0,,38454328
Canada,2023-02-19,4582388.0,10322.0,50631.0,,38454328
Canada,2023-02-20,4582388.0,0.0,50631.0,,38454328
Canada,2023-02-21,4582388.0,0.0,50631.0,,38454328
Canada,2023-02-22,4582388.0,0.0,50631.0,,38454328
Canada,2023-02-23,4582388.0,0.0,50631.0,,38454328
Canada,2023-02-24,4582388.0,0.0,50631.0,,38454328
Canada,2023-02-25,4582388.0,0.0,50631.0,,38454328
Canada,2023-02-26,4592058.0,9670.0,50799.0,,38454328
Canada,2023-02-27,4592058.0,0.0,50799.0,,38454328
Canada,2023-02-28,4592058.0,0.0,50799.0,,38454328
Canada,2023-03-01,4592058.0,0.0,50799.0,,38454328
Canada,2023-03-02,4592058.0,0.0,50799.0,,38454328
Canada,2023-03-03,4592058.0,0.0,50799.0,,38454328
Canada,2023-03-04,4592058.0,0.0,50799.0,,38454328
Canada,2023-03-05,4601219.0,9161.0,50964.0,,38454328
Canada,2023-03-06,4601219.0,0.0,50964.0,,38454328
Canada,2023-03-07,4601219.0,0.0,50964.0,,38454328
Canada,2023-03-08,4601219.0,0.0,50964.0,,38454328
Canada,2023-03-09,4601219.0,0.0,50964.0,,38454328
Canada,2023-03-10,4601219.0,0.0,50964.0,,38454328
Canada,2023-03-11,4601219.0,0.0,50964.0,,38454328
Canada,2023-03-12,4610166.0,8947.0,51125.0,,38454328
Canada,2023-03-13,4610166.0,0.0,51125.0,,38454328
Canada,2023-03-14,4610166.0,0.0,51125.0,,38454328
Canada,2023-03-15,4610166.0,0.0,51125.0,,38454328
Canada,2023-03-16,4610166.0,0.0,51125.0,,38454328
Canada,2023-03-17,4610166.0,0.0,51125.0,,38454328
Canada,2023-03-18,4610166.0,0.0,51125.0,,38454328
Canada,2023-03-19,4618751.0,8585.0,51306.0,,38454328
Canada,2023-03-20,4618751.0,0.0,51306.0,,38454328
Canada,2023-03-21,4618751.0,0.0,51306.0,,38454328
Canada,2023-03-22,4618751.0,0.0,51306.0,,38454328
Canada,2023-03-23,4618751.0,0.0,51306.0,,38454328
Canada,2023-03-24,4618751.0,0.0,51306.0,,38454328
Canada,2023-03-25,4618751.0,0.0,51306.0,,38454328
Canada,2023-03-26,4627097.0,8346.0,51457.0,,38454328
Canada,2023-03-27,4627097.0,0.0,51457.0,,38454328
Canada,2023-03-28,4627097.0,0.0,51457.0,,38454328
Canada,2023-03-29,4627097.0,0.0,51457.0,,38454328
Canada,2023-03-30,4627097.0,0.0,51457.0,,38454328
Canada,2023-03-31,4627097.0,0.0,51457.0,,38454328
Canada,2023-04-01,4627097.0,0.0,51457.0,,38454328
Canada,2023-04-02,4634947.0,7850.0,51588.0,,38454328
Canada,2023-04-03,4634947.0,0.0,51588.0,,38454328
Canada,2023-04-04,4634947.0,0.0,51588.0,,38454328
Canada,2023-04-05,4634947.0,0.0,51588.0,,38454328
Canada,2023-04-06,4634947.0,0.0,51588.0,,38454328
Canada,2023-04-07,4634947.0,0.0,51588.0,,38454328
Canada,2023-04-08,4634947.0,0.0,51588.0,,38454328
Canada,2023-04-09,4642032.0,7085.0,51735.0,,38454328
Canada,2023-04-10,4642032.0,0.0,51735.0,,38454328
Canada,2023-04-11,4642032.0,0.0,51735.0,,38454328
Canada,2023-04-12,4642032.0,0.0,51735.0,,38454328
Canada,2023-04-13,4642032.0,0.0,51735.0,,38454328
Canada,2023-04-14,4642032.0,0.0,51735.0,,38454328
Canada,2023-04-15,4642032.0,0.0,51735.0,,38454328
Canada,2023-04-16,4648325.0,6293.0,51881.0,,38454328
Canada,2023-04-17,4648325.0,0.0,51881.0,,38454328
Canada,2023-04-18,4648325.0,0.0,51881.0,,38454328
Canada,2023-04-19,4648325.0,0.0,51881.0,,38454328
Canada,2023-04-20,4648325.0,0.0,51881.0,,38454328
Canada,2023-04-21,4648325.0,0.0,51881.0,,38454328
Canada,2023-04-22,4648325.0,0.0,51881.0,,38454328
Canada,2023-04-23,4654930.0,6605.0,52000.0,,38454328
Canada,2023-04-24,4654930.0,0.0,52000.0,,38454328
Canada,2023-04-25,4654930.0,0.0,52000.0,,38454328
Canada,2023-04-26,4654930.0,0.0,52000.0,,38454328
Canada,2023-04-27,4654930.0,0.0,52000.0,,38454328
Canada,2023-04-28,4654930.0,0.0,52000.0,,38454328
Canada,2023-04-29,4654930.0,0.0,52000.0,,38454328
Canada,2023-04-30,4660700.0,5770.0,52150.0,,38454328
Canada,2023-05-01,4660700.0,0.0,52150.0,,38454328
Canada,2023-05-02,4660700.0,0.0,52150.0,,38454328
Canada,2023-05-03,4660700.0,0.0,52150.0,,38454328
Canada,2023-05-04,4660700.0,0.0,52150.0,,38454328
Canada,2023-05-05,4660700.0,0.0,52150.0,,38454328
Canada,2023-05-06,4660700.0,0.0,52150.0,,38454328
Canada,2023-05-07,4665930.0,5230.0,52291.0,,38454328
Canada,2023-05-08,4665930.0,0.0,52291.0,,38454328
Canada,2023-05-09,4665930.0,0.0,52291.0,,38454328
Canada,2023-05-10,4665930.0,0.0,52291.0,,38454328
Canada,2023-05-11,4665930.0,0.0,52291.0,,38454328
Canada,2023-05-12,4665930.0,0.0,52291.0,,38454328
Canada,2023-05-13,4665930.0,0.0,52291.0,,38454328
Canada,2023-05-14,4670563.0,4633.0,52411.0,,38454328
Canada,2023-05-15,4670563.0,0.0,52411.0,,38454328
Canada,2023-05-16,4670563.0,0.0,52411.0,,38454328
Canada,2023-05-17,4670563.0,0.0,52411.0,,38454328
Canada,2023-05-18,4670563.0,0.0,52411.0,,38454328
Canada,2023-05-19,4670563.0,0.0,52411.0,,38454328
Canada,2023-05-20,4670563.0,0.0,52411.0,,38454328
Canada,2023-05-21,4672368.0,1805.0,52458.0,,38454328
Canada,2023-05-22,4672368.0,0.0,52458.0,,38454328
Canada,2023-05-23,4672368.0,0.0,52458.0,,38454328
Canada,2023-05-24,4672368.0,0.0,52458.0,,38454328
Canada,2023-05-25,4672368.0,0.0,52458.0,,38454328
Canada,2023-05-26,4672368.0,0.0,52458.0,,38454328
Canada,2023-05-27,4672368.0,0.0,52458.0,,38454328
Canada,2023-05-28,4674006.0,1638.0,52493.0,,38454328
Canada,2023-05-29,4674006.0,0.0,52493.0,,38454328
Canada,2023-05-30,4674006.0,0.0,52493.0,,38454328
Canada,2023-05-31,4674006.0,0.0,52493.0,,38454328
Canada,2023-06-01,4674006.0,0.0,52493.0,,38454328
Canada,2023-06-02,4674006.0,0.0,52493.0,,38454328
Canada,2023-06-03,4674006.0,0.0,52493.0,,38454328
Canada,2023-06-04,4675552.0,1546.0,52527.0,,38454328
Canada,2023-06-05,4675552.0,0.0,52527.0,,38454328
Canada,2023-06-06,4675552.0,0.0,52527.0,,38454328
Canada,2023-06-07,4675552.0,0.0,52527.0,,38454328
Canada,2023-06-08,4675552.0,0.0,52527.0,,38454328
Canada,2023-06-09,4675552.0,0.0,52527.0,,38454328
Canada,2023-06-10,4675552.0,0.0,52527.0,,38454328
Canada,2023-06-11,4676818.0,1266.0,52556.0,,38454328
Canada,2023-06-12,4676818.0,0.0,52556.0,,38454328
Canada,2023-06-13,4676818.0,0.0,52556.0,,38454328
Canada,2023-06-14,4676818.0,0.0,52556.0,,38454328
Canada,2023-06-15,4676818.0,0.0,52556.0,,38454328
Canada,2023-06-16,4676818.0,0.0,52556.0,,38454328
Canada,2023-06-17,4676818.0,0.0,52556.0,,38454328
Canada,2023-06-18,4677830.0,1012.0,52581.0,,38454328
Canada,2023-06-19,4677830.0,0.0,52581.0,,38454328
Canada,2023-06-20,4677830.0,0.0,52581.0,,38454328
Canada,2023-06-21,4677830.0,0.0,52581.0,,38454328
Canada,2023-06-22,4677830.0,0.0,52581.0,,38454328
Canada,2023-06-23,4677830.0,0.0,52581.0,,38454328
Canada,2023-06-24,4677830.0,0.0,52581.0,,38454328
Canada,2023-06-25,4678690.0,860.0,52603.0,,38454328
Canada,2023-06-26,4678690.0,0.0,52603.0,,38454328
Canada,2023-06-27,4678690.0,0.0,52603.0,,38454328
Canada,2023-06-28,4678690.0,0.0,52603.0,,38454328
Canada,2023-06-29,4678690.0,0.0,52603.0,,38454328
Canada,2023-06-30,4678690.0,0.0,52603.0,,38454328
Canada,2023-07-01,4678690.0,0.0,52603.0,,38454328
Canada,2023-07-02,4679449.0,759.0,52623.0,,38454328
Canada,2023-07-03,4679449.0,0.0,52623.0,,38454328
Canada,2023-07-04,4679449.0,0.0,52623.0,,38454328
Canada,2023-07-05,4679449.0,0.0,52623.0,,38454328
Canada,2023-07-06,4679449.0,0.0,52623.0,,38454328
Canada,2023-07-07,4679449.0,0.0,52623.0,,38454328
Canada,2023-07-08,4679449.0,0.0,52623.0,,38454328
Canada,2023-07-09,4680087.0,638.0,52635.0,,38454328
Canada,2023-07-10,4680087.0,0.0,52635.0,,38454328
Canada,2023-07-11,4680087.0,0.0,52635.0,,38454328
Canada,2023-07-12,4680087.0,0.0,52635.0,,38454328
Canada,2023-07-13,4680087.0,0.0,52635.0,,38454328
Canada,2023-07-14,4680087.0,0.0,52635.0,,38454328
Canada,2023-07-15,4680087.0,0.0,52635.0,,38454328
Canada,2023-07-16,4680848.0,761.0,52660.0,,38454328
Canada,2023-07-17,4680848.0,0.0,52660.0,,38454328
Canada,2023-07-18,4680848.0,0.0,52660.0,,38454328
Canada,2023-07-19,4680848.0,0.0,52660.0,,38454328
Canada,2023-07-20,4680848.0,0.0,52660.0,,38454328
Canada,2023-07-21,4680848.0,0.0,52660.0,,38454328
Canada,2023-07-22,4680848.0,0.0,52660.0,,38454328
Canada,2023-07-23,4681782.0,934.0,52682.0,,38454328
Canada,2023-07-24,4681782.0,0.0,52682.0,,38454328
Canada,2023-07-25,4681782.0,0.0,52682.0,,38454328
Canada,2023-07-26,4681782.0,0.0,52682.0,,38454328
Canada,2023-07-27,4681782.0,0.0,52682.0,,38454328
Canada,2023-07-28,4681782.0,0.0,52682.0,,38454328
Canada,2023-07-29,4681782.0,0.0,52682.0,,38454328
Canada,2023-07-30,4682788.0,1006.0,52704.0,,38454328
Canada,2023-07-31,4682788.0,0.0,52704.0,,38454328
Canada,2023-08-01,4682788.0,0.0,52704.0,,38454328
Canada,2023-08-02,4682788.0,0.0,52704.0,,38454328
Canada,2023-08-03,4682788.0,0.0,52704.0,,38454328
Canada,2023-08-04,4682788.0,0.0,52704.0,,38454328
Canada,2023-08-05,4682788.0,0.0,52704.0,,38454328
Canada,2023-08-06,4683829.0,1041.0,52729.0,,38454328
Canada,2023-08-07,4683829.0,0.0,52729.0,,38454328
Canada,2023-08-08,4683829.0,0.0,52729.0,,38454328
Canada,2023-08-09,4683829.0,0.0,52729.0,,38454328
Canada,2023-08-10,4683829.0,0.0,52729.0,,38454328
Canada,2023-08-11,4683829.0,0.0,52729.0,,38454328
Canada,2023-08-12,4683829.0,0.0,52729.0,,38454328
Canada,2023-08-13,4684907.0,1078.0,52751.0,,38454328
Canada,2023-08-14,4684907.0,0.0,52751.0,,38454328
Canada,2023-08-15,4684907.0,0.0,52751.0,,38454328
Canada,2023-08-16,4684907.0,0.0,52751.0,,38454328
Canada,2023-08-17,4684907.0,0.0,52751.0,,38454328
Canada,2023-08-18,4684907.0,0.0,52751.0,,38454328
Canada,2023-08-19,4684907.0,0.0,52751.0,,38454328
Canada,2023-08-20,4686507.0,1600.0,52772.0,,38454328
Canada,2023-08-21,4686507.0,0.0,52772.0,,38454328
Canada,2023-08-22,4686507.0,0.0,52772.0,,38454328
Canada,2023-08-23,4686507.0,0.0,52772.0,,38454328
Canada,2023-08-24,4686507.0,0.0,52772.0,,38454328
Canada,2023-08-25,4686507.0,0.0,52772.0,,38454328
Canada,2023-08-26,4686507.0,0.0,52772.0,,38454328
Canada,2023-08-27,4688597.0,2090.0,52799.0,,38454328
Canada,2023-08-28,4688597.0,0.0,52799.0,,38454328
Canada,2023-08-29,4688597.0,0.0,52799.0,,38454328
Canada,2023-08-30,4688597.0,0.0,52799.0,,38454328
Canada,2023-08-31,4688597.0,0.0,52799.0,,38454328
Canada,2023-09-01,4688597.0,0.0,52799.0,,38454328
Canada,2023-09-02,4688597.0,0.0,52799.0,,38454328
Canada,2023-09-03,4690913.0,2316.0,52850.0,,38454328
Canada,2023-09-04,4690913.0,0.0,52850.0,,38454328
Canada,2023-09-05,4690913.0,0.0,52850.0,,38454328
Canada,2023-09-06,4690913.0,0.0,52850.0,,38454328
Canada,2023-09-07,4690913.0,0.0,52850.0,,38454328
Canada,2023-09-08,4690913.0,0.0,52850.0,,38454328
Canada,2023-09-09,4690913.0,0.0,52850.0,,38454328
Canada,2023-09-10,4693585.0,2672.0,52914.0,,38454328
Canada,2023-09-11,4693585.0,0.0,52914.0,,38454328
Canada,2023-09-12,4693585.0,0.0,52914.0,,38454328
Canada,2023-09-13,4693585.0,0.0,52914.0,,38454328
Canada,2023-09-14,4693585.0,0.0,52914.0,,38454328
Canada,2023-09-15,4693585.0,0.0,52914.0,,38454328
Canada,2023-09-16,4693585.0,0.0,52914.0,,38454328
Canada,2023-09-17,4696819.0,3234.0,52972.0,,38454328
Canada,2023-09-18,4696819.0,0.0,52972.0,,38454328
Canada,2023-09-19,4696819.0,0.0,52972.0,,38454328
Canada,2023-09-20,4696819.0,0.0,52972.0,,38454328
Canada,2023-09-21,4696819.0,0.0,52972.0,,38454328
Canada,2023-09-22,4696819.0,0.0,52972.0,,38454328
Canada,2023-09-23,4696819.0,0.0,52972.0,,38454328
Canada,2023-09-24,4700821.0,4002.0,53039.0,,38454328
Canada,2023-09-25,4700821.0,0.0,53039.0,,38454328
Canada,2023-09-26,4700821.0,0.0,53039.0,,38454328
Canada,2023-09-27,4700821.0,0.0,53039.0,,38454328
Canada,2023-09-28,4700821.0,0.0,53039.0,,38454328
Canada,2023-09-29,4700821.0,0.0,53039.0,,38454328
Canada,2023-09-30,4700821.0,0.0,53039.0,,38454328
Canada,2023-10-01,4705568.0,4747.0,53124.0,,38454328
Canada,2023-10-02,4705568.0,0.0,53124.0,,38454328
Canada,2023-10-03,4705568.0,0.0,53124.0,,38454328
Canada,2023-10-04,4705568.0,0.0,53124.0,,38454328
Canada,2023-10-05,4705568.0,0.0,53124.0,,38454328
Canada,2023-10-06,4705568.0,0.0,53124.0,,38454328
Canada,2023-10-07,4705568.0,0.0,53124.0,,38454328
Canada,2023-10-08,4710226.0,4658.0,53230.0,,38454328
Canada,2023-10-09,4710226.0,0.0,53230.0,,38454328
Canada,2023-10-10,4710226.0,0.0,53230.0,,38454328
Canada,2023-10-11,4710226.0,0.0,53230.0,,38454328
Canada,2023-10-12,4710226.0,0.0,53230.0,,38454328
Canada,2023-10-13,4710226.0,0.0,53230.0,,38454328
Canada,2023-10-14,4710226.0,0.0,53230.0,,38454328
Canada,2023-10-15,4714486.0,4260.0,53311.0,,38454328
Canada,2023-10-16,4714486.0,0.0,53311.0,,38454328
Canada,2023-10-17,4714486.0,0.0,53311.0,,38454328
Canada,2023-10-18,4714486.0,0.0,53311.0,,38454328
Canada,2023-10-19,4714486.0,0.0,53311.0,,38454328
Canada,2023-10-20,4714486.0,0.0,53311.0,,38454328
Canada,2023-10-21,4714486.0,0.0,53311.0,,38454328
Canada,2023-10-22,4719342.0,4856.0,53412.0,,38454328
Canada,2023-10-23,4719342.0,0.0,53412.0,,38454328
Canada,2023-10-24,4719342.0,0.0,53412.0,,38454328
Canada,2023-10-25,4719342.0,0.0,53412.0,,38454328
Canada,2023-10-26,4719342.0,0.0,53412.0,,38454328
Canada,2023-10-27,4719342.0,0.0,53412.0,,38454328
Canada,2023-10-28,4719342.0,0.0,53412.0,,38454328
Canada,2023-10-29,4724278.0,4936.0,53521.0,,38454328
Canada,2023-10-30,4724278.0,0.0,53521.0,,38454328
Canada,2023-10-31,4724278.0,0.0,53521.0,,38454328
Canada,2023-11-01,4724278.0,0.0,53521.0,,38454328
Canada,2023-11-02,4724278.0,0.0,53521.0,,38454328
Canada,2023-11-03,4724278.0,0.0,53521.0,,38454328
Canada,2023-11-04,4724278.0,0.0,53521.0,,38454328
Canada,2023-11-05,4729223.0,4945.0,53611.0,,38454328
Canada,2023-11-06,4729223.0,0.0,53611.0,,38454328
Canada,2023-11-07,4729223.0,0.0,53611.0,,38454328
Canada,2023-11-08,4729223.0,0.0,53611.0,,38454328
Canada,2023-11-09,4729223.0,0.0,53611.0,,38454328
Canada,2023-11-10,4729223.0,0.0,53611.0,,38454328
Canada,2023-11-11,4729223.0,0.0,53611.0,,38454328
Canada,2023-11-12,4734284.0,5061.0,53714.0,,38454328
Canada,2023-11-13,4734284.0,0.0,53714.0,,38454328
Canada,2023-11-14,4734284.0,0.0,53714.0,,38454328
Canada,2023-11-15,4734284.0,0.0,53714.0,,38454328
Canada,2023-11-16,4734284.0,0.0,53714.0,,38454328
Canada,2023-11-17,4734284.0,0.0,53714.0,,38454328
Canada,2023-11-18,4734284.0,0.0,53714.0,,38454328
Canada,2023-11-19,4740208.0,5924.0,53825.0,,38454328
Canada,2023-11-20,4740208.0,0.0,53825.0,,38454328
Canada,2023-11-21,4740208.0,0.0,53825.0,,38454328
Canada,2023-11-22,4740208.0,0.0,53825.0,,38454328
Canada,2023-11-23,4740208.0,0.0,53825.0,,38454328
Canada,2023-11-24,4740208.0,0.0,53825.0,,38454328
Canada,2023-11-25,4740208.0,0.0,53825.0,,38454328
Canada,2023-11-26,4746340.0,6132.0,53930.0,,38454328
Canada,2023-11-27,4746340.0,0.0,53930.0,,38454328
Canada,2023-11-28,4746340.0,0.0,53930.0,,38454328
Canada,2023-11-29,4746340.0,0.0,53930.0,,38454328
Canada,2023-11-30,4746340.0,0.0,53930.0,,38454328
Canada,2023-12-01,4746340.0,0.0,53930.0,,38454328
Canada,2023-12-02,4746340.0,0.0,53930.0,,38454328
Canada,2023-12-03,4751943.0,5603.0,54056.0,,38454328
Canada,2023-12-04,4751943.0,0.0,54056.0,,38454328
Canada,2023-12-05,4751943.0,0.0,54056.0,,38454328
Canada,2023-12-06,4751943.0,0.0,54056.0,,38454328
Canada,2023-12-07,4751943.0,0.0,54056.0,,38454328
Canada,2023-12-08,4751943.0,0.0,54056.0,,38454328
Canada,2023-12-09,4751943.0,0.0,54056.0,,38454328
Canada,2023-12-10,4757425.0,5482.0,54149.0,,38454328
Canada,2023-12-11,4757425.0,0.0,54149.0,,38454328
Canada,2023-12-12,4757425.0,0.0,54149.0,,38454328
Canada,2023-12-13,4757425.0,0.0,54149.0,,38454328
Canada,2023-12-14,4757425.0,0.0,54149.0,,38454328
Canada,2023-12-15,4757425.0,0.0,54149.0,,38454328
Canada,2023-12-16,4757425.0,0.0,54149.0,,38454328
Canada,2023-12-17,4762873.0,5448.0,54223.0,,38454328
Canada,2023-12-18,4762873.0,0.0,54223.0,,38454328
Canada,2023-12-19,4762873.0,0.0,54223.0,,38454328
Canada,2023-12-20,4762873.0,0.0,54223.0,,38454328
Canada,2023-12-21,4762873.0,0.0,54223.0,,38454328
Canada,2023-12-22,4762873.0,0.0,54223.0,,38454328
Canada,2023-12-23,4762873.0,0.0,54223.0,,38454328
Canada,2023-12-24,4768134.0,5261.0,54307.0,,38454328
Canada,2023-12-25,4768134.0,0.0,54307.0,,38454328
Canada,2023-12-26,4768134.0,0.0,54307.0,,38454328
Canada,2023-12-27,4768134.0,0.0,54307.0,,38454328
Canada,2023-12-28,4768134.0,0.0,54307.0,,38454328
Canada,2023-12-29,4768134.0,0.0,54307.0,,38454328
Canada,2023-12-30,4768134.0,0.0,54307.0,,38454328
Canada,2023-12-31,4774236.0,6102.0,54441.0,,38454328
Chile,2021-01-01,598394.0,0.0,16404.0,,19603736
Chile,2021-01-02,598394.0,0.0,16404.0,,19603736
Chile,2021-01-03,615902.0,17508.0,16724.0,,19603736
Chile,2021-01-04,615902.0,0.0,16724.0,9053.0,19603736
Chile,2021-01-05,615902.0,0.0,16724.0,10497.0,19603736
Chile,2021-01-06,615902.0,0.0,16724.0,10703.0,19603736
Chile,2021-01-07,615902.0,0.0,16724.0,,19603736
Chile,2021-01-08,615902.0,0.0,16724.0,10704.0,19603736
Chile,2021-01-09,615902.0,0.0,16724.0,,19603736
Chile,2021-01-10,637742.0,21840.0,17037.0,10705.0,19603736
Chile,2021-01-11,637742.0,0.0,17037.0,10706.0,19603736
Chile,2021-01-12,637742.0,0.0,17037.0,,19603736
Chile,2021-01-13,637742.0,0.0,17037.0,10707.0,19603736
Chile,2021-01-14,637742.0,0.0,17037.0,12827.0,19603736
Chile,2021-01-15,637742.0,0.0,17037.0,13783.0,19603736
Chile,2021-01-16,637742.0,0.0,17037.0,13806.0,19603736
Chile,2021-01-17,665493.0,27751.0,17435.0,,19603736
Chile,2021-01-18,665493.0,0.0,17435.0,24856.0,19603736
Chile,2021-01-19,665493.0,0.0,17435.0,44222.0,19603736
Chile,2021-01-20,665493.0,0.0,17435.0,53532.0,19603736
Chile,2021-01-21,665493.0,0.0,17435.0,56588.0,19603736
Chile,2021-01-22,665493.0,0.0,17435.0,56999.0,19603736
Chile,2021-01-23,665493.0,0.0,17435.0,,19603736
Chile,2021-01-24,694647.0,29154.0,17854.0,,19603736
Chile,2021-01-25,694647.0,0.0,17854.0,57016.0,19603736
Chile,2021-01-26,694647.0,0.0,17854.0,57035.0,19603736
Chile,2021-01-27,694647.0,0.0,17854.0,57036.0,19603736
Chile,2021-01-28,694647.0,0.0,17854.0,,19603736
Chile,2021-01-29,694647.0,0.0,17854.0,57036.0,19603736
Chile,2021-01-30,694647.0,0.0,17854.0,57037.0,19603736
Chile,2021-01-31,722900.0,28253.0,18339.0,57037.0,19603736
Chile,2021-02-01,722900.0,0.0,18339.0,57038.0,19603736
Chile,2021-02-02,722900.0,0.0,18339.0,70231.0,19603736
Chile,2021-02-03,722900.0,0.0,18339.0,240619.0,19603736
Chile,2021-02-04,722900.0,0.0,18339.0,414693.0,19603736
Chile,2021-02-05,722900.0,0.0,18339.0,583545.0,19603736
Chile,2021-02-06,722900.0,0.0,18339.0,611401.0,19603736
Chile,2021-02-07,748082.0,25182.0,18895.0,620040.0,19603736
Chile,2021-02-08,748082.0,0.0,18895.0,841567.0,19603736
Chile,2021-02-09,748082.0,0.0,18895.0,1084120.0,19603736
Chile,2021-02-10,748082.0,0.0,18895.0,1356594.0,19603736
Chile,2021-02-11,748082.0,0.0,18895.0,1608024.0,19603736
Chile,2021-02-12,748082.0,0.0,18895.0,1837311.0,19603736
Chile,2021-02-13,748082.0,0.0,18895.0,1866842.0,19603736
Chile,2021-02-14,772395.0,24313.0,19443.0,1871310.0,19603736
Chile,2021-02-15,772395.0,0.0,19443.0,2137219.0,19603736
Chile,2021-02-16,772395.0,0.0,19443.0,2357313.0,19603736
Chile,2021-02-17,772395.0,0.0,19443.0,2545363.0,19603736
Chile,2021-02-18,772395.0,0.0,19443.0,2700661.0,19603736
Chile,2021-02-19,772395.0,0.0,19443.0,2842813.0,19603736
Chile,2021-02-20,772395.0,0.0,19443.0,2852454.0,19603736
Chile,2021-02-21,795845.0,23450.0,19974.0,2853617.0,19603736
Chile,2021-02-22,795845.0,0.0,19974.0,2961760.0,19603736
Chile,2021-02-23,795845.0,0.0,19974.0,3055981.0,19603736
Chile,2021-02-24,795845.0,0.0,19974.0,3142094.0,19603736
Chile,2021-02-25,795845.0,0.0,19974.0,3228073.0,19603736
Chile,2021-02-26,795845.0,0.0,19974.0,3306386.0,19603736
Chile,2021-02-27,795845.0,0.0,19974.0,3316432.0,19603736
Chile,2021-02-28,821418.0,25573.0,20476.0,3316786.0,19603736
Chile,2021-03-01,821418.0,0.0,20476.0,3453973.0,19603736
Chile,2021-03-02,821418.0,0.0,20476.0,3612951.0,19603736
Chile,2021-03-03,821418.0,0.0,20476.0,3770837.0,19603736
Chile,2021-03-04,821418.0,0.0,20476.0,3915618.0,19603736
Chile,2021-03-05,821418.0,0.0,20476.0,4051909.0,19603736
Chile,2021-03-06,821418.0,0.0,20476.0,4061558.0,19603736
Chile,2021-03-07,850483.0,29065.0,21008.0,4062633.0,19603736
Chile,2021-03-08,850483.0,0.0,21008.0,4199280.0,19603736
Chile,2021-03-09,850483.0,0.0,21008.0,4338349.0,19603736
Chile,2021-03-10,850483.0,0.0,21008.0,4474208.0,19603736
Chile,2021-03-11,850483.0,0.0,21008.0,4645674.0,19603736
Chile,2021-03-12,850483.0,0.0,21008.0,4796939.0,19603736
Chile,2021-03-13,850483.0,0.0,21008.0,4821231.0,19603736
Chile,2021-03-14,885379.0,34896.0,21574.0,4823984.0,19603736
Chile,2021-03-15,885379.0,0.0,21574.0,4981912.0,19603736
Chile,2021-03-16,885379.0,0.0,21574.0,5148612.0,19603736
Chile,2021-03-17,885379.0,0.0,21574.0,5299960.0,19603736
Chile,2021-03-18,885379.0,0.0,21574.0,5448894.0,19603736
Chile,2021-03-19,885379.0,0.0,21574.0,5588807.0,19603736
Chile,2021-03-20,885379.0,0.0,21574.0,5612003.0,19603736
Chile,2021-03-21,925089.0,39710.0,22180.0,5614855.0,19603736
Chile,2021-03-22,925089.0,0.0,22180.0,5761677.0,19603736
Chile,2021-03-23,925089.0,0.0,22180.0,5912024.0,19603736
Chile,2021-03-24,925089.0,0.0,22180.0,6066368.0,19603736
Chile,2021-03-25,925089.0,0.0,22180.0,6223903.0,19603736
Chile,2021-03-26,925089.0,0.0,22180.0,6390547.0,19603736
Chile,2021-03-27,925089.0,0.0,22180.0,6403496.0,19603736
Chile,2021-03-28,969913.0,44824.0,22653.0,6404466.0,19603736
Chile,2021-03-29,969913.0,0.0,22653.0,6555812.0,19603736
Chile,2021-03-30,969913.0,0.0,22653.0,6689816.0,19603736
Chile,2021-03-31,969913.0,0.0,22653.0,6817032.0,19603736
Chile,2021-04-01,969913.0,0.0,22653.0,6951934.0,19603736
Chile,2021-04-02,969913.0,0.0,22653.0,6953829.0,19603736
Chile,2021-04-03,969913.0,0.0,22653.0,6955710.0,19603736
Chile,2021-04-04,1019478.0,49565.0,23524.0,6956375.0,19603736
Chile,2021-04-05,1019478.0,0.0,23524.0,7036395.0,19603736
Chile,2021-04-06,1019478.0,0.0,23524.0,7129599.0,19603736
Chile,2021-04-07,1019478.0,0.0,23524.0,7224533.0,19603736
Chile,2021-04-08,1019478.0,0.0,23524.0,7301339.0,19603736
Chile,2021-04-09,1019478.0,0.0,23524.0,7372279.0,19603736
Chile,2021-04-10,1019478.0,0.0,23524.0,7383480.0,19603736
Chile,2021-04-11,1068522.0,49044.0,24213.0,7384581.0,19603736
Chile,2021-04-12,1068522.0,0.0,24213.0,7462808.0,19603736
Chile,2021-04-13,1068522.0,0.0,24213.0,7537863.0,19603736
Chile,2021-04-14,1068522.0,0.0,24213.0,7617289.0,19603736
Chile,2021-04-15,1068522.0,0.0,24213.0,7679641.0,19603736
Chile,2021-04-16,1068522.0,0.0,24213.0,7738118.0,19603736
Chile,2021-04-17,1068522.0,0.0,24213.0,7746030.0,19603736
Chile,2021-04-18,1117348.0,48826.0,25055.0,7746906.0,19603736
Chile,2021-04-19,1117348.0,0.0,25055.0,7790903.0,19603736
Chile,2021-04-20,1117348.0,0.0,25055.0,7830189.0,19603736
Chile,2021-04-21,1117348.0,0.0,25055.0,7861400.0,19603736
Chile,2021-04-22,1117348.0,0.0,25055.0,7917837.0,19603736
Chile,2021-04-23,1117348.0,0.0,25055.0,7957733.0,19603736
Chile,2021-04-24,1117348.0,0.0,25055.0,7963483.0,19603736
Chile,2021-04-25,1162811.0,45463.0,25742.0,7963836.0,19603736
Chile,2021-04-26,1162811.0,0.0,25742.0,8006984.0,19603736
Chile,2021-04-27,1162811.0,0.0,25742.0,8046025.0,19603736
Chile,2021-04-28,1162811.0,0.0,25742.0,8089549.0,19603736
Chile,2021-04-29,1162811.0,0.0,25742.0,8120469.0,19603736
Chile,2021-04-30,1162811.0,0.0,25742.0,8171482.0,19603736
Chile,2021-05-01,1162811.0,0.0,25742.0,8172573.0,19603736
Chile,2021-05-02,1204755.0,41944.0,26457.0,8173374.0,19603736
Chile,2021-05-03,1204755.0,0.0,26457.0,8249505.0,19603736
Chile,2021-05-04,1204755.0,0.0,26457.0,8330642.0,19603736
Chile,2021-05-05,1204755.0,0.0,26457.0,8412209.0,19603736
Chile,2021-05-06,1204755.0,0.0,26457.0,8493862.0,19603736
Chile,2021-05-07,1204755.0,0.0,26457.0,8578042.0,19603736
Chile,2021-05-08,1204755.0,0.0,26457.0,8595429.0,19603736
Chile,2021-05-09,1241976.0,37221.0,27101.0,8596394.0,19603736
Chile,2021-05-10,1241976.0,0.0,27101.0,8699763.0,19603736
Chile,2021-05-11,1241976.0,0.0,27101.0,8807229.0,19603736
Chile,2021-05-12,1241976.0,0.0,27101.0,8912145.0,19603736
Chile,2021-05-13,1241976.0,0.0,27101.0,9009204.0,19603736
Chile,2021-05-14,1241976.0,0.0,27101.0,9112514.0,19603736
Chile,2021-05-15,1241976.0,0.0,27101.0,9113572.0,19603736
Chile,2021-05-16,1280252.0,38276.0,27734.0,9113838.0,19603736
Chile,2021-05-17,1280252.0,0.0,27734.0,9238506.0,19603736
Chile,2021-05-18,1280252.0,0.0,27734.0,9374688.0,19603736
Chile,2021-05-19,1280252.0,0.0,27734.0,9500518.0,19603736
Chile,2021-05-20,1280252.0,0.0,27734.0,9629092.0,19603736
Chile,2021-05-21,1280252.0,0.0,27734.0,9637543.0,19603736
Chile,2021-05-22,1280252.0,0.0,27734.0,9664490.0,19603736
Chile,2021-05-23,1323413.0,43161.0,28386.0,9668191.0,19603736
Chile,2021-05-24,1323413.0,0.0,28386.0,9844134.0,19603736
Chile,2021-05-25,1323413.0,0.0,28386.0,10034086.0,19603736
Chile,2021-05-26,1323413.0,0.0,28386.0,10214816.0,19603736
Chile,2021-05-27,1323413.0,0.0,28386.0,10381818.0,19603736
Chile,2021-05-28,1323413.0,0.0,28386.0,10527321.0,19603736
Chile,2021-05-29,1323413.0,0.0,28386.0,10568923.0,19603736
Chile,2021-05-30,1369756.0,46343.0,29047.0,10578046.0,19603736
Chile,2021-05-31,1369756.0,0.0,29047.0,10734157.0,19603736
Chile,2021-06-01,1369756.0,0.0,29047.0,10884127.0,19603736
Chile,2021-06-02,1369756.0,0.0,29047.0,11016626.0,19603736
Chile,2021-06-03,1369756.0,0.0,29047.0,11111919.0,19603736
Chile,2021-06-04,1369756.0,0.0,29047.0,11188744.0,19603736
Chile,2021-06-05,1369756.0,0.0,29047.0,11213411.0,19603736
Chile,2021-06-06,1420266.0,50510.0,29816.0,11217188.0,19603736
Chile,2021-06-07,1420266.0,0.0,29816.0,11298616.0,19603736
Chile,2021-06-08,1420266.0,0.0,29816.0,11379021.0,19603736
Chile,2021-06-09,1420266.0,0.0,29816.0,11472426.0,19603736
Chile,2021-06-10,1420266.0,0.0,29816.0,11582005.0,19603736
Chile,2021-06-11,1420266.0,0.0,29816.0,11666705.0,19603736
Chile,2021-06-12,1420266.0,0.0,29816.0,11689821.0,19603736
Chile,2021-06-13,1468992.0,48726.0,30579.0,11691299.0,19603736
Chile,2021-06-14,1468992.0,0.0,30579.0,11800583.0,19603736
Chile,2021-06-15,1468992.0,0.0,30579.0,11889426.0,19603736
Chile,2021-06-16,1468992.0,0.0,30579.0,11999035.0,19603736
Chile,2021-06-17,1468992.0,0.0,30579.0,12073076.0,19603736
Chile,2021-06-18,1468992.0,0.0,30579.0,12136954.0,19603736
Chile,2021-06-19,1468992.0,0.0,30579.0,12153827.0,19603736
Chile,2021-06-20,1511275.0,42283.0,31392.0,12155635.0,19603736
Chile,2021-06-21,1511275.0,0.0,31392.0,12163059.0,19603736
Chile,2021-06-22,1511275.0,0.0,31392.0,12266584.0,19603736
Chile,2021-06-23,1511275.0,0.0,31392.0,12354598.0,19603736
Chile,2021-06-24,1511275.0,0.0,31392.0,12466716.0,19603736
Chile,2021-06-25,1511275.0,0.0,31392.0,12555075.0,19603736
Chile,2021-06-26,1511275.0,0.0,31392.0,12576254.0,19603736
Chile,2021-06-27,1542642.0,31367.0,32163.0,12578548.0,19603736
Chile,2021-06-28,1542642.0,0.0,32163.0,12581022.0,19603736
Chile,2021-06-29,1542642.0,0.0,32163.0,12652934.0,19603736
Chile,2021-06-30,1542642.0,0.0,32163.0,12724005.0,19603736
Chile,2021-07-01,1542642.0,0.0,32163.0,12825034.0,19603736
Chile,2021-07-02,1542642.0,0.0,32163.0,12901979.0,19603736
Chile,2021-07-03,1542642.0,0.0,32163.0,12920970.0,19603736
Chile,2021-07-04,1566461.0,23819.0,32973.0,12923381.0,19603736
Chile,2021-07-05,1566461.0,0.0,32973.0,12981610.0,19603736
Chile,2021-07-06,1566461.0,0.0,32973.0,13032945.0,19603736
Chile,2021-07-07,1566461.0,0.0,32973.0,13111602.0,19603736
Chile,2021-07-08,1566461.0,0.0,32973.0,13173568.0,19603736
Chile,2021-07-09,1566461.0,0.0,32973.0,13228098.0,19603736
Chile,2021-07-10,1566461.0,0.0,32973.0,13249694.0,19603736
Chile,2021-07-11,1585160.0,18699.0,33767.0,13252270.0,19603736
Chile,2021-07-12,1585160.0,0.0,33767.0,13305605.0,19603736
Chile,2021-07-13,1585160.0,0.0,33767.0,13388716.0,19603736
Chile,2021-07-14,1585160.0,0.0,33767.0,13446183.0,19603736
Chile,2021-07-15,1585160.0,0.0,33767.0,13523004.0,19603736
Chile,2021-07-16,1585160.0,0.0,33767.0,13525229.0,19603736
Chile,2021-07-17,1585160.0,0.0,33767.0,13535642.0,19603736
Chile,2021-07-18,1598481.0,13321.0,34403.0,13536676.0,19603736
Chile,2021-07-19,1598481.0,0.0,34403.0,13587035.0,19603736
Chile,2021-07-20,1598481.0,0.0,34403.0,13629053.0,19603736
Chile,2021-07-21,1598481.0,0.0,34403.0,13663857.0,19603736
Chile,2021-07-22,1598481.0,0.0,34403.0,13701332.0,19603736
Chile,2021-07-23,1598481.0,0.0,34403.0,13760773.0,19603736
Chile,2021-07-24,1598481.0,0.0,34403.0,13785246.0,19603736
Chile,2021-07-25,1607749.0,9268.0,34958.0,13787352.0,19603736
Chile,2021-07-26,1607749.0,0.0,34958.0,13803811.0,19603736
Chile,2021-07-27,1607749.0,0.0,34958.0,13813894.0,19603736
Chile,2021-07-28,1607749.0,0.0,34958.0,13821782.0,19603736
Chile,2021-07-29,1607749.0,0.0,34958.0,13830927.0,19603736
Chile,2021-07-30,1607749.0,0.0,34958.0,13839732.0,19603736
Chile,2021-07-31,1607749.0,0.0,34958.0,13840812.0,19603736
Chile,2021-08-01,1615771.0,8022.0,35448.0,13840851.0,19603736
Chile,2021-08-02,1615771.0,0.0,35448.0,13941463.0,19603736
Chile,2021-08-03,1615771.0,0.0,35448.0,14055195.0,19603736
Chile,2021-08-04,1615771.0,0.0,35448.0,14060216.0,19603736
Chile,2021-08-05,1615771.0,0.0,35448.0,14063681.0,19603736
Chile,2021-08-06,1615771.0,0.0,35448.0,14066857.0,19603736
Chile,2021-08-07,1615771.0,0.0,35448.0,14067115.0,19603736
Chile,2021-08-08,1622509.0,6738.0,35951.0,14067171.0,19603736
Chile,2021-08-09,1622509.0,0.0,35951.0,14144305.0,19603736
Chile,2021-08-10,1622509.0,0.0,35951.0,14212625.0,19603736
Chile,2021-08-11,1622509.0,0.0,35951.0,14215583.0,19603736
Chile,2021-08-12,1622509.0,0.0,35951.0,14218023.0,19603736
Chile,2021-08-13,1622509.0,0.0,35951.0,14220222.0,19603736
Chile,2021-08-14,1622509.0,0.0,35951.0,14220518.0,19603736
Chile,2021-08-15,1628293.0,5784.0,36331.0,14220744.0,19603736
Chile,2021-08-16,1628293.0,0.0,36331.0,14259756.0,19603736
Chile,2021-08-17,1628293.0,0.0,36331.0,14297161.0,19603736
Chile,2021-08-18,1628293.0,0.0,36331.0,14300419.0,19603736
Chile,2021-08-19,1628293.0,0.0,36331.0,14303480.0,19603736
Chile,2021-08-20,1628293.0,0.0,36331.0,14306702.0,19603736
Chile,2021-08-21,1628293.0,0.0,36331.0,14308055.0,19603736
Chile,2021-08-22,1633153.0,4860.0,36605.0,14308751.0,19603736
Chile,2021-08-23,1633153.0,0.0,36605.0,14338783.0,19603736
Chile,2021-08-24,1633153.0,0.0,36605.0,14365790.0,19603736
Chile,2021-08-25,1633153.0,0.0,36605.0,14383742.0,19603736
Chile,2021-08-26,1633153.0,0.0,36605.0,14386807.0,19603736
Chile,2021-08-27,1633153.0,0.0,36605.0,14389705.0,19603736
Chile,2021-08-28,1633153.0,0.0,36605.0,14390988.0,19603736
Chile,2021-08-29,1637234.0,4081.0,36841.0,14391463.0,19603736
Chile,2021-08-30,1637234.0,0.0,36841.0,14413442.0,19603736
Chile,2021-08-31,1637234.0,0.0,36841.0,14435409.0,19603736
Chile,2021-09-01,1637234.0,0.0,36841.0,14438201.0,19603736
Chile,2021-09-02,1637234.0,0.0,36841.0,14440612.0,19603736
Chile,2021-09-03,1637234.0,0.0,36841.0,14442900.0,19603736
Chile,2021-09-04,1637234.0,0.0,36841.0,14443442.0,19603736
Chile,2021-09-05,1640666.0,3432.0,37067.0,14443587.0,19603736
Chile,2021-09-06,1640666.0,0.0,37067.0,14460825.0,19603736
Chile,2021-09-07,1640666.0,0.0,37067.0,14478159.0,19603736
Chile,2021-09-08,1640666.0,0.0,37067.0,14480088.0,19603736
Chile,2021-09-09,1640666.0,0.0,37067.0,14481838.0,19603736
Chile,2021-09-10,1640666.0,0.0,37067.0,14483340.0,19603736
Chile,2021-09-11,1640666.0,0.0,37067.0,14483718.0,19603736
Chile,2021-09-12,1643630.0,2964.0,37201.0,14483763.0,19603736
Chile,2021-09-13,1643630.0,0.0,37201.0,14550325.0,19603736
Chile,2021-09-14,1643630.0,0.0,37201.0,14603524.0,19603736
Chile,2021-09-15,1643630.0,0.0,37201.0,14659624.0,19603736
Chile,2021-09-16,1643630.0,0.0,37201.0,14687269.0,19603736
Chile,2021-09-17,1643630.0,0.0,37201.0,14687351.0,19603736
Chile,2021-09-18,1643630.0,0.0,37201.0,14687367.0,19603736
Chile,2021-09-19,1646994.0,3364.0,37339.0,14687370.0,19603736
Chile,2021-09-20,1646994.0,0.0,37339.0,14754160.0,19603736
Chile,2021-09-21,1646994.0,0.0,37339.0,14816674.0,19603736
Chile,2021-09-22,1646994.0,0.0,37339.0,14891170.0,19603736
Chile,2021-09-23,1646994.0,0.0,37339.0,14943165.0,19603736
Chile,2021-09-24,1646994.0,0.0,37339.0,15015405.0,19603736
Chile,2021-09-25,1646994.0,0.0,37339.0,15016318.0,19603736
Chile,2021-09-26,1650985.0,3991.0,37432.0,15016559.0,19603736
Chile,2021-09-27,1650985.0,0.0,37432.0,15116057.0,19603736
Chile,2021-09-28,1650985.0,0.0,37432.0,15237765.0,19603736
Chile,2021-09-29,1650985.0,0.0,37432.0,15361953.0,19603736
Chile,2021-09-30,1650985.0,0.0,37432.0,15477708.0,19603736
Chile,2021-10-01,1650985.0,0.0,37432.0,15583474.0,19603736
Chile,2021-10-02,1650985.0,0.0,37432.0,15589475.0,19603736
Chile,2021-10-03,1655884.0,4899.0,37484.0,15589917.0,19603736
Chile,2021-10-04,1655884.0,0.0,37484.0,15674134.0,19603736
Chile,2021-10-05,1655884.0,0.0,37484.0,15751560.0,19603736
Chile,2021-10-06,1655884.0,0.0,37484.0,15821660.0,19603736
Chile,2021-10-07,1655884.0,0.0,37484.0,15885777.0,19603736
Chile,2021-10-08,1655884.0,0.0,37484.0,15940704.0,19603736
Chile,2021-10-09,1655884.0,0.0,37484.0,15942767.0,19603736
Chile,2021-10-10,1661370.0,5486.0,37554.0,15942874.0,19603736
Chile,2021-10-11,1661370.0,0.0,37554.0,15943397.0,19603736
Chile,2021-10-12,1661370.0,0.0,37554.0,16001506.0,19603736
Chile,2021-10-13,1661370.0,0.0,37554.0,16059654.0,19603736
Chile,2021-10-14,1661370.0,0.0,37554.0,16109519.0,19603736
Chile,2021-10-15,1661370.0,0.0,37554.0,16149726.0,19603736
Chile,2021-10-16,1661370.0,0.0,37554.0,16151565.0,19603736
Chile,2021-10-17,1669236.0,7866.0,37597.0,16151672.0,19603736
Chile,2021-10-18,1669236.0,0.0,37597.0,16191507.0,19603736
Chile,2021-10-19,1669236.0,0.0,37597.0,16237053.0,19603736
Chile,2021-10-20,1669236.0,0.0,37597.0,16277021.0,19603736
Chile,2021-10-21,1669236.0,0.0,37597.0,16313391.0,19603736
Chile,2021-10-22,1669236.0,0.0,37597.0,16343290.0,19603736
Chile,2021-10-23,1669236.0,0.0,37597.0,16344705.0,19603736
Chile,2021-10-24,1680017.0,10781.0,37662.0,16344833.0,19603736
Chile,2021-10-25,1680017.0,0.0,37662.0,16379723.0,19603736
Chile,2021-10-26,1680017.0,0.0,37662.0,16412367.0,19603736
Chile,2021-10-27,1680017.0,0.0,37662.0,16444370.0,19603736
Chile,2021-10-28,1680017.0,0.0,37662.0,16474061.0,19603736
Chile,2021-10-29,1680017.0,0.0,37662.0,16498986.0,19603736
Chile,2021-10-30,1680017.0,0.0,37662.0,16501387.0,19603736
Chile,2021-10-31,1692877.0,12860.0,37743.0,16501654.0,19603736
Chile,2021-11-01,1692877.0,0.0,37743.0,16501863.0,19603736
Chile,2021-11-02,1692877.0,0.0,37743.0,16528270.0,19603736
Chile,2021-11-03,1692877.0,0.0,37743.0,16555129.0,19603736
Chile,2021-11-04,1692877.0,0.0,37743.0,16580877.0,19603736
Chile,2021-11-05,1692877.0,0.0,37743.0,16604803.0,19603736
Chile,2021-11-06,1692877.0,0.0,37743.0,16607630.0,19603736
Chile,2021-11-07,1706622.0,13745.0,37841.0,16607836.0,19603736
Chile,2021-11-08,1706622.0,0.0,37841.0,16631793.0,19603736
Chile,2021-11-09,1706622.0,0.0,37841.0,16654325.0,19603736
Chile,2021-11-10,1706622.0,0.0,37841.0,16674274.0,19603736
Chile,2021-11-11,1706622.0,0.0,37841.0,16692197.0,19603736
Chile,2021-11-12,1706622.0,0.0,37841.0,16710320.0,19603736
Chile,2021-11-13,1706622.0,0.0,37841.0,16713264.0,19603736
Chile,2021-11-14,1723728.0,17106.0,37951.0,16713490.0,19603736
Chile,2021-11-15,1723728.0,0.0,37951.0,16733482.0,19603736
Chile,2021-11-16,1723728.0,0.0,37951.0,16751833.0,19603736
Chile,2021-11-17,1723728.0,0.0,37951.0,16767733.0,19603736
Chile,2021-11-18,1723728.0,0.0,37951.0,16781823.0,19603736
Chile,2021-11-19,1723728.0,0.0,37951.0,16794613.0,19603736
Chile,2021-11-20,1723728.0,0.0,37951.0,16796237.0,19603736
Chile,2021-11-21,1740496.0,16768.0,38094.0,16796375.0,19603736
Chile,2021-11-22,1740496.0,0.0,38094.0,16809905.0,19603736
Chile,2021-11-23,1740496.0,0.0,38094.0,16822378.0,19603736
Chile,2021-11-24,1740496.0,0.0,38094.0,16833482.0,19603736
Chile,2021-11-25,1740496.0,0.0,38094.0,16843815.0,19603736
Chile,2021-11-26,1740496.0,0.0,38094.0,16853600.0,19603736
Chile,2021-11-27,1740496.0,0.0,38094.0,16855493.0,19603736
Chile,2021-11-28,1757077.0,16581.0,38282.0,16855744.0,19603736
Chile,2021-11-29,1757077.0,0.0,38282.0,16868099.0,19603736
Chile,2021-11-30,1757077.0,0.0,38282.0,16880177.0,19603736
Chile,2021-12-01,1757077.0,0.0,38282.0,16891062.0,19603736
Chile,2021-12-02,1757077.0,0.0,38282.0,16900830.0,19603736
Chile,2021-12-03,1757077.0,0.0,38282.0,16909810.0,19603736
Chile,2021-12-04,1757077.0,0.0,38282.0,16911298.0,19603736
Chile,2021-12-05,1770620.0,13543.0,38465.0,16911508.0,19603736
Chile,2021-12-06,1770620.0,0.0,38465.0,16926732.0,19603736
Chile,2021-12-07,1770620.0,0.0,38465.0,16942444.0,19603736
Chile,2021-12-08,1770620.0,0.0,38465.0,16942763.0,19603736
Chile,2021-12-09,1770620.0,0.0,38465.0,16982566.0,19603736
Chile,2021-12-10,1770620.0,0.0,38465.0,17019408.0,19603736
Chile,2021-12-11,1770620.0,0.0,38465.0,17023382.0,19603736
Chile,2021-12-12,1781227.0,10607.0,38646.0,17023737.0,19603736
Chile,2021-12-13,1781227.0,0.0,38646.0,17057099.0,19603736
Chile,2021-12-14,1781227.0,0.0,38646.0,17087833.0,19603736
Chile,2021-12-15,1781227.0,0.0,38646.0,17115099.0,19603736
Chile,2021-12-16,1781227.0,0.0,38646.0,17140169.0,19603736
Chile,2021-12-17,1781227.0,0.0,38646.0,17161698.0,19603736
Chile,2021-12-18,1781227.0,0.0,38646.0,17164519.0,19603736
Chile,2021-12-19,1790524.0,9297.0,38840.0,17164753.0,19603736
Chile,2021-12-20,1790524.0,0.0,38840.0,17185002.0,19603736
Chile,2021-12-21,1790524.0,0.0,38840.0,17203018.0,19603736
Chile,2021-12-22,1790524.0,0.0,38840.0,17217406.0,19603736
Chile,2021-12-23,1790524.0,0.0,38840.0,17227318.0,19603736
Chile,2021-12-24,1790524.0,0.0,38840.0,17229114.0,19603736
Chile,2021-12-25,1790524.0,0.0,38840.0,17229115.0,19603736
Chile,2021-12-26,1799125.0,8601.0,39013.0,17229220.0,19603736
Chile,2021-12-27,1799125.0,0.0,39013.0,17247668.0,19603736
Chile,2021-12-28,1799125.0,0.0,39013.0,17268111.0,19603736
Chile,2021-12-29,1799125.0,0.0,39013.0,17287590.0,19603736
Chile,2021-12-30,1799125.0,0.0,39013.0,17304517.0,19603736
Chile,2021-12-31,1799125.0,0.0,39013.0,17307888.0,19603736
Chile,2022-01-01,1799125.0,0.0,39013.0,17307896.0,19603736
Chile,2022-01-02,1808398.0,9273.0,39140.0,17307937.0,19603736
Chile,2022-01-03,1808398.0,0.0,39140.0,17327764.0,19603736
Chile,2022-01-04,1808398.0,0.0,39140.0,17348482.0,19603736
Chile,2022-01-05,1808398.0,0.0,39140.0,17367556.0,19603736
Chile,2022-01-06,1808398.0,0.0,39140.0,17384970.0,19603736
Chile,2022-01-07,1808398.0,0.0,39140.0,17402219.0,19603736
Chile,2022-01-08,1808398.0,0.0,39140.0,17403995.0,19603736
Chile,2022-01-09,1825417.0,17019.0,39251.0,17404217.0,19603736
Chile,2022-01-10,1825417.0,0.0,39251.0,17424387.0,19603736
Chile,2022-01-11,1825417.0,0.0,39251.0,17441926.0,19603736
Chile,2022-01-12,1825417.0,0.0,39251.0,17457004.0,19603736
Chile,2022-01-13,1825417.0,0.0,39251.0,17470666.0,19603736
Chile,2022-01-14,1825417.0,0.0,39251.0,17484142.0,19603736
Chile,2022-01-15,1825417.0,0.0,39251.0,17485742.0,19603736
Chile,2022-01-16,1867101.0,41684.0,39376.0,17485844.0,19603736
Chile,2022-01-17,1867101.0,0.0,39376.0,17502428.0,19603736
Chile,2022-01-18,1867101.0,0.0,39376.0,17515941.0,19603736
Chile,2022-01-19,1867101.0,0.0,39376.0,17530538.0,19603736
Chile,2022-01-20,1867101.0,0.0,39376.0,17542792.0,19603736
Chile,2022-01-21,1867101.0,0.0,39376.0,17553921.0,19603736
Chile,2022-01-22,1867101.0,0.0,39376.0,17555123.0,19603736
Chile,2022-01-23,1949675.0,82574.0,39497.0,17555229.0,19603736
Chile,2022-01-24,1949675.0,0.0,39497.0,17569216.0,19603736
Chile,2022-01-25,1949675.0,0.0,39497.0,17581525.0,19603736
Chile,2022-01-26,1949675.0,0.0,39497.0,17591967.0,19603736
Chile,2022-01-27,1949675.0,0.0,39497.0,17601752.0,19603736
Chile,2022-01-28,1949675.0,0.0,39497.0,17610830.0,19603736
Chile,2022-01-29,1949675.0,0.0,39497.0,17611998.0,19603736
Chile,2022-01-30,2107612.0,157937.0,39653.0,17612082.0,19603736
Chile,2022-01-31,2107612.0,0.0,39653.0,17624051.0,19603736
Chile,2022-02-01,2107612.0,0.0,39653.0,17634374.0,19603736
Chile,2022-02-02,2107612.0,0.0,39653.0,17643628.0,19603736
Chile,2022-02-03,2107612.0,0.0,39653.0,17652227.0,19603736
Chile,2022-02-04,2107612.0,0.0,39653.0,17660008.0,19603736
Chile,2022-02-05,2107612.0,0.0,39653.0,17660757.0,19603736
Chile,2022-02-06,2335034.0,227422.0,39930.0,17660839.0,19603736
Chile,2022-02-07,2335034.0,0.0,39930.0,17670781.0,19603736
Chile,2022-02-08,2335034.0,0.0,39930.0,17680164.0,19603736
Chile,2022-02-09,2335034.0,0.0,39930.0,17688446.0,19603736
Chile,2022-02-10,2335034.0,0.0,39930.0,17696325.0,19603736
Chile,2022-02-11,2335034.0,0.0,39930.0,17703094.0,19603736
Chile,2022-02-12,2335034.0,0.0,39930.0,17703765.0,19603736
Chile,2022-02-13,2582934.0,247900.0,40464.0,17703877.0,19603736
Chile,2022-02-14,2582934.0,0.0,40464.0,17710928.0,19603736
Chile,2022-02-15,2582934.0,0.0,40464.0,17717741.0,19603736
Chile,2022-02-16,2582934.0,0.0,40464.0,17724547.0,19603736
Chile,2022-02-17,2582934.0,0.0,40464.0,17731575.0,19603736
Chile,2022-02-18,2582934.0,0.0,40464.0,17738465.0,19603736
Chile,2022-02-19,2582934.0,0.0,40464.0,17739027.0,19603736
Chile,2022-02-20,2819246.0,236312.0,41196.0,17739073.0,19603736
Chile,2022-02-21,2819246.0,0.0,41196.0,17749251.0,19603736
Chile,2022-02-22,2819246.0,0.0,41196.0,17758692.0,19603736
Chile,2022-02-23,2819246.0,0.0,41196.0,17767619.0,19603736
Chile,2022-02-24,2819246.0,0.0,41196.0,17776659.0,19603736
Chile,2022-02-25,2819246.0,0.0,41196.0,17785564.0,19603736
Chile,2022-02-26,2819246.0,0.0,41196.0,17786468.0,19603736
Chile,2022-02-27,3015630.0,196384.0,42070.0,17786547.0,19603736
Chile,2022-02-28,3015630.0,0.0,42070.0,17798028.0,19603736
Chile,2022-03-01,3015630.0,0.0,42070.0,17807373.0,19603736
Chile,2022-03-02,3015630.0,0.0,42070.0,17813696.0,19603736
Chile,2022-03-03,3015630.0,0.0,42070.0,17819270.0,19603736
Chile,2022-03-04,3015630.0,0.0,42070.0,17825532.0,19603736
Chile,2022-03-05,3015630.0,0.0,42070.0,17826152.0,19603736
Chile,2022-03-06,3168335.0,152705.0,42955.0,17826194.0,19603736
Chile,2022-03-07,3168335.0,0.0,42955.0,17830766.0,19603736
Chile,2022-03-08,3168335.0,0.0,42955.0,17834200.0,19603736
Chile,2022-03-09,3168335.0,0.0,42955.0,17837380.0,19603736
Chile,2022-03-10,3168335.0,0.0,42955.0,17840255.0,19603736
Chile,2022-03-11,3168335.0,0.0,42955.0,17844262.0,19603736
Chile,2022-03-12,3168335.0,0.0,42955.0,17844772.0,19603736
Chile,2022-03-13,3286476.0,118141.0,43785.0,17844804.0,19603736
Chile,2022-03-14,3286476.0,0.0,43785.0,17848099.0,19603736
Chile,2022-03-15,3286476.0,0.0,43785.0,17850961.0,19603736
Chile,2022-03-16,3286476.0,0.0,43785.0,17853418.0,19603736
Chile,2022-03-17,3286476.0,0.0,43785.0,17855914.0,19603736
Chile,2022-03-18,3286476.0,0.0,43785.0,17858871.0,19603736
Chile,2022-03-19,3286476.0,0.0,43785.0,17859222.0,19603736
Chile,2022-03-20,3381681.0,95205.0,44440.0,17859248.0,19603736
Chile,2022-03-21,3381681.0,0.0,44440.0,17861932.0,19603736
Chile,2022-03-22,3381681.0,0.0,44440.0,17864357.0,19603736
Chile,2022-03-23,3381681.0,0.0,44440.0,17866756.0,19603736
Chile,2022-03-24,3381681.0,0.0,44440.0,17868971.0,19603736
Chile,2022-03-25,3381681.0,0.0,44440.0,17871938.0,19603736
Chile,2022-03-26,3381681.0,0.0,44440.0,17872358.0,19603736
Chile,2022-03-27,3443018.0,61337.0,56298.0,17872390.0,19603736
Chile,2022-03-28,3443018.0,0.0,56298.0,17875094.0,19603736
Chile,2022-03-29,3443018.0,0.0,56298.0,17877335.0,19603736
Chile,2022-03-30,3443018.0,0.0,56298.0,17879680.0,19603736
Chile,2022-03-31,3443018.0,0.0,56298.0,17881671.0,19603736
Chile,2022-04-01,3443018.0,0.0,56298.0,17884102.0,19603736
Chile,2022-04-02,3443018.0,0.0,56298.0,17884393.0,19603736
Chile,2022-04-03,3482175.0,39157.0,56689.0,17884406.0,19603736
Chile,2022-04-04,3482175.0,0.0,56689.0,17886775.0,19603736
Chile,2022-04-05,3482175.0,0.0,56689.0,17888936.0,19603736
Chile,2022-04-06,3482175.0,0.0,56689.0,17890898.0,19603736
Chile,2022-04-07,3482175.0,0.0,56689.0,17892762.0,19603736
Chile,2022-04-08,3482175.0,0.0,56689.0,17894853.0,19603736
Chile,2022-04-09,3482175.0,0.0,56689.0,17895188.0,19603736
Chile,2022-04-10,3508556.0,26381.0,56997.0,17895207.0,19603736
Chile,2022-04-11,3508556.0,0.0,56997.0,17897175.0,19603736
Chile,2022-04-12,3508556.0,0.0,56997.0,17898774.0,19603736
Chile,2022-04-13,3508556.0,0.0,56997.0,17900330.0,19603736
Chile,2022-04-14,3508556.0,0.0,56997.0,17902113.0,19603736
Chile,2022-04-15,3508556.0,0.0,56997.0,17902132.0,19603736
Chile,2022-04-16,3508556.0,0.0,56997.0,17902140.0,19603736
Chile,2022-04-17,3528626.0,20070.0,57231.0,17902149.0,19603736
Chile,2022-04-18,3528626.0,0.0,57231.0,17903940.0,19603736
Chile,2022-04-19,3528626.0,0.0,57231.0,17905427.0,19603736
Chile,2022-04-20,3528626.0,0.0,57231.0,17906981.0,19603736
Chile,2022-04-21,3528626.0,0.0,57231.0,17908423.0,19603736
Chile,2022-04-22,3528626.0,0.0,57231.0,17909994.0,19603736
Chile,2022-04-23,3528626.0,0.0,57231.0,17910285.0,19603736
Chile,2022-04-24,3544463.0,15837.0,57375.0,17910293.0,19603736
Chile,2022-04-25,3544463.0,0.0,57375.0,17912004.0,19603736
Chile,2022-04-26,3544463.0,0.0,57375.0,17913521.0,19603736
Chile,2022-04-27,3544463.0,0.0,57375.0,17914944.0,19603736
Chile,2022-04-28,3544463.0,0.0,57375.0,17916424.0,19603736
Chile,2022-04-29,3544463.0,0.0,57375.0,17918059.0,19603736
Chile,2022-04-30,3544463.0,0.0,57375.0,17918357.0,19603736
Chile,2022-05-01,3558631.0,14168.0,57527.0,17918359.0,19603736
Chile,2022-05-02,3558631.0,0.0,57527.0,17920063.0,19603736
Chile,2022-05-03,3558631.0,0.0,57527.0,17921656.0,19603736
Chile,2022-05-04,3558631.0,0.0,57527.0,17923249.0,19603736
Chile,2022-05-05,3558631.0,0.0,57527.0,17924852.0,19603736
Chile,2022-05-06,3558631.0,0.0,57527.0,17926555.0,19603736
Chile,2022-05-07,3558631.0,0.0,57527.0,17926901.0,19603736
Chile,2022-05-08,3576139.0,17508.0,57629.0,17926915.0,19603736
Chile,2022-05-09,3576139.0,0.0,57629.0,17928625.0,19603736
Chile,2022-05-10,3576139.0,0.0,57629.0,17930204.0,19603736
Chile,2022-05-11,3576139.0,0.0,57629.0,17931881.0,19603736
Chile,2022-05-12,3576139.0,0.0,57629.0,17933716.0,19603736
Chile,2022-05-13,3576139.0,0.0,57629.0,17935661.0,19603736
Chile,2022-05-14,3576139.0,0.0,57629.0,17936099.0,19603736
Chile,2022-05-15,3600896.0,24757.0,57714.0,17936124.0,19603736
Chile,2022-05-16,3600896.0,0.0,57714.0,17938385.0,19603736
Chile,2022-05-17,3600896.0,0.0,57714.0,17940726.0,19603736
Chile,2022-05-18,3600896.0,0.0,57714.0,17943026.0,19603736
Chile,2022-05-19,3600896.0,0.0,57714.0,17945338.0,19603736
Chile,2022-05-20,3600896.0,0.0,57714.0,17947826.0,19603736
Chile,2022-05-21,3600896.0,0.0,57714.0,17948090.0,19603736
Chile,2022-05-22,3636993.0,36097.0,57794.0,17948122.0,19603736
Chile,2022-05-23,3636993.0,0.0,57794.0,17950683.0,19603736
Chile,2022-05-24,3636993.0,0.0,57794.0,17953176.0,19603736
Chile,2022-05-25,3636993.0,0.0,57794.0,17955631.0,19603736
Chile,2022-05-26,3636993.0,0.0,57794.0,17958000.0,19603736
Chile,2022-05-27,3636993.0,0.0,57794.0,17960296.0,19603736
Chile,2022-05-28,3636993.0,0.0,57794.0,17961002.0,19603736
Chile,2022-05-29,3684585.0,47592.0,57877.0,17961052.0,19603736
Chile,2022-05-30,3684585.0,0.0,57877.0,17963413.0,19603736
Chile,2022-05-31,3684585.0,0.0,57877.0,17965797.0,19603736
Chile,2022-06-01,3684585.0,0.0,57877.0,17968229.0,19603736
Chile,2022-06-02,3684585.0,0.0,57877.0,17970364.0,19603736
Chile,2022-06-03,3684585.0,0.0,57877.0,17972127.0,19603736
Chile,2022-06-04,3684585.0,0.0,57877.0,17972625.0,19603736
Chile,2022-06-05,3739796.0,55211.0,57955.0,17972671.0,19603736
Chile,2022-06-06,3739796.0,0.0,57955.0,17974984.0,19603736
Chile,2022-06-07,3739796.0,0.0,57955.0,17977099.0,19603736
Chile,2022-06-08,3739796.0,0.0,57955.0,17979213.0,19603736
Chile,2022-06-09,3739796.0,0.0,57955.0,17981251.0,19603736
Chile,2022-06-10,3739796.0,0.0,57955.0,17983121.0,19603736
Chile,2022-06-11,3739796.0,0.0,57955.0,17983594.0,19603736
Chile,2022-06-12,3808970.0,69174.0,58076.0,17983654.0,19603736
Chile,2022-06-13,3808970.0,0.0,58076.0,17985603.0,19603736
Chile,2022-06-14,3808970.0,0.0,58076.0,17987303.0,19603736
Chile,2022-06-15,3808970.0,0.0,58076.0,17989136.0,19603736
Chile,2022-06-16,3808970.0,0.0,58076.0,17990830.0,19603736
Chile,2022-06-17,3808970.0,0.0,58076.0,17992445.0,19603736
Chile,2022-06-18,3808970.0,0.0,58076.0,17992803.0,19603736
Chile,2022-06-19,3882425.0,73455.0,58226.0,17992831.0,19603736
Chile,2022-06-20,3882425.0,0.0,58226.0,17994429.0,19603736
Chile,2022-06-21,3882425.0,0.0,58226.0,17994499.0,19603736
Chile,2022-06-22,3882425.0,0.0,58226.0,17996104.0,19603736
Chile,2022-06-23,3882425.0,0.0,58226.0,17997491.0,19603736
Chile,2022-06-24,3882425.0,0.0,58226.0,17998953.0,19603736
Chile,2022-06-25,3882425.0,0.0,58226.0,17999287.0,19603736
Chile,2022-06-26,3948012.0,65587.0,58385.0,17999324.0,19603736
Chile,2022-06-27,3948012.0,0.0,58385.0,17999394.0,19603736
Chile,2022-06-28,3948012.0,0.0,58385.0,18000969.0,19603736
Chile,2022-06-29,3948012.0,0.0,58385.0,18002434.0,19603736
Chile,2022-06-30,3948012.0,0.0,58385.0,18003810.0,19603736
Chile,2022-07-01,3948012.0,0.0,58385.0,18004721.0,19603736
Chile,2022-07-02,3948012.0,0.0,58385.0,18005009.0,19603736
Chile,2022-07-03,4013903.0,65891.0,58563.0,18005044.0,19603736
Chile,2022-07-04,4013903.0,0.0,58563.0,18006599.0,19603736
Chile,2022-07-05,4013903.0,0.0,58563.0,18008041.0,19603736
Chile,2022-07-06,4013903.0,0.0,58563.0,18009273.0,19603736
Chile,2022-07-07,4013903.0,0.0,58563.0,18010803.0,19603736
Chile,2022-07-08,4013903.0,0.0,58563.0,18012017.0,19603736
Chile,2022-07-09,4013903.0,0.0,58563.0,18012263.0,19603736
Chile,2022-07-10,4075533.0,61630.0,58787.0,18012300.0,19603736
Chile,2022-07-11,4075533.0,0.0,58787.0,18013743.0,19603736
Chile,2022-07-12,4075533.0,0.0,58787.0,18015138.0,19603736
Chile,2022-07-13,4075533.0,0.0,58787.0,18016431.0,19603736
Chile,2022-07-14,4075533.0,0.0,58787.0,18017524.0,19603736
Chile,2022-07-15,4075533.0,0.0,58787.0,18018679.0,19603736
Chile,2022-07-16,4075533.0,0.0,58787.0,18018777.0,19603736
Chile,2022-07-17,4130232.0,54699.0,59039.0,18018809.0,19603736
Chile,2022-07-18,4130232.0,0.0,59039.0,18020421.0,19603736
Chile,2022-07-19,4130232.0,0.0,59039.0,18021984.0,19603736
Chile,2022-07-20,4130232.0,0.0,59039.0,18023477.0,19603736
Chile,2022-07-21,4130232.0,0.0,59039.0,18024932.0,19603736
Chile,2022-07-22,4130232.0,0.0,59039.0,18026465.0,19603736
Chile,2022-07-23,4130232.0,0.0,59039.0,18026833.0,19603736
Chile,2022-07-24,4177517.0,47285.0,59303.0,18026865.0,19603736
Chile,2022-07-25,4177517.0,0.0,59303.0,18028317.0,19603736
Chile,2022-07-26,4177517.0,0.0,59303.0,18029572.0,19603736
Chile,2022-07-27,4177517.0,0.0,59303.0,18030803.0,19603736
Chile,2022-07-28,4177517.0,0.0,59303.0,18032134.0,19603736
Chile,2022-07-29,4177517.0,0.0,59303.0,18033411.0,19603736
Chile,2022-07-30,4177517.0,0.0,59303.0,18033693.0,19603736
Chile,2022-07-31,4233549.0,56032.0,59552.0,18033721.0,19603736
Chile,2022-08-01,4233549.0,0.0,59552.0,18034965.0,19603736
Chile,2022-08-02,4233549.0,0.0,59552.0,18036144.0,19603736
Chile,2022-08-03,4233549.0,0.0,59552.0,18037304.0,19603736
Chile,2022-08-04,4233549.0,0.0,59552.0,18038334.0,19603736
Chile,2022-08-05,4233549.0,0.0,59552.0,18039350.0,19603736
Chile,2022-08-06,4233549.0,0.0,59552.0,18039534.0,19603736
Chile,2022-08-07,4297144.0,63595.0,59773.0,18039555.0,19603736
Chile,2022-08-08,4297144.0,0.0,59773.0,18040729.0,19603736
Chile,2022-08-09,4297144.0,0.0,59773.0,18041949.0,19603736
Chile,2022-08-10,4297144.0,0.0,59773.0,18043069.0,19603736
Chile,2022-08-11,4297144.0,0.0,59773.0,18044073.0,19603736
Chile,2022-08-12,4297144.0,0.0,59773.0,18045145.0,19603736
Chile,2022-08-13,4297144.0,0.0,59773.0,18045382.0,19603736
Chile,2022-08-14,4369706.0,72562.0,59961.0,18045399.0,19603736
Chile,2022-08-15,4369706.0,0.0,59961.0,18045425.0,19603736
Chile,2022-08-16,4369706.0,0.0,59961.0,18046475.0,19603736
Chile,2022-08-17,4369706.0,0.0,59961.0,18047543.0,19603736
Chile,2022-08-18,4369706.0,0.0,59961.0,18048618.0,19603736
Chile,2022-08-19,4369706.0,0.0,59961.0,18049709.0,19603736
Chile,2022-08-20,4369706.0,0.0,59961.0,18049929.0,19603736
Chile,2022-08-21,4432586.0,62880.0,60174.0,18049941.0,19603736
Chile,2022-08-22,4432586.0,0.0,60174.0,18051001.0,19603736
Chile,2022-08-23,4432586.0,0.0,60174.0,18051983.0,19603736
Chile,2022-08-24,4432586.0,0.0,60174.0,18052975.0,19603736
Chile,2022-08-25,4432586.0,0.0,60174.0,18053862.0,19603736
Chile,2022-08-26,4432586.0,0.0,60174.0,18054836.0,19603736
Chile,2022-08-27,4432586.0,0.0,60174.0,18055047.0,19603736
Chile,2022-08-28,4487453.0,54867.0,60382.0,18055071.0,19603736
Chile,2022-08-29,4487453.0,0.0,60382.0,18056174.0,19603736
Chile,2022-08-30,4487453.0,0.0,60382.0,18057101.0,19603736
Chile,2022-08-31,4487453.0,0.0,60382.0,18057943.0,19603736
Chile,2022-09-01,4487453.0,0.0,60382.0,18058739.0,19603736
Chile,2022-09-02,4487453.0,0.0,60382.0,18059702.0,19603736
Chile,2022-09-03,4487453.0,0.0,60382.0,18059865.0,19603736
Chile,2022-09-04,4527533.0,40080.0,60571.0,18059872.0,19603736
Chile,2022-09-05,4527533.0,0.0,60571.0,18060753.0,19603736
Chile,2022-09-06,4527533.0,0.0,60571.0,18061520.0,19603736
Chile,2022-09-07,4527533.0,0.0,60571.0,18062311.0,19603736
Chile,2022-09-08,4527533.0,0.0,60571.0,18062942.0,19603736
Chile,2022-09-09,4527533.0,0.0,60571.0,18063722.0,19603736
Chile,2022-09-10,4527533.0,0.0,60571.0,18063855.0,19603736
Chile,2022-09-11,4559801.0,32268.0,60749.0,18063864.0,19603736
Chile,2022-09-12,4559801.0,0.0,60749.0,18064622.0,19603736
Chile,2022-09-13,4559801.0,0.0,60749.0,18065255.0,19603736
Chile,2022-09-14,4559801.0,0.0,60749.0,18065848.0,19603736
Chile,2022-09-15,4559801.0,0.0,60749.0,18066181.0,19603736
Chile,2022-09-16,4559801.0,0.0,60749.0,18066197.0,19603736
Chile,2022-09-17,4559801.0,0.0,60749.0,18066210.0,19603736
Chile,2022-09-18,4583654.0,23853.0,60923.0,18066210.0,19603736
Chile,2022-09-19,4583654.0,0.0,60923.0,18066213.0,19603736
Chile,2022-09-20,4583654.0,0.0,60923.0,18066775.0,19603736
Chile,2022-09-21,4583654.0,0.0,60923.0,18067453.0,19603736
Chile,2022-09-22,4583654.0,0.0,60923.0,18068010.0,19603736
Chile,2022-09-23,4583654.0,0.0,60923.0,18068496.0,19603736
Chile,2022-09-24,4583654.0,0.0,60923.0,18068559.0,19603736
Chile,2022-09-25,4603514.0,19860.0,61046.0,18068563.0,19603736
Chile,2022-09-26,4603514.0,0.0,61046.0,18068928.0,19603736
Chile,2022-09-27,4603514.0,0.0,61046.0,18069376.0,19603736
Chile,2022-09-28,4603514.0,0.0,61046.0,18069852.0,19603736
Chile,2022-09-29,4603514.0,0.0,61046.0,18070177.0,19603736
Chile,2022-09-30,4603514.0,0.0,61046.0,18070508.0,19603736
Chile,2022-10-01,4603514.0,0.0,61046.0,18070561.0,19603736
Chile,2022-10-02,4627923.0,24409.0,61178.0,18070566.0,19603736
Chile,2022-10-03,4627923.0,0.0,61178.0,18070858.0,19603736
Chile,2022-10-04,4627923.0,0.0,61178.0,18071174.0,19603736
Chile,2022-10-05,4627923.0,0.0,61178.0,18071451.0,19603736
Chile,2022-10-06,4627923.0,0.0,61178.0,18071762.0,19603736
Chile,2022-10-07,4627923.0,0.0,61178.0,18072056.0,19603736
Chile,2022-10-08,4627923.0,0.0,61178.0,18072099.0,19603736
Chile,2022-10-09,4649348.0,21425.0,61306.0,18072103.0,19603736
Chile,2022-10-10,4649348.0,0.0,61306.0,18072109.0,19603736
Chile,2022-10-11,4649348.0,0.0,61306.0,18072356.0,19603736
Chile,2022-10-12,4649348.0,0.0,61306.0,18072623.0,19603736
Chile,2022-10-13,4649348.0,0.0,61306.0,18072831.0,19603736
Chile,2022-10-14,4649348.0,0.0,61306.0,18073123.0,19603736
Chile,2022-10-15,4649348.0,0.0,61306.0,18073163.0,19603736
Chile,2022-10-16,4674373.0,25025.0,61412.0,18073173.0,19603736
Chile,2022-10-17,4674373.0,0.0,61412.0,18073463.0,19603736
Chile,2022-10-18,4674373.0,0.0,61412.0,18073718.0,19603736
Chile,2022-10-19,4674373.0,0.0,61412.0,18073975.0,19603736
Chile,2022-10-20,4674373.0,0.0,61412.0,18074266.0,19603736
Chile,2022-10-21,4674373.0,0.0,61412.0,18074497.0,19603736
Chile,2022-10-22,4674373.0,0.0,61412.0,18074539.0,19603736
Chile,2022-10-23,4708870.0,34497.0,61535.0,18074543.0,19603736
Chile,2022-10-24,4708870.0,0.0,61535.0,18074740.0,19603736
Chile,2022-10-25,4708870.0,0.0,61535.0,18074933.0,19603736
Chile,2022-10-26,4708870.0,0.0,61535.0,18075139.0,19603736
Chile,2022-10-27,4708870.0,0.0,61535.0,18075381.0,19603736
Chile,2022-10-28,4708870.0,0.0,61535.0,18075582.0,19603736
Chile,2022-10-29,4708870.0,0.0,61535.0,18075600.0,19603736
Chile,2022-10-30,4750775.0,41905.0,61652.0,18075603.0,19603736
Chile,2022-10-31,4750775.0,0.0,61652.0,18075604.0,19603736
Chile,2022-11-01,4750775.0,0.0,61652.0,18075604.0,19603736
Chile,2022-11-02,4750775.0,0.0,61652.0,18075789.0,19603736
Chile,2022-11-03,4750775.0,0.0,61652.0,18075974.0,19603736
Chile,2022-11-04,4750775.0,0.0,61652.0,18076165.0,19603736
Chile,2022-11-05,4750775.0,0.0,61652.0,18076191.0,19603736
Chile,2022-11-06,4786198.0,35423.0,61789.0,18076192.0,19603736
Chile,2022-11-07,4786198.0,0.0,61789.0,18076397.0,19603736
Chile,2022-11-08,4786198.0,0.0,61789.0,18076591.0,19603736
Chile,2022-11-09,4786198.0,0.0,61789.0,18076789.0,19603736
Chile,2022-11-10,4786198.0,0.0,61789.0,18077006.0,19603736
Chile,2022-11-11,4786198.0,0.0,61789.0,18077220.0,19603736
Chile,2022-11-12,4786198.0,0.0,61789.0,18077255.0,19603736
Chile,2022-11-13,4832838.0,46640.0,61983.0,18077256.0,19603736
Chile,2022-11-14,4832838.0,0.0,61983.0,18077472.0,19603736
Chile,2022-11-15,4832838.0,0.0,61983.0,18077669.0,19603736
Chile,2022-11-16,4832838.0,0.0,61983.0,18077945.0,19603736
Chile,2022-11-17,4832838.0,0.0,61983.0,18078139.0,19603736
Chile,2022-11-18,4832838.0,0.0,61983.0,18078370.0,19603736
Chile,2022-11-19,4832838.0,0.0,61983.0,18078401.0,19603736
Chile,2022-11-20,4871851.0,39013.0,62165.0,18078401.0,19603736
Chile,2022-11-21,4871851.0,0.0,62165.0,18078613.0,19603736
Chile,2022-11-22,4871851.0,0.0,62165.0,18078802.0,19603736
Chile,2022-11-23,4871851.0,0.0,62165.0,18079010.0,19603736
Chile,2022-11-24,4871851.0,0.0,62165.0,18079188.0,19603736
Chile,2022-11-25,4871851.0,0.0,62165.0,18079423.0,19603736
Chile,2022-11-26,4871851.0,0.0,62165.0,18079443.0,19603736
Chile,2022-11-27,4905535.0,33684.0,62357.0,18079443.0,19603736
Chile,2022-11-28,4905535.0,0.0,62357.0,18079635.0,19603736
Chile,2022-11-29,4905535.0,0.0,62357.0,18079835.0,19603736
Chile,2022-11-30,4905535.0,0.0,62357.0,18080059.0,19603736
Chile,2022-12-01,4905535.0,0.0,62357.0,18080326.0,19603736
Chile,2022-12-02,4905535.0,0.0,62357.0,18080548.0,19603736
Chile,2022-12-03,4905535.0,0.0,62357.0,18080556.0,19603736
Chile,2022-12-04,4933525.0,27990.0,62543.0,18080558.0,19603736
Chile,2022-12-05,4933525.0,0.0,62543.0,18080672.0,19603736
Chile,2022-12-06,4933525.0,0.0,62543.0,18080813.0,19603736
Chile,2022-12-07,4933525.0,0.0,62543.0,18080971.0,19603736
Chile,2022-12-08,4933525.0,0.0,62543.0,18080973.0,19603736
Chile,2022-12-09,4933525.0,0.0,62543.0,18081138.0,19603736
Chile,2022-12-10,4933525.0,0.0,62543.0,18081150.0,19603736
Chile,2022-12-11,4955536.0,22011.0,62708.0,18081151.0,19603736
Chile,2022-12-12,4955536.0,0.0,62708.0,18081283.0,19603736
Chile,2022-12-13,4955536.0,0.0,62708.0,18081403.0,19603736
Chile,2022-12-14,4955536.0,0.0,62708.0,18081521.0,19603736
Chile,2022-12-15,4955536.0,0.0,62708.0,18081647.0,19603736
Chile,2022-12-16,4955536.0,0.0,62708.0,18081779.0,19603736
Chile,2022-12-17,4955536.0,0.0,62708.0,18081796.0,19603736
Chile,2022-12-18,4979633.0,24097.0,62850.0,18081798.0,19603736
Chile,2022-12-19,4979633.0,0.0,62850.0,18081900.0,19603736
Chile,2022-12-20,4979633.0,0.0,62850.0,18082027.0,19603736
Chile,2022-12-21,4979633.0,0.0,62850.0,18082137.0,19603736
Chile,2022-12-22,4979633.0,0.0,62850.0,18082235.0,19603736
Chile,2022-12-23,4979633.0,0.0,62850.0,18082296.0,19603736
Chile,2022-12-24,4979633.0,0.0,62850.0,18082301.0,19603736
Chile,2022-12-25,5006159.0,26526.0,63012.0,,19603736
Chile,2022-12-26,5006159.0,0.0,63012.0,18082420.0,19603736
Chile,2022-12-27,5006159.0,0.0,63012.0,18082565.0,19603736
Chile,2022-12-28,5006159.0,0.0,63012.0,18082708.0,19603736
Chile,2022-12-29,5006159.0,0.0,63012.0,18082855.0,19603736
Chile,2022-12-30,5006159.0,0.0,63012.0,18082951.0,19603736
Chile,2022-12-31,5006159.0,0.0,63012.0,18082953.0,19603736
Chile,2023-01-01,5037527.0,31368.0,63172.0,,19603736
Chile,2023-01-02,5037527.0,0.0,63172.0,,19603736
Chile,2023-01-03,5037527.0,0.0,63172.0,18083079.0,19603736
Chile,2023-01-04,5037527.0,0.0,63172.0,18083244.0,19603736
Chile,2023-01-05,5037527.0,0.0,63172.0,18083409.0,19603736
Chile,2023-01-06,5037527.0,0.0,63172.0,18083605.0,19603736
Chile,2023-01-07,5037527.0,0.0,63172.0,18083624.0,19603736
Chile,2023-01-08,5062734.0,25207.0,63330.0,18083624.0,19603736
Chile,2023-01-09,5062734.0,0.0,63330.0,18083843.0,19603736
Chile,2023-01-10,5062734.0,0.0,63330.0,18084091.0,19603736
Chile,2023-01-11,5062734.0,0.0,63330.0,18084321.0,19603736
Chile,2023-01-12,5062734.0,0.0,63330.0,18084562.0,19603736
Chile,2023-01-13,5062734.0,0.0,63330.0,18084790.0,19603736
Chile,2023-01-14,5062734.0,0.0,63330.0,18084801.0,19603736
Chile,2023-01-15,5084978.0,22244.0,63496.0,18084801.0,19603736
Chile,2023-01-16,5084978.0,0.0,63496.0,18085023.0,19603736
Chile,2023-01-17,5084978.0,0.0,63496.0,18085296.0,19603736
Chile,2023-01-18,5084978.0,0.0,63496.0,18085494.0,19603736
Chile,2023-01-19,5084978.0,0.0,63496.0,18085730.0,19603736
Chile,2023-01-20,5084978.0,0.0,63496.0,18085926.0,19603736
Chile,2023-01-21,5084978.0,0.0,63496.0,18085940.0,19603736
Chile,2023-01-22,5101837.0,16859.0,63640.0,18085940.0,19603736
Chile,2023-01-23,5101837.0,0.0,63640.0,18086197.0,19603736
Chile,2023-01-24,5101837.0,0.0,63640.0,18086475.0,19603736
Chile,2023-01-25,5101837.0,0.0,63640.0,18086670.0,19603736
Chile,2023-01-26,5101837.0,0.0,63640.0,18086886.0,19603736
Chile,2023-01-27,5101837.0,0.0,63640.0,18087068.0,19603736
Chile,2023-01-28,5101837.0,0.0,63640.0,18087089.0,19603736
Chile,2023-01-29,5115130.0,13293.0,63764.0,18087090.0,19603736
Chile,2023-01-30,5115130.0,0.0,63764.0,18087283.0,19603736
Chile,2023-01-31,5115130.0,0.0,63764.0,18087451.0,19603736
Chile,2023-02-01,5115130.0,0.0,63764.0,18087649.0,19603736
Chile,2023-02-02,5115130.0,0.0,63764.0,18087826.0,19603736
Chile,2023-02-03,5115130.0,0.0,63764.0,18088020.0,19603736
Chile,2023-02-04,5115130.0,0.0,63764.0,18088044.0,19603736
Chile,2023-02-05,5126657.0,11527.0,63875.0,18088044.0,19603736
Chile,2023-02-06,5126657.0,0.0,63875.0,18088215.0,19603736
Chile,2023-02-07,5126657.0,0.0,63875.0,18088417.0,19603736
Chile,2023-02-08,5126657.0,0.0,63875.0,18088517.0,19603736
Chile,2023-02-09,5126657.0,0.0,63875.0,,19603736
Chile,2023-02-10,5126657.0,0.0,63875.0,,19603736
Chile,2023-02-11,5126657.0,0.0,63875.0,,19603736
Chile,2023-02-12,5137305.0,10648.0,63985.0,,19603736
Chile,2023-02-13,5137305.0,0.0,63985.0,,19603736
Chile,2023-02-14,5137305.0,0.0,63985.0,,19603736
Chile,2023-02-15,5137305.0,0.0,63985.0,,19603736
Chile,2023-02-16,5137305.0,0.0,63985.0,,19603736
Chile,2023-02-17,5137305.0,0.0,63985.0,,19603736
Chile,2023-02-18,5137305.0,0.0,63985.0,,19603736
Chile,2023-02-19,5147683.0,10378.0,64067.0,,19603736
Chile,2023-02-20,5147683.0,0.0,64067.0,,19603736
Chile,2023-02-21,5147683.0,0.0,64067.0,,19603736
Chile,2023-02-22,5147683.0,0.0,64067.0,,19603736
Chile,2023-02-23,5147683.0,0.0,64067.0,,19603736
Chile,2023-02-24,5147683.0,0.0,64067.0,,19603736
Chile,2023-02-25,5147683.0,0.0,64067.0,,19603736
Chile,2023-02-26,5161209.0,13526.0,64158.0,,19603736
Chile,2023-02-27,5161209.0,0.0,64158.0,,19603736
Chile,2023-02-28,5161209.0,0.0,64158.0,,19603736
Chile,2023-03-01,5161209.0,0.0,64158.0,,19603736
Chile,2023-03-02,5161209.0,0.0,64158.0,,19603736
Chile,2023-03-03,5161209.0,0.0,64158.0,,19603736
Chile,2023-03-04,5161209.0,0.0,64158.0,,19603736
Chile,2023-03-05,5177770.0,16561.0,64222.0,,19603736
Chile,2023-03-06,5177770.0,0.0,64222.0,,19603736
Chile,2023-03-07,5177770.0,0.0,64222.0,,19603736
Chile,2023-03-08,5177770.0,0.0,64222.0,,19603736
Chile,2023-03-09,5177770.0,0.0,64222.0,,19603736
Chile,2023-03-10,5177770.0,0.0,64222.0,,19603736
Chile,2023-03-11,5177770.0,0.0,64222.0,,19603736
Chile,2023-03-12,5199779.0,22009.0,64301.0,,19603736
Chile,2023-03-13,5199779.0,0.0,64301.0,,19603736
Chile,2023-03-14,5199779.0,0.0,64301.0,,19603736
Chile,2023-03-15,5199779.0,0.0,64301.0,,19603736
Chile,2023-03-16,5199779.0,0.0,64301.0,,19603736
Chile,2023-03-17,5199779.0,0.0,64301.0,,19603736
Chile,2023-03-18,5199779.0,0.0,64301.0,,19603736
Chile,2023-03-19,5227433.0,27654.0,64379.0,,19603736
Chile,2023-03-20,5227433.0,0.0,64379.0,,19603736
Chile,2023-03-21,5227433.0,0.0,64379.0,,19603736
Chile,2023-03-22,5227433.0,0.0,64379.0,,19603736
Chile,2023-03-23,5227433.0,0.0,64379.0,,19603736
Chile,2023-03-24,5227433.0,0.0,64379.0,,19603736
Chile,2023-03-25,5227433.0,0.0,64379.0,,19603736
Chile,2023-03-26,5250077.0,22644.0,64482.0,,19603736
Chile,2023-03-27,5250077.0,0.0,64482.0,,19603736
Chile,2023-03-28,5250077.0,0.0,64482.0,,19603736
Chile,2023-03-29,5250077.0,0.0,64482.0,,19603736
Chile,2023-03-30,5250077.0,0.0,64482.0,,19603736
Chile,2023-03-31,5250077.0,0.0,64482.0,,19603736
Chile,2023-04-01,5250077.0,0.0,64482.0,,19603736
Chile,2023-04-02,5264330.0,14253.0,61050.0,,19603736
Chile,2023-04-03,5264330.0,0.0,61050.0,,19603736
Chile,2023-04-04,5264330.0,0.0,61050.0,,19603736
Chile,2023-04-05,5264330.0,0.0,61050.0,,19603736
Chile,2023-04-06,5264330.0,0.0,61050.0,,19603736
Chile,2023-04-07,5264330.0,0.0,61050.0,,19603736
Chile,2023-04-08,5264330.0,0.0,61050.0,,19603736
Chile,2023-04-09,5272767.0,8437.0,61142.0,,19603736
Chile,2023-04-10,5272767.0,0.0,61142.0,,19603736
Chile,2023-04-11,5272767.0,0.0,61142.0,,19603736
Chile,2023-04-12,5272767.0,0.0,61142.0,,19603736
Chile,2023-04-13,5272767.0,0.0,61142.0,,19603736
Chile,2023-04-14,5272767.0,0.0,61142.0,,19603736
Chile,2023-04-15,5272767.0,0.0,61142.0,,19603736
Chile,2023-04-16,5278252.0,5485.0,61247.0,,19603736
Chile,2023-04-17,5278252.0,0.0,61247.0,,19603736
Chile,2023-04-18,5278252.0,0.0,61247.0,,19603736
Chile,2023-04-19,5278252.0,0.0,61247.0,,19603736
Chile,2023-04-20,5278252.0,0.0,61247.0,,19603736
Chile,2023-04-21,5278252.0,0.0,61247.0,,19603736
Chile,2023-04-22,5278252.0,0.0,61247.0,,19603736
Chile,2023-04-23,5281681.0,3429.0,61323.0,,19603736
Chile,2023-04-24,5281681.0,0.0,61323.0,,19603736
Chile,2023-04-25,5281681.0,0.0,61323.0,,19603736
Chile,2023-04-26,5281681.0,0.0,61323.0,,19603736
Chile,2023-04-27,5281681.0,0.0,61323.0,,19603736
Chile,2023-04-28,5281681.0,0.0,61323.0,,19603736
Chile,2023-04-29,5281681.0,0.0,61323.0,,19603736
Chile,2023-04-30,5283908.0,2227.0,61384.0,,19603736
Chile,2023-05-01,5283908.0,0.0,61384.0,,19603736
Chile,2023-05-02,5283908.0,0.0,61384.0,,19603736
Chile,2023-05-03,5283908.0,0.0,61384.0,,19603736
Chile,2023-05-04,5283908.0,0.0,61384.0,,19603736
Chile,2023-05-05,5283908.0,0.0,61384.0,,19603736
Chile,2023-05-06,5283908.0,0.0,61384.0,,19603736
Chile,2023-05-07,5285146.0,1238.0,61434.0,,19603736
Chile,2023-05-08,5285146.0,0.0,61434.0,,19603736
Chile,2023-05-09,5285146.0,0.0,61434.0,,19603736
Chile,2023-05-10,5285146.0,0.0,61434.0,,19603736
Chile,2023-05-11,5285146.0,0.0,61434.0,,19603736
Chile,2023-05-12,5285146.0,0.0,61434.0,,19603736
Chile,2023-05-13,5285146.0,0.0,61434.0,,19603736
Chile,2023-05-14,5286098.0,952.0,61458.0,,19603736
Chile,2023-05-15,5286098.0,0.0,61458.0,,19603736
Chile,2023-05-16,5286098.0,0.0,61458.0,,19603736
Chile,2023-05-17,5286098.0,0.0,61458.0,,19603736
Chile,2023-05-18,5286098.0,0.0,61458.0,,19603736
Chile,2023-05-19,5286098.0,0.0,61458.0,,19603736
Chile,2023-05-20,5286098.0,0.0,61458.0,,19603736
Chile,2023-05-21,5286713.0,615.0,61481.0,,19603736
Chile,2023-05-22,5286713.0,0.0,61481.0,,19603736
Chile,2023-05-23,5286713.0,0.0,61481.0,,19603736
Chile,2023-05-24,5286713.0,0.0,61481.0,,19603736
Chile,2023-05-25,5286713.0,0.0,61481.0,,19603736
Chile,2023-05-26,5286713.0,0.0,61481.0,,19603736
Chile,2023-05-27,5286713.0,0.0,61481.0,,19603736
Chile,2023-05-28,5287139.0,426.0,61498.0,,19603736
Chile,2023-05-29,5287139.0,0.0,61498.0,,19603736
Chile,2023-05-30,5287139.0,0.0,61498.0,,19603736
Chile,2023-05-31,5287139.0,0.0,61498.0,,19603736
Chile,2023-06-01,5287139.0,0.0,61498.0,,19603736
Chile,2023-06-02,5287139.0,0.0,61498.0,,19603736
Chile,2023-06-03,5287139.0,0.0,61498.0,,19603736
Chile,2023-06-04,5287411.0,272.0,61515.0,,19603736
Chile,2023-06-05,5287411.0,0.0,61515.0,,19603736
Chile,2023-06-06,5287411.0,0.0,61515.0,,19603736
Chile,2023-06-07,5287411.0,0.0,61515.0,,19603736
Chile,2023-06-08,5287411.0,0.0,61515.0,,19603736
Chile,2023-06-09,5287411.0,0.0,61515.0,,19603736
Chile,2023-06-10,5287411.0,0.0,61515.0,,19603736
Chile,2023-06-11,5287594.0,183.0,61530.0,,19603736
Chile,2023-06-12,5287594.0,0.0,61530.0,,19603736
Chile,2023-06-13,5287594.0,0.0,61530.0,,19603736
Chile,2023-06-14,5287594.0,0.0,61530.0,,19603736
Chile,2023-06-15,5287594.0,0.0,61530.0,,19603736
Chile,2023-06-16,5287594.0,0.0,61530.0,,19603736
Chile,2023-06-17,5287594.0,0.0,61530.0,,19603736
Chile,2023-06-18,5287800.0,206.0,61542.0,,19603736
Chile,2023-06-19,5287800.0,0.0,61542.0,,19603736
Chile,2023-06-20,5287800.0,0.0,61542.0,,19603736
Chile,2023-06-21,5287800.0,0.0,61542.0,,19603736
Chile,2023-06-22,5287800.0,0.0,61542.0,,19603736
Chile,2023-06-23,5287800.0,0.0,61542.0,,19603736
Chile,2023-06-24,5287800.0,0.0,61542.0,,19603736
Chile,2023-06-25,5287947.0,147.0,61552.0,,19603736
Chile,2023-06-26,5287947.0,0.0,61552.0,,19603736
Chile,2023-06-27,5287947.0,0.0,61552.0,,19603736
Chile,2023-06-28,5287947.0,0.0,61552.0,,19603736
Chile,2023-06-29,5287947.0,0.0,61552.0,,19603736
Chile,2023-06-30,5287947.0,0.0,61552.0,,19603736
Chile,2023-07-01,5287947.0,0.0,61552.0,,19603736
Chile,2023-07-02,5288095.0,148.0,61555.0,,19603736
Chile,2023-07-03,5288095.0,0.0,61555.0,,19603736
Chile,2023-07-04,5288095.0,0.0,61555.0,,19603736
Chile,2023-07-05,5288095.0,0.0,61555.0,,19603736
Chile,2023-07-06,5288095.0,0.0,61555.0,,19603736
Chile,2023-07-07,5288095.0,0.0,61555.0,,19603736
Chile,2023-07-08,5288095.0,0.0,61555.0,,19603736
Chile,2023-07-09,5288210.0,115.0,61560.0,,19603736
Chile,2023-07-10,5288210.0,0.0,61560.0,,19603736
Chile,2023-07-11,5288210.0,0.0,61560.0,,19603736
Chile,2023-07-12,5288210.0,0.0,61560.0,,19603736
Chile,2023-07-13,5288210.0,0.0,61560.0,,19603736
Chile,2023-07-14,5288210.0,0.0,61560.0,,19603736
Chile,2023-07-15,5288210.0,0.0,61560.0,,19603736
Chile,2023-07-16,5288353.0,143.0,61568.0,,19603736
Chile,2023-07-17,5288353.0,0.0,61568.0,,19603736
Chile,2023-07-18,5288353.0,0.0,61568.0,,19603736
Chile,2023-07-19,5288353.0,0.0,61568.0,,19603736
Chile,2023-07-20,5288353.0,0.0,61568.0,,19603736
Chile,2023-07-21,5288353.0,0.0,61568.0,,19603736
Chile,2023-07-22,5288353.0,0.0,61568.0,,19603736
Chile,2023-07-23,5288517.0,164.0,61579.0,,19603736
Chile,2023-07-24,5288517.0,0.0,61579.0,,19603736
Chile,2023-07-25,5288517.0,0.0,61579.0,,19603736
Chile,2023-07-26,5288517.0,0.0,61579.0,,19603736
Chile,2023-07-27,5288517.0,0.0,61579.0,,19603736
Chile,2023-07-28,5288517.0,0.0,61579.0,,19603736
Chile,2023-07-29,5288517.0,0.0,61579.0,,19603736
Chile,2023-07-30,5288779.0,262.0,61581.0,,19603736
Chile,2023-07-31,5288779.0,0.0,61581.0,,19603736
Chile,2023-08-01,5288779.0,0.0,61581.0,,19603736
Chile,2023-08-02,5288779.0,0.0,61581.0,,19603736
Chile,2023-08-03,5288779.0,0.0,61581.0,,19603736
Chile,2023-08-04,5288779.0,0.0,61581.0,,19603736
Chile,2023-08-05,5288779.0,0.0,61581.0,,19603736
Chile,2023-08-06,5289105.0,326.0,61585.0,,19603736
Chile,2023-08-07,5289105.0,0.0,61585.0,,19603736
Chile,2023-08-08,5289105.0,0.0,61585.0,,19603736
Chile,2023-08-09,5289105.0,0.0,61585.0,,19603736
Chile,2023-08-10,5289105.0,0.0,61585.0,,19603736
Chile,2023-08-11,5289105.0,0.0,61585.0,,19603736
Chile,2023-08-12,5289105.0,0.0,61585.0,,19603736
Chile,2023-08-13,5289516.0,411.0,61591.0,,19603736
Chile,2023-08-14,5289516.0,0.0,61591.0,,19603736
Chile,2023-08-15,5289516.0,0.0,61591.0,,19603736
Chile,2023-08-16,5289516.0,0.0,61591.0,,19603736
Chile,2023-08-17,5289516.0,0.0,61591.0,,19603736
Chile,2023-08-18,5289516.0,0.0,61591.0,,19603736
Chile,2023-08-19,5289516.0,0.0,61591.0,,19603736
Chile,2023-08-20,5289936.0,420.0,61597.0,,19603736
Chile,2023-08-21,5289936.0,0.0,61597.0,,19603736
Chile,2023-08-22,5289936.0,0.0,61597.0,,19603736
Chile,2023-08-23,5289936.0,0.0,61597.0,,19603736
Chile,2023-08-24,5289936.0,0.0,61597.0,,19603736
Chile,2023-08-25,5289936.0,0.0,61597.0,,19603736
Chile,2023-08-26,5289936.0,0.0,61597.0,,19603736
Chile,2023-08-27,5290414.0,478.0,61601.0,,19603736
Chile,2023-08-28,5290414.0,0.0,61601.0,,19603736
Chile,2023-08-29,5290414.0,0.0,61601.0,,19603736
Chile,2023-08-30,5290414.0,0.0,61601.0,,19603736
Chile,2023-08-31,5290414.0,0.0,61601.0,,19603736
Chile,2023-09-01,5290414.0,0.0,61601.0,,19603736
Chile,2023-09-02,5290414.0,0.0,61601.0,,19603736
Chile,2023-09-03,5291028.0,614.0,61608.0,,19603736
Chile,2023-09-04,5291028.0,0.0,61608.0,,19603736
Chile,2023-09-05,5291028.0,0.0,61608.0,,19603736
Chile,2023-09-06,5291028.0,0.0,61608.0,,19603736
Chile,2023-09-07,5291028.0,0.0,61608.0,,19603736
Chile,2023-09-08,5291028.0,0.0,61608.0,,19603736
Chile,2023-09-09,5291028.0,0.0,61608.0,,19603736
Chile,2023-09-10,5291679.0,651.0,61618.0,,19603736
Chile,2023-09-11,5291679.0,0.0,61618.0,,19603736
Chile,2023-09-12,5291679.0,0.0,61618.0,,19603736
Chile,2023-09-13,5291679.0,0.0,61618.0,,19603736
Chile,2023-09-14,5291679.0,0.0,61618.0,,19603736
Chile,2023-09-15,5291679.0,0.0,61618.0,,19603736
Chile,2023-09-16,5291679.0,0.0,61618.0,,19603736
Chile,2023-09-17,5292481.0,802.0,61626.0,,19603736
Chile,2023-09-18,5292481.0,0.0,61626.0,,19603736
Chile,2023-09-19,5292481.0,0.0,61626.0,,19603736
Chile,2023-09-20,5292481.0,0.0,61626.0,,19603736
Chile,2023-09-21,5292481.0,0.0,61626.0,,19603736
Chile,2023-09-22,5292481.0,0.0,61626.0,,19603736
Chile,2023-09-23,5292481.0,0.0,61626.0,,19603736
Chile,2023-09-24,5293337.0,856.0,61642.0,,19603736
Chile,2023-09-25,5293337.0,0.0,61642.0,,19603736
Chile,2023-09-26,5293337.0,0.0,61642.0,,19603736
Chile,2023-09-27,5293337.0,0.0,61642.0,,19603736
Chile,2023-09-28,5293337.0,0.0,61642.0,,19603736
Chile,2023-09-29,5293337.0,0.0,61642.0,,19603736
Chile,2023-09-30,5293337.0,0.0,61642.0,,19603736
Chile,2023-10-01,5294758.0,1421.0,61667.0,,19603736
Chile,2023-10-02,5294758.0,0.0,61667.0,,19603736
Chile,2023-10-03,5294758.0,0.0,61667.0,,19603736
Chile,2023-10-04,5294758.0,0.0,61667.0,,19603736
Chile,2023-10-05,5294758.0,0.0,61667.0,,19603736
Chile,2023-10-06,5294758.0,0.0,61667.0,,19603736
Chile,2023-10-07,5294758.0,0.0,61667.0,,19603736
Chile,2023-10-08,5296561.0,1803.0,61694.0,,19603736
Chile,2023-10-09,5296561.0,0.0,61694.0,,19603736
Chile,2023-10-10,5296561.0,0.0,61694.0,,19603736
Chile,2023-10-11,5296561.0,0.0,61694.0,,19603736
Chile,2023-10-12,5296561.0,0.0,61694.0,,19603736
Chile,2023-10-13,5296561.0,0.0,61694.0,,19603736
Chile,2023-10-14,5296561.0,0.0,61694.0,,19603736
Chile,2023-10-15,5298644.0,2083.0,61728.0,,19603736
Chile,2023-10-16,5298644.0,0.0,61728.0,,19603736
Chile,2023-10-17,5298644.0,0.0,61728.0,,19603736
Chile,2023-10-18,5298644.0,0.0,61728.0,,19603736
Chile,2023-10-19,5298644.0,0.0,61728.0,,19603736
Chile,2023-10-20,5298644.0,0.0,61728.0,,19603736
Chile,2023-10-21,5298644.0,0.0,61728.0,,19603736
Chile,2023-10-22,5301698.0,3054.0,61780.0,,19603736
Chile,2023-10-23,5301698.0,0.0,61780.0,,19603736
Chile,2023-10-24,5301698.0,0.0,61780.0,,19603736
Chile,2023-10-25,5301698.0,0.0,61780.0,,19603736
Chile,2023-10-26,5301698.0,0.0,61780.0,,19603736
Chile,2023-10-27,5301698.0,0.0,61780.0,,19603736
Chile,2023-10-28,5301698.0,0.0,61780.0,,19603736
Chile,2023-10-29,5305131.0,3433.0,61817.0,,19603736
Chile,2023-10-30,5305131.0,0.0,61817.0,,19603736
Chile,2023-10-31,5305131.0,0.0,61817.0,,19603736
Chile,2023-11-01,5305131.0,0.0,61817.0,,19603736
Chile,2023-11-02,5305131.0,0.0,61817.0,,19603736
Chile,2023-11-03,5305131.0,0.0,61817.0,,19603736
Chile,2023-11-04,5305131.0,0.0,61817.0,,19603736
Chile,2023-11-05,5308631.0,3500.0,61873.0,,19603736
Chile,2023-11-06,5308631.0,0.0,61873.0,,19603736
Chile,2023-11-07,5308631.0,0.0,61873.0,,19603736
Chile,2023-11-08,5308631.0,0.0,61873.0,,19603736
Chile,2023-11-09,5308631.0,0.0,61873.0,,19603736
Chile,2023-11-10,5308631.0,0.0,61873.0,,19603736
Chile,2023-11-11,5308631.0,0.0,61873.0,,19603736
Chile,2023-11-12,5312718.0,4087.0,61919.0,,19603736
Chile,2023-11-13,5312718.0,0.0,61919.0,,19603736
Chile,2023-11-14,5312718.0,0.0,61919.0,,19603736
Chile,2023-11-15,5312718.0,0.0,61919.0,,19603736
Chile,2023-11-16,5312718.0,0.0,61919.0,,19603736
Chile,2023-11-17,5312718.0,0.0,61919.0,,19603736
Chile,2023-11-18,5312718.0,0.0,61919.0,,19603736
Chile,2023-11-19,5316578.0,3860.0,61976.0,,19603736
Chile,2023-11-20,5316578.0,0.0,61976.0,,19603736
Chile,2023-11-21,5316578.0,0.0,61976.0,,19603736
Chile,2023-11-22,5316578.0,0.0,61976.0,,19603736
Chile,2023-11-23,5316578.0,0.0,61976.0,,19603736
Chile,2023-11-24,5316578.0,0.0,61976.0,,19603736
Chile,2023-11-25,5316578.0,0.0,61976.0,,19603736
Chile,2023-11-26,5320354.0,3776.0,62033.0,,19603736
Chile,2023-11-27,5320354.0,0.0,62033.0,,19603736
Chile,2023-11-28,5320354.0,0.0,62033.0,,19603736
Chile,2023-11-29,5320354.0,0.0,62033.0,,19603736
Chile,2023-11-30,5320354.0,0.0,62033.0,,19603736
Chile,2023-12-01,5320354.0,0.0,62033.0,,19603736
Chile,2023-12-02,5320354.0,0.0,62033.0,,19603736
Chile,2023-12-03,5323516.0,3162.0,62081.0,,19603736
Chile,2023-12-04,5323516.0,0.0,62081.0,,19603736
Chile,2023-12-05,5323516.0,0.0,62081.0,,19603736
Chile,2023-12-06,5323516.0,0.0,62081.0,,19603736
Chile,2023-12-07,5323516.0,0.0,62081.0,,19603736
Chile,2023-12-08,5323516.0,0.0,62081.0,,19603736
Chile,2023-12-09,5323516.0,0.0,62081.0,,19603736
Chile,2023-12-10,5325695.0,2179.0,62129.0,,19603736
Chile,2023-12-11,5325695.0,0.0,62129.0,,19603736
Chile,2023-12-12,5325695.0,0.0,62129.0,,19603736
Chile,2023-12-13,5325695.0,0.0,62129.0,,19603736
Chile,2023-12-14,5325695.0,0.0,62129.0,,19603736
Chile,2023-12-15,5325695.0,0.0,62129.0,,19603736
Chile,2023-12-16,5325695.0,0.0,62129.0,,19603736
Chile,2023-12-17,5327661.0,1966.0,62171.0,,19603736
Chile,2023-12-18,5327661.0,0.0,62171.0,,19603736
Chile,2023-12-19,5327661.0,0.0,62171.0,,19603736
Chile,2023-12-20,5327661.0,0.0,62171.0,,19603736
Chile,2023-12-21,5327661.0,0.0,62171.0,,19603736
Chile,2023-12-22,5327661.0,0.0,62171.0,,19603736
Chile,2023-12-23,5327661.0,0.0,62171.0,,19603736
Chile,2023-12-24,5330499.0,2838.0,62203.0,,19603736
Chile,2023-12-25,5330499.0,0.0,62203.0,,19603736
Chile,2023-12-26,5330499.0,0.0,62203.0,,19603736
Chile,2023-12-27,5330499.0,0.0,62203.0,,19603736
Chile,2023-12-28,5330499.0,0.0,62203.0,,19603736
Chile,2023-12-29,5330499.0,0.0,62203.0,,19603736
Chile,2023-12-30,5330499.0,0.0,62203.0,,19603736
Chile,2023-12-31,5332977.0,2478.0,62227.0,,19603736
United States,2021-01-01,18890446.0,0.0,342920.0,5694637.0,338289856
United States,2021-01-02,18890446.0,0.0,342920.0,5954167.0,338289856
United States,2021-01-03,20271441.0,1380995.0,362570.0,6087979.0,338289856
United States,2021-01-04,20271441.0,0.0,362570.0,6693548.0,338289856
United States,2021-01-05,20271441.0,0.0,362570.0,7431907.0,338289856
United States,2021-01-06,20271441.0,0.0,362570.0,8268139.0,338289856
United States,2021-01-07,20271441.0,0.0,362570.0,9138645.0,338289856
United States,2021-01-08,20271441.0,0.0,362570.0,9989310.0,338289856
United States,2021-01-09,20271441.0,0.0,362570.0,10361380.0,338289856
United States,2021-01-10,21938592.0,1667151.0,384067.0,10538948.0,338289856
United States,2021-01-11,21938592.0,0.0,384067.0,11265251.0,338289856
United States,2021-01-12,21938592.0,0.0,384067.0,12187080.0,338289856
United States,2021-01-13,21938592.0,0.0,384067.0,13222990.0,338289856
United States,2021-01-14,21938592.0,0.0,384067.0,14385052.0,338289856
United States,2021-01-15,21938592.0,0.0,384067.0,15508950.0,338289856
United States,2021-01-16,21938592.0,0.0,384067.0,16076975.0,338289856
United States,2021-01-17,23528547.0,1589955.0,407379.0,16333247.0,338289856
United States,2021-01-18,23528547.0,0.0,407379.0,16978110.0,338289856
United States,2021-01-19,23528547.0,0.0,407379.0,17946827.0,338289856
United States,2021-01-20,23528547.0,0.0,407379.0,19108490.0,338289856
United States,2021-01-21,23528547.0,0.0,407379.0,20447780.0,338289856
United States,2021-01-22,23528547.0,0.0,407379.0,21853861.0,338289856
United States,2021-01-23,23528547.0,0.0,407379.0,22598456.0,338289856
United States,2021-01-24,24794408.0,1265861.0,429874.0,22905931.0,338289856
United States,2021-01-25,24794408.0,0.0,429874.0,23771374.0,338289856
United States,2021-01-26,24794408.0,0.0,429874.0,24826877.0,338289856
United States,2021-01-27,24794408.0,0.0,429874.0,26077399.0,338289856
United States,2021-01-28,24794408.0,0.0,429874.0,27448006.0,338289856
United States,2021-01-29,24794408.0,0.0,429874.0,28824725.0,338289856
United States,2021-01-30,24794408.0,0.0,429874.0,29581867.0,338289856
United States,2021-01-31,25863033.0,1068625.0,452123.0,29904700.0,338289856
United States,2021-02-01,25863033.0,0.0,452123.0,30689278.0,338289856
United States,2021-02-02,25863033.0,0.0,452123.0,31658111.0,338289856
United States,2021-02-03,25863033.0,0.0,452123.0,32922119.0,338289856
United States,2021-02-04,25863033.0,0.0,452123.0,34310101.0,338289856
United States,2021-02-05,25863033.0,0.0,452123.0,35667252.0,338289856
United States,2021-02-06,25863033.0,0.0,452123.0,36521023.0,338289856
United States,2021-02-07,26720283.0,857250.0,472223.0,36796219.0,338289856
United States,2021-02-08,26720283.0,0.0,472223.0,37635054.0,338289856
United States,2021-02-09,26720283.0,0.0,472223.0,38671322.0,338289856
United States,2021-02-10,26720283.0,0.0,472223.0,39902399.0,338289856
United States,2021-02-11,26720283.0,0.0,472223.0,41179619.0,338289856
United States,2021-02-12,26720283.0,0.0,472223.0,42566921.0,338289856
United States,2021-02-13,26720283.0,0.0,472223.0,43439991.0,338289856
United States,2021-02-14,27390855.0,670572.0,492061.0,43783854.0,338289856
United States,2021-02-15,27390855.0,0.0,492061.0,44401512.0,338289856
United States,2021-02-16,27390855.0,0.0,492061.0,45198913.0,338289856
United States,2021-02-17,27390855.0,0.0,492061.0,46135232.0,338289856
United States,2021-02-18,27390855.0,0.0,492061.0,46968799.0,338289856
United States,2021-02-19,27390855.0,0.0,492061.0,47788087.0,338289856
United States,2021-02-20,27390855.0,0.0,492061.0,48384342.0,338289856
United States,2021-02-21,27864340.0,473485.0,506493.0,48639402.0,338289856
United States,2021-02-22,27864340.0,0.0,506493.0,49254909.0,338289856
United States,2021-02-23,27864340.0,0.0,506493.0,50119355.0,338289856
United States,2021-02-24,27864340.0,0.0,506493.0,51363520.0,338289856
United States,2021-02-25,27864340.0,0.0,506493.0,52899249.0,338289856
United States,2021-02-26,27864340.0,0.0,506493.0,54568528.0,338289856
United States,2021-02-27,27864340.0,0.0,506493.0,55705443.0,338289856
United States,2021-02-28,28330091.0,465751.0,519853.0,56236747.0,338289856
United States,2021-03-01,28330091.0,0.0,519853.0,57457783.0,338289856
United States,2021-03-02,28330091.0,0.0,519853.0,58922002.0,338289856
United States,2021-03-03,28330091.0,0.0,519853.0,60664565.0,338289856
United States,2021-03-04,28330091.0,0.0,519853.0,62620210.0,338289856
United States,2021-03-05,28330091.0,0.0,519853.0,64626215.0,338289856
United States,2021-03-06,28330091.0,0.0,519853.0,65977094.0,338289856
United States,2021-03-07,28750830.0,420739.0,530299.0,66654619.0,338289856
United States,2021-03-08,28750830.0,0.0,530299.0,68136544.0,338289856
United States,2021-03-09,28750830.0,0.0,530299.0,69949085.0,338289856
United States,2021-03-10,28750830.0,0.0,530299.0,72021699.0,338289856
United States,2021-03-11,28750830.0,0.0,530299.0,74317090.0,338289856
United States,2021-03-12,28750830.0,0.0,530299.0,76452204.0,338289856
United States,2021-03-13,28750830.0,0.0,530299.0,77839621.0,338289856
United States,2021-03-14,29134830.0,384000.0,538858.0,78486481.0,338289856
United States,2021-03-15,29134830.0,0.0,538858.0,79982982.0,338289856
United States,2021-03-16,29134830.0,0.0,538858.0,81916720.0,338289856
United States,2021-03-17,29134830.0,0.0,538858.0,84047509.0,338289856
United States,2021-03-18,29134830.0,0.0,538858.0,86339652.0,338289856
United States,2021-03-19,29134830.0,0.0,538858.0,88544162.0,338289856
United States,2021-03-20,29134830.0,0.0,538858.0,89962203.0,338289856
United States,2021-03-21,29514381.0,379551.0,545122.0,90645717.0,338289856
United States,2021-03-22,29514381.0,0.0,545122.0,92245549.0,338289856
United States,2021-03-23,29514381.0,0.0,545122.0,94223506.0,338289856
United States,2021-03-24,29514381.0,0.0,545122.0,96427827.0,338289856
United States,2021-03-25,29514381.0,0.0,545122.0,98683388.0,338289856
United States,2021-03-26,29514381.0,0.0,545122.0,100771604.0,338289856
United States,2021-03-27,29514381.0,0.0,545122.0,102142533.0,338289856
United States,2021-03-28,29932199.0,417818.0,551233.0,102813395.0,338289856
United States,2021-03-29,29932199.0,0.0,551233.0,104418326.0,338289856
United States,2021-03-30,29932199.0,0.0,551233.0,106428542.0,338289856
United States,2021-03-31,29932199.0,0.0,551233.0,108836606.0,338289856
United States,2021-04-01,29932199.0,0.0,551233.0,111366707.0,338289856
United States,2021-04-02,29932199.0,0.0,551233.0,113410787.0,338289856
United States,2021-04-03,29932199.0,0.0,551233.0,114735732.0,338289856
United States,2021-04-04,30382159.0,449960.0,556585.0,115173732.0,338289856
United States,2021-04-05,30382159.0,0.0,556585.0,116907607.0,338289856
United States,2021-04-06,30382159.0,0.0,556585.0,119190986.0,338289856
United States,2021-04-07,30382159.0,0.0,556585.0,121749584.0,338289856
United States,2021-04-08,30382159.0,0.0,556585.0,124309301.0,338289856
United States,2021-04-09,30382159.0,0.0,556585.0,126741072.0,338289856
United States,2021-04-10,30382159.0,0.0,556585.0,128465664.0,338289856
United States,2021-04-11,30838109.0,455950.0,561488.0,129298792.0,338289856
United States,2021-04-12,30838109.0,0.0,561488.0,130941481.0,338289856
United States,2021-04-13,30838109.0,0.0,561488.0,132687710.0,338289856
United States,2021-04-14,30838109.0,0.0,561488.0,134425980.0,338289856
United States,2021-04-15,30838109.0,0.0,561488.0,136188957.0,338289856
United States,2021-04-16,30838109.0,0.0,561488.0,137840787.0,338289856
United States,2021-04-17,30838109.0,0.0,561488.0,139003409.0,338289856
United States,2021-04-18,31305326.0,467217.0,566363.0,139542431.0,338289856
United States,2021-04-19,31305326.0,0.0,566363.0,140634414.0,338289856
United States,2021-04-20,31305326.0,0.0,566363.0,142000331.0,338289856
United States,2021-04-21,31305326.0,0.0,566363.0,143392407.0,338289856
United States,2021-04-22,31305326.0,0.0,566363.0,144807065.0,338289856
United States,2021-04-23,31305326.0,0.0,566363.0,146175661.0,338289856
United States,2021-04-24,31305326.0,0.0,566363.0,147178664.0,338289856
United States,2021-04-25,31711421.0,406095.0,571084.0,147668988.0,338289856
United States,2021-04-26,31711421.0,0.0,571084.0,148611252.0,338289856
United States,2021-04-27,31711421.0,0.0,571084.0,149725077.0,338289856
United States,2021-04-28,31711421.0,0.0,571084.0,150875472.0,338289856
United States,2021-04-29,31711421.0,0.0,571084.0,151999126.0,338289856
United States,2021-04-30,31711421.0,0.0,571084.0,153123692.0,338289856
United States,2021-05-01,31711421.0,0.0,571084.0,153838605.0,338289856
United States,2021-05-02,32049828.0,338407.0,575577.0,154165237.0,338289856
United States,2021-05-03,32049828.0,0.0,575577.0,154809400.0,338289856
United States,2021-05-04,32049828.0,0.0,575577.0,155630438.0,338289856
United States,2021-05-05,32049828.0,0.0,575577.0,156451090.0,338289856
United States,2021-05-06,32049828.0,0.0,575577.0,157234158.0,338289856
United States,2021-05-07,32049828.0,0.0,575577.0,158034336.0,338289856
United States,2021-05-08,32049828.0,0.0,575577.0,158540883.0,338289856
United States,2021-05-09,32342152.0,292324.0,580028.0,158745361.0,338289856
United States,2021-05-10,32342152.0,0.0,580028.0,159229735.0,338289856
United States,2021-05-11,32342152.0,0.0,580028.0,159888862.0,338289856
United States,2021-05-12,32342152.0,0.0,580028.0,160535042.0,338289856
United States,2021-05-13,32342152.0,0.0,580028.0,161465741.0,338289856
United States,2021-05-14,32342152.0,0.0,580028.0,162562974.0,338289856
United States,2021-05-15,32342152.0,0.0,580028.0,163474883.0,338289856
United States,2021-05-16,32575502.0,233350.0,584001.0,163954568.0,338289856
United States,2021-05-17,32575502.0,0.0,584001.0,164844565.0,338289856
United States,2021-05-18,32575502.0,0.0,584001.0,165840096.0,338289856
United States,2021-05-19,32575502.0,0.0,584001.0,166830923.0,338289856
United States,2021-05-20,32575502.0,0.0,584001.0,167754807.0,338289856
United States,2021-05-21,32575502.0,0.0,584001.0,168690189.0,338289856
United States,2021-05-22,32575502.0,0.0,584001.0,169421660.0,338289856
United States,2021-05-23,32757111.0,181609.0,587625.0,169761157.0,338289856
United States,2021-05-24,32757111.0,0.0,587625.0,170398835.0,338289856
United States,2021-05-25,32757111.0,0.0,587625.0,171069780.0,338289856
United States,2021-05-26,32757111.0,0.0,587625.0,171734539.0,338289856
United States,2021-05-27,32757111.0,0.0,587625.0,172352403.0,338289856
United States,2021-05-28,32757111.0,0.0,587625.0,172962731.0,338289856
United States,2021-05-29,32757111.0,0.0,587625.0,173347140.0,338289856
United States,2021-05-30,32904922.0,147811.0,591159.0,173548922.0,338289856
United States,2021-05-31,32904922.0,0.0,591159.0,173638666.0,338289856
United States,2021-06-01,32904922.0,0.0,591159.0,174171253.0,338289856
United States,2021-06-02,32904922.0,0.0,591159.0,174667929.0,338289856
United States,2021-06-03,32904922.0,0.0,591159.0,175132902.0,338289856
United States,2021-06-04,32904922.0,0.0,591159.0,175635124.0,338289856
United States,2021-06-05,32904922.0,0.0,591159.0,175990760.0,338289856
United States,2021-06-06,33004034.0,99112.0,593834.0,176162803.0,338289856
United States,2021-06-07,33004034.0,0.0,593834.0,176537052.0,338289856
United States,2021-06-08,33004034.0,0.0,593834.0,176941527.0,338289856
United States,2021-06-09,33004034.0,0.0,593834.0,177334244.0,338289856
United States,2021-06-10,33004034.0,0.0,593834.0,177739683.0,338289856
United States,2021-06-11,33004034.0,0.0,593834.0,178168641.0,338289856
United States,2021-06-12,33004034.0,0.0,593834.0,178450294.0,338289856
United States,2021-06-13,33103599.0,99565.0,596458.0,178563805.0,338289856
United States,2021-06-14,33103599.0,0.0,596458.0,178896548.0,338289856
United States,2021-06-15,33103599.0,0.0,596458.0,179257897.0,338289856
United States,2021-06-16,33103599.0,0.0,596458.0,179616231.0,338289856
United States,2021-06-17,33103599.0,0.0,596458.0,179967748.0,338289856
United States,2021-06-18,33103599.0,0.0,596458.0,180336534.0,338289856
United States,2021-06-19,33103599.0,0.0,596458.0,180567840.0,338289856
United States,2021-06-20,33184226.0,80627.0,598220.0,180680215.0,338289856
United States,2021-06-21,33184226.0,0.0,598220.0,180982647.0,338289856
United States,2021-06-22,33184226.0,0.0,598220.0,181306712.0,338289856
United States,2021-06-23,33184226.0,0.0,598220.0,181637579.0,338289856
United States,2021-06-24,33184226.0,0.0,598220.0,181956089.0,338289856
United States,2021-06-25,33184226.0,0.0,598220.0,182306817.0,338289856
United States,2021-06-26,33184226.0,0.0,598220.0,182532541.0,338289856
United States,2021-06-27,33271863.0,87637.0,600321.0,182659719.0,338289856
United States,2021-06-28,33271863.0,0.0,600321.0,182935697.0,338289856
United States,2021-06-29,33271863.0,0.0,600321.0,183233290.0,338289856
United States,2021-06-30,33271863.0,0.0,600321.0,183541437.0,338289856
United States,2021-07-01,33271863.0,0.0,600321.0,183837138.0,338289856
United States,2021-07-02,33271863.0,0.0,600321.0,184143764.0,338289856
United States,2021-07-03,33271863.0,0.0,600321.0,184325874.0,338289856
United States,2021-07-04,33368900.0,97037.0,602038.0,184353899.0,338289856
United States,2021-07-05,33368900.0,0.0,602038.0,184555831.0,338289856
United States,2021-07-06,33368900.0,0.0,602038.0,184829857.0,338289856
United States,2021-07-07,33368900.0,0.0,602038.0,185112829.0,338289856
United States,2021-07-08,33368900.0,0.0,602038.0,185401571.0,338289856
United States,2021-07-09,33368900.0,0.0,602038.0,185723939.0,338289856
United States,2021-07-10,33368900.0,0.0,602038.0,185935691.0,338289856
United States,2021-07-11,33655410.0,286510.0,603547.0,186052633.0,338289856
United States,2021-07-12,33655410.0,0.0,603547.0,186328150.0,338289856
United States,2021-07-13,33655410.0,0.0,603547.0,186609815.0,338289856
United States,2021-07-14,33655410.0,0.0,603547.0,186894730.0,338289856
United States,2021-07-15,33655410.0,0.0,603547.0,187193532.0,338289856
United States,2021-07-16,33655410.0,0.0,603547.0,187540278.0,338289856
United States,2021-07-17,33655410.0,0.0,603547.0,187764228.0,338289856
United States,2021-07-18,33877989.0,222579.0,605478.0,187899544.0,338289856
United States,2021-07-19,33877989.0,0.0,605478.0,188238908.0,338289856
United States,2021-07-20,33877989.0,0.0,605478.0,188609484.0,338289856
United States,2021-07-21,33877989.0,0.0,605478.0,188996202.0,338289856
United States,2021-07-22,33877989.0,0.0,605478.0,189414334.0,338289856
United States,2021-07-23,33877989.0,0.0,605478.0,189900995.0,338289856
United States,2021-07-24,33877989.0,0.0,605478.0,190202135.0,338289856
United States,2021-07-25,34237016.0,359027.0,607562.0,190404278.0,338289856
United States,2021-07-26,34237016.0,0.0,607562.0,190851832.0,338289856
United States,2021-07-27,34237016.0,0.0,607562.0,191333172.0,338289856
United States,2021-07-28,34237016.0,0.0,607562.0,191825383.0,338289856
United States,2021-07-29,34237016.0,0.0,607562.0,192324298.0,338289856
United States,2021-07-30,34237016.0,0.0,607562.0,192902517.0,338289856
United States,2021-07-31,34237016.0,0.0,607562.0,193250303.0,338289856
United States,2021-08-01,34784102.0,547086.0,610489.0,193481569.0,338289856
United States,2021-08-02,34784102.0,0.0,610489.0,193990270.0,338289856
United States,2021-08-03,34784102.0,0.0,610489.0,194530994.0,338289856
United States,2021-08-04,34784102.0,0.0,610489.0,195086109.0,338289856
United States,2021-08-05,34784102.0,0.0,610489.0,195649555.0,338289856
United States,2021-08-06,34784102.0,0.0,610489.0,196279987.0,338289856
United States,2021-08-07,34784102.0,0.0,610489.0,196665066.0,338289856
United States,2021-08-08,35527158.0,743056.0,614942.0,196904648.0,338289856
United States,2021-08-09,35527158.0,0.0,614942.0,197428551.0,338289856
United States,2021-08-10,35527158.0,0.0,614942.0,197962296.0,338289856
United States,2021-08-11,35527158.0,0.0,614942.0,198464661.0,338289856
United States,2021-08-12,35527158.0,0.0,614942.0,198982786.0,338289856
United States,2021-08-13,35527158.0,0.0,614942.0,199567586.0,338289856
United States,2021-08-14,35527158.0,0.0,614942.0,199932043.0,338289856
United States,2021-08-15,36413622.0,886464.0,620579.0,200144925.0,338289856
United States,2021-08-16,36413622.0,0.0,620579.0,200611812.0,338289856
United States,2021-08-17,36413622.0,0.0,620579.0,201104856.0,338289856
United States,2021-08-18,36413622.0,0.0,620579.0,201594173.0,338289856
United States,2021-08-19,36413622.0,0.0,620579.0,202076701.0,338289856
United States,2021-08-20,36413622.0,0.0,620579.0,202617121.0,338289856
United States,2021-08-21,36413622.0,0.0,620579.0,202940961.0,338289856
United States,2021-08-22,37433588.0,1019966.0,628634.0,203127143.0,338289856
United States,2021-08-23,37433588.0,0.0,628634.0,203569005.0,338289856
United States,2021-08-24,37433588.0,0.0,628634.0,204031035.0,338289856
United States,2021-08-25,37433588.0,0.0,628634.0,204500481.0,338289856
United States,2021-08-26,37433588.0,0.0,628634.0,204976451.0,338289856
United States,2021-08-27,37433588.0,0.0,628634.0,205509915.0,338289856
United States,2021-08-28,37433588.0,0.0,628634.0,205829068.0,338289856
United States,2021-08-29,38528478.0,1094890.0,638817.0,206022846.0,338289856
United States,2021-08-30,38528478.0,0.0,638817.0,206442182.0,338289856
United States,2021-08-31,38528478.0,0.0,638817.0,206865219.0,338289856
United States,2021-09-01,38528478.0,0.0,638817.0,207292449.0,338289856
United States,2021-09-02,38528478.0,0.0,638817.0,207694911.0,338289856
United States,2021-09-03,38528478.0,0.0,638817.0,208148594.0,338289856
United States,2021-09-04,38528478.0,0.0,638817.0,208394348.0,338289856
United States,2021-09-05,39672729.0,1144251.0,650526.0,208562153.0,338289856
United States,2021-09-06,39672729.0,0.0,650526.0,208643647.0,338289856
United States,2021-09-07,39672729.0,0.0,650526.0,208998698.0,338289856
United States,2021-09-08,39672729.0,0.0,650526.0,209365235.0,338289856
United States,2021-09-09,39672729.0,0.0,650526.0,209738332.0,338289856
United States,2021-09-10,39672729.0,0.0,650526.0,210189605.0,338289856
United States,2021-09-11,39672729.0,0.0,650526.0,210449808.0,338289856
United States,2021-09-12,40695299.0,1022570.0,662611.0,210607970.0,338289856
United States,2021-09-13,40695299.0,0.0,662611.0,210946424.0,338289856
United States,2021-09-14,40695299.0,0.0,662611.0,211264249.0,338289856
United States,2021-09-15,40695299.0,0.0,662611.0,211579753.0,338289856
United States,2021-09-16,40695299.0,0.0,662611.0,211893181.0,338289856
United States,2021-09-17,40695299.0,0.0,662611.0,212246231.0,338289856
United States,2021-09-18,40695299.0,0.0,662611.0,212451983.0,338289856
United States,2021-09-19,41732753.0,1037454.0,676201.0,212572910.0,338289856
United States,2021-09-20,41732753.0,0.0,676201.0,212843199.0,338289856
United States,2021-09-21,41732753.0,0.0,676201.0,213104749.0,338289856
United States,2021-09-22,41732753.0,0.0,676201.0,213360473.0,338289856
United States,2021-09-23,41732753.0,0.0,676201.0,213618091.0,338289856
United States,2021-09-24,41732753.0,0.0,676201.0,213939876.0,338289856
United States,2021-09-25,41732753.0,0.0,676201.0,214140285.0,338289856
United States,2021-09-26,42585047.0,852294.0,689585.0,214259208.0,338289856
United States,2021-09-27,42585047.0,0.0,689585.0,214554243.0,338289856
United States,2021-09-28,42585047.0,0.0,689585.0,214841139.0,338289856
United States,2021-09-29,42585047.0,0.0,689585.0,215127006.0,338289856
United States,2021-09-30,42585047.0,0.0,689585.0,215414801.0,338289856
United States,2021-10-01,42585047.0,0.0,689585.0,215730864.0,338289856
United States,2021-10-02,42585047.0,0.0,689585.0,215903172.0,338289856
United States,2021-10-03,43340735.0,755688.0,702577.0,216007702.0,338289856
United States,2021-10-04,43340735.0,0.0,702577.0,216252645.0,338289856
United States,2021-10-05,43340735.0,0.0,702577.0,216494851.0,338289856
United States,2021-10-06,43340735.0,0.0,702577.0,216741507.0,338289856
United States,2021-10-07,43340735.0,0.0,702577.0,216993505.0,338289856
United States,2021-10-08,43340735.0,0.0,702577.0,217277508.0,338289856
United States,2021-10-09,43340735.0,0.0,702577.0,217423216.0,338289856
United States,2021-10-10,44022719.0,681984.0,714261.0,217514823.0,338289856
United States,2021-10-11,44022719.0,0.0,714261.0,217736878.0,338289856
United States,2021-10-12,44022719.0,0.0,714261.0,217963799.0,338289856
United States,2021-10-13,44022719.0,0.0,714261.0,218189574.0,338289856
United States,2021-10-14,44022719.0,0.0,714261.0,218413844.0,338289856
United States,2021-10-15,44022719.0,0.0,714261.0,218673702.0,338289856
United States,2021-10-16,44022719.0,0.0,714261.0,218813029.0,338289856
United States,2021-10-17,44604956.0,582237.0,724723.0,218895529.0,338289856
United States,2021-10-18,44604956.0,0.0,724723.0,219116136.0,338289856
United States,2021-10-19,44604956.0,0.0,724723.0,219316438.0,338289856
United States,2021-10-20,44604956.0,0.0,724723.0,219517546.0,338289856
United States,2021-10-21,44604956.0,0.0,724723.0,219722408.0,338289856
United States,2021-10-22,44604956.0,0.0,724723.0,220009783.0,338289856
United States,2021-10-23,44604956.0,0.0,724723.0,220181535.0,338289856
United States,2021-10-24,45113499.0,508543.0,735814.0,220286860.0,338289856
United States,2021-10-25,45113499.0,0.0,735814.0,220582456.0,338289856
United States,2021-10-26,45113499.0,0.0,735814.0,220873196.0,338289856
United States,2021-10-27,45113499.0,0.0,735814.0,221172665.0,338289856
United States,2021-10-28,45113499.0,0.0,735814.0,221461690.0,338289856
United States,2021-10-29,45113499.0,0.0,735814.0,221780428.0,338289856
United States,2021-10-30,45113499.0,0.0,735814.0,221942926.0,338289856
United States,2021-10-31,45639685.0,526186.0,744729.0,222040977.0,338289856
United States,2021-11-01,45639685.0,0.0,744729.0,222321422.0,338289856
United States,2021-11-02,45639685.0,0.0,744729.0,222598916.0,338289856
United States,2021-11-03,45639685.0,0.0,744729.0,222905601.0,338289856
United States,2021-11-04,45639685.0,0.0,744729.0,223251430.0,338289856
United States,2021-11-05,45639685.0,0.0,744729.0,223701896.0,338289856
United States,2021-11-06,45639685.0,0.0,744729.0,224094052.0,338289856
United States,2021-11-07,46149896.0,510211.0,752136.0,224322708.0,338289856
United States,2021-11-08,46149896.0,0.0,752136.0,224791913.0,338289856
United States,2021-11-09,46149896.0,0.0,752136.0,225311351.0,338289856
United States,2021-11-10,46149896.0,0.0,752136.0,225884692.0,338289856
United States,2021-11-11,46149896.0,0.0,752136.0,226431418.0,338289856
United States,2021-11-12,46149896.0,0.0,752136.0,227068199.0,338289856
United States,2021-11-13,46149896.0,0.0,752136.0,227604657.0,338289856
United States,2021-11-14,46707076.0,557180.0,759665.0,227844476.0,338289856
United States,2021-11-15,46707076.0,0.0,759665.0,228300291.0,338289856
United States,2021-11-16,46707076.0,0.0,759665.0,228784016.0,338289856
United States,2021-11-17,46707076.0,0.0,759665.0,229286851.0,338289856
United States,2021-11-18,46707076.0,0.0,759665.0,229789168.0,338289856
United States,2021-11-19,46707076.0,0.0,759665.0,230368064.0,338289856
United States,2021-11-20,46707076.0,0.0,759665.0,230826014.0,338289856
United States,2021-11-21,47383952.0,676876.0,769941.0,231031022.0,338289856
United States,2021-11-22,47383952.0,0.0,769941.0,231514566.0,338289856
United States,2021-11-23,47383952.0,0.0,769941.0,231999057.0,338289856
United States,2021-11-24,47383952.0,0.0,769941.0,232396688.0,338289856
United States,2021-11-25,47383952.0,0.0,769941.0,232405512.0,338289856
United States,2021-11-26,47383952.0,0.0,769941.0,232712999.0,338289856
United States,2021-11-27,47383952.0,0.0,769941.0,232927824.0,338289856
United States,2021-11-28,47976346.0,592394.0,775631.0,233066603.0,338289856
United States,2021-11-29,47976346.0,0.0,775631.0,233412474.0,338289856
United States,2021-11-30,47976346.0,0.0,775631.0,233810596.0,338289856
United States,2021-12-01,47976346.0,0.0,775631.0,234264679.0,338289856
United States,2021-12-02,47976346.0,0.0,775631.0,234705085.0,338289856
United States,2021-12-03,47976346.0,0.0,775631.0,235184112.0,338289856
United States,2021-12-04,47976346.0,0.0,775631.0,235479259.0,338289856
United States,2021-12-05,48727363.0,751017.0,783935.0,235641697.0,338289856
United States,2021-12-06,48727363.0,0.0,783935.0,236023505.0,338289856
United States,2021-12-07,48727363.0,0.0,783935.0,236419094.0,338289856
United States,2021-12-08,48727363.0,0.0,783935.0,236818857.0,338289856
United States,2021-12-09,48727363.0,0.0,783935.0,237214719.0,338289856
United States,2021-12-10,48727363.0,0.0,783935.0,237632372.0,338289856
United States,2021-12-11,48727363.0,0.0,783935.0,237894122.0,338289856
United States,2021-12-12,49562332.0,834969.0,792521.0,238043102.0,338289856
United States,2021-12-13,49562332.0,0.0,792521.0,238382814.0,338289856
United States,2021-12-14,49562332.0,0.0,792521.0,238743574.0,338289856
United States,2021-12-15,49562332.0,0.0,792521.0,239115179.0,338289856
United States,2021-12-16,49562332.0,0.0,792521.0,239498074.0,338289856
United States,2021-12-17,49562332.0,0.0,792521.0,239923772.0,338289856
United States,2021-12-18,49562332.0,0.0,792521.0,240206182.0,338289856
United States,2021-12-19,50461441.0,899109.0,801586.0,240372099.0,338289856
United States,2021-12-20,50461441.0,0.0,801586.0,240806068.0,338289856
United States,2021-12-21,50461441.0,0.0,801586.0,241264293.0,338289856
United States,2021-12-22,50461441.0,0.0,801586.0,241704145.0,338289856
United States,2021-12-23,50461441.0,0.0,801586.0,242066720.0,338289856
United States,2021-12-24,50461441.0,0.0,801586.0,242167663.0,338289856
United States,2021-12-25,50461441.0,0.0,801586.0,242169779.0,338289856
United States,2021-12-26,51878860.0,1417419.0,812587.0,242298905.0,338289856
United States,2021-12-27,51878860.0,0.0,812587.0,242687292.0,338289856
United States,2021-12-28,51878860.0,0.0,812587.0,243116377.0,338289856
United States,2021-12-29,51878860.0,0.0,812587.0,243545897.0,338289856
United States,2021-12-30,51878860.0,0.0,812587.0,243944661.0,338289856
United States,2021-12-31,51878860.0,0.0,812587.0,244104717.0,338289856
United States,2022-01-01,51878860.0,0.0,812587.0,244139023.0,338289856
United States,2022-01-02,54590898.0,2712038.0,821733.0,244273172.0,338289856
United States,2022-01-03,54590898.0,0.0,821733.0,244609148.0,338289856
United States,2022-01-04,54590898.0,0.0,821733.0,244974854.0,338289856
United States,2022-01-05,54590898.0,0.0,821733.0,245348202.0,338289856
United States,2022-01-06,54590898.0,0.0,821733.0,245715353.0,338289856
United States,2022-01-07,54590898.0,0.0,821733.0,246110061.0,338289856
United States,2022-01-08,54590898.0,0.0,821733.0,246380743.0,338289856
United States,2022-01-09,59273795.0,4682897.0,833449.0,246520085.0,338289856
United States,2022-01-10,59273795.0,0.0,833449.0,246845760.0,338289856
United States,2022-01-11,59273795.0,0.0,833449.0,247179156.0,338289856
United States,2022-01-12,59273795.0,0.0,833449.0,247514197.0,338289856
United States,2022-01-13,59273795.0,0.0,833449.0,247846001.0,338289856
United States,2022-01-14,59273795.0,0.0,833449.0,248219780.0,338289856
United States,2022-01-15,59273795.0,0.0,833449.0,248442969.0,338289856
United States,2022-01-16,64924728.0,5650933.0,847829.0,248547760.0,338289856
United States,2022-01-17,64924728.0,0.0,847829.0,248759841.0,338289856
United States,2022-01-18,64924728.0,0.0,847829.0,249010753.0,338289856
United States,2022-01-19,64924728.0,0.0,847829.0,249257365.0,338289856
United States,2022-01-20,64924728.0,0.0,847829.0,249493941.0,338289856
United States,2022-01-21,64924728.0,0.0,847829.0,249767751.0,338289856
United States,2022-01-22,64924728.0,0.0,847829.0,249938020.0,338289856
United States,2022-01-23,69967616.0,5042888.0,864137.0,250027965.0,338289856
United States,2022-01-24,69967616.0,0.0,864137.0,250229011.0,338289856
United States,2022-01-25,69967616.0,0.0,864137.0,250430463.0,338289856
United States,2022-01-26,69967616.0,0.0,864137.0,250628724.0,338289856
United States,2022-01-27,69967616.0,0.0,864137.0,250824465.0,338289856
United States,2022-01-28,69967616.0,0.0,864137.0,251052040.0,338289856
United States,2022-01-29,69967616.0,0.0,864137.0,251171015.0,338289856
United States,2022-01-30,73756878.0,3789262.0,882540.0,251242366.0,338289856
United States,2022-01-31,73756878.0,0.0,882540.0,251400429.0,338289856
United States,2022-02-01,73756878.0,0.0,882540.0,251548803.0,338289856
United States,2022-02-02,73756878.0,0.0,882540.0,251692611.0,338289856
United States,2022-02-03,73756878.0,0.0,882540.0,251821044.0,338289856
United States,2022-02-04,73756878.0,0.0,882540.0,251972926.0,338289856
United States,2022-02-05,73756878.0,0.0,882540.0,252081096.0,338289856
United States,2022-02-06,75945588.0,2188710.0,901194.0,252139748.0,338289856
United States,2022-02-07,75945588.0,0.0,901194.0,252267820.0,338289856
United States,2022-02-08,75945588.0,0.0,901194.0,252393784.0,338289856
United States,2022-02-09,75945588.0,0.0,901194.0,252523947.0,338289856
United States,2022-02-10,75945588.0,0.0,901194.0,252652400.0,338289856
United States,2022-02-11,75945588.0,0.0,901194.0,252803115.0,338289856
United States,2022-02-12,75945588.0,0.0,901194.0,252892515.0,338289856
United States,2022-02-13,77167700.0,1222112.0,918744.0,252934964.0,338289856
United States,2022-02-14,77167700.0,0.0,918744.0,253023791.0,338289856
United States,2022-02-15,77167700.0,0.0,918744.0,253124550.0,338289856
United States,2022-02-16,77167700.0,0.0,918744.0,253227756.0,338289856
United States,2022-02-17,77167700.0,0.0,918744.0,253327169.0,338289856
United States,2022-02-18,77167700.0,0.0,918744.0,253451072.0,338289856
United States,2022-02-19,77167700.0,0.0,918744.0,253525221.0,338289856
United States,2022-02-20,77875856.0,708156.0,934116.0,253567361.0,338289856
United States,2022-02-21,77875856.0,0.0,934116.0,253646868.0,338289856
United States,2022-02-22,77875856.0,0.0,934116.0,253737491.0,338289856
United States,2022-02-23,77875856.0,0.0,934116.0,253824796.0,338289856
United States,2022-02-24,77875856.0,0.0,934116.0,253907580.0,338289856
United States,2022-02-25,77875856.0,0.0,934116.0,254003277.0,338289856
United States,2022-02-26,77875856.0,0.0,934116.0,254068181.0,338289856
United States,2022-02-27,78334128.0,458272.0,947162.0,254102085.0,338289856
United States,2022-02-28,78334128.0,0.0,947162.0,254178133.0,338289856
United States,2022-03-01,78334128.0,0.0,947162.0,254246658.0,338289856
United States,2022-03-02,78334128.0,0.0,947162.0,254313106.0,338289856
United States,2022-03-03,78334128.0,0.0,947162.0,254377907.0,338289856
United States,2022-03-04,78334128.0,0.0,947162.0,254457195.0,338289856
United States,2022-03-05,78334128.0,0.0,947162.0,254506584.0,338289856
United States,2022-03-06,78666637.0,332509.0,956840.0,254532794.0,338289856
United States,2022-03-07,78666637.0,0.0,956840.0,254589647.0,338289856
United States,2022-03-08,78666637.0,0.0,956840.0,254644752.0,338289856
United States,2022-03-09,78666637.0,0.0,956840.0,254700702.0,338289856
United States,2022-03-10,78666637.0,0.0,956840.0,254755409.0,338289856
United States,2022-03-11,78666637.0,0.0,956840.0,254819594.0,338289856
United States,2022-03-12,78666637.0,0.0,956840.0,254858813.0,338289856
United States,2022-03-13,78900969.0,234332.0,965446.0,254880482.0,338289856
United States,2022-03-14,78900969.0,0.0,965446.0,254932186.0,338289856
United States,2022-03-15,78900969.0,0.0,965446.0,254985011.0,338289856
United States,2022-03-16,78900969.0,0.0,965446.0,255039568.0,338289856
United States,2022-03-17,78900969.0,0.0,965446.0,255090393.0,338289856
United States,2022-03-18,78900969.0,0.0,965446.0,255153301.0,338289856
United States,2022-03-19,78900969.0,0.0,965446.0,255192370.0,338289856
United States,2022-03-20,79109709.0,208740.0,968691.0,255215101.0,338289856
United States,2022-03-21,79109709.0,0.0,968691.0,255267138.0,338289856
United States,2022-03-22,79109709.0,0.0,968691.0,255315419.0,338289856
United States,2022-03-23,79109709.0,0.0,968691.0,255368147.0,338289856
United States,2022-03-24,79109709.0,0.0,968691.0,255421101.0,338289856
United States,2022-03-25,79109709.0,0.0,968691.0,255483048.0,338289856
United States,2022-03-26,79109709.0,0.0,968691.0,255517169.0,338289856
United States,2022-03-27,79303178.0,193469.0,973682.0,255535508.0,338289856
United States,2022-03-28,79303178.0,0.0,973682.0,255585829.0,338289856
United States,2022-03-29,79303178.0,0.0,973682.0,255632458.0,338289856
United States,2022-03-30,79303178.0,0.0,973682.0,255692531.0,338289856
United States,2022-03-31,79303178.0,0.0,973682.0,255767644.0,338289856
United States,2022-04-01,79303178.0,0.0,973682.0,255846364.0,338289856
United States,2022-04-02,79303178.0,0.0,973682.0,255891389.0,338289856
United States,2022-04-03,79497642.0,194464.0,977854.0,255919851.0,338289856
United States,2022-04-04,79497642.0,0.0,977854.0,255989185.0,338289856
United States,2022-04-05,79497642.0,0.0,977854.0,256052109.0,338289856
United States,2022-04-06,79497642.0,0.0,977854.0,256116661.0,338289856
United States,2022-04-07,79497642.0,0.0,977854.0,256180941.0,338289856
United States,2022-04-08,79497642.0,0.0,977854.0,256253160.0,338289856
United States,2022-04-09,79497642.0,0.0,977854.0,256296531.0,338289856
United States,2022-04-10,79698834.0,201192.0,981321.0,256323660.0,338289856
United States,2022-04-11,79698834.0,0.0,981321.0,256386936.0,338289856
United States,2022-04-12,79698834.0,0.0,981321.0,256451548.0,338289856
United States,2022-04-13,79698834.0,0.0,981321.0,256516847.0,338289856
United States,2022-04-14,79698834.0,0.0,981321.0,256582962.0,338289856
United States,2022-04-15,79698834.0,0.0,981321.0,256649738.0,338289856
United States,2022-04-16,79698834.0,0.0,981321.0,256686335.0,338289856
United States,2022-04-17,79946773.0,247939.0,984444.0,256698250.0,338289856
United States,2022-04-18,79946773.0,0.0,984444.0,256757667.0,338289856
United States,2022-04-19,79946773.0,0.0,984444.0,256819096.0,338289856
United States,2022-04-20,79946773.0,0.0,984444.0,256879431.0,338289856
United States,2022-04-21,79946773.0,0.0,984444.0,256937564.0,338289856
United States,2022-04-22,79946773.0,0.0,984444.0,256994245.0,338289856
United States,2022-04-23,79946773.0,0.0,984444.0,257030723.0,338289856
United States,2022-04-24,80247494.0,300721.0,986887.0,257051474.0,338289856
United States,2022-04-25,80247494.0,0.0,986887.0,257101470.0,338289856
United States,2022-04-26,80247494.0,0.0,986887.0,257153544.0,338289856
United States,2022-04-27,80247494.0,0.0,986887.0,257207671.0,338289856
United States,2022-04-28,80247494.0,0.0,986887.0,257262411.0,338289856
United States,2022-04-29,80247494.0,0.0,986887.0,257320642.0,338289856
United States,2022-04-30,80247494.0,0.0,986887.0,257354554.0,338289856
United States,2022-05-01,80626043.0,378549.0,989129.0,257375268.0,338289856
United States,2022-05-02,80626043.0,0.0,989129.0,257422943.0,338289856
United States,2022-05-03,80626043.0,0.0,989129.0,257472798.0,338289856
United States,2022-05-04,80626043.0,0.0,989129.0,257522985.0,338289856
United States,2022-05-05,80626043.0,0.0,989129.0,257571868.0,338289856
United States,2022-05-06,80626043.0,0.0,989129.0,257625944.0,338289856
United States,2022-05-07,80626043.0,0.0,989129.0,257655818.0,338289856
United States,2022-05-08,81091701.0,465658.0,991770.0,257671645.0,338289856
United States,2022-05-09,81091701.0,0.0,991770.0,257718709.0,338289856
United States,2022-05-10,81091701.0,0.0,991770.0,257769523.0,338289856
United States,2022-05-11,81091701.0,0.0,991770.0,257820181.0,338289856
United States,2022-05-12,81091701.0,0.0,991770.0,257870755.0,338289856
United States,2022-05-13,81091701.0,0.0,991770.0,257927681.0,338289856
United States,2022-05-14,81091701.0,0.0,991770.0,257960735.0,338289856
United States,2022-05-15,81696656.0,604955.0,993736.0,257980848.0,338289856
United States,2022-05-16,81696656.0,0.0,993736.0,258030423.0,338289856
United States,2022-05-17,81696656.0,0.0,993736.0,258082422.0,338289856
United States,2022-05-18,81696656.0,0.0,993736.0,258135277.0,338289856
United States,2022-05-19,81696656.0,0.0,993736.0,258188524.0,338289856
United States,2022-05-20,81696656.0,0.0,993736.0,258248609.0,338289856
United States,2022-05-21,81696656.0,0.0,993736.0,258283022.0,338289856
United States,2022-05-22,82431151.0,734495.0,995817.0,258304471.0,338289856
United States,2022-05-23,82431151.0,0.0,995817.0,258357784.0,338289856
United States,2022-05-24,82431151.0,0.0,995817.0,258409714.0,338289856
United States,2022-05-25,82431151.0,0.0,995817.0,258461238.0,338289856
United States,2022-05-26,82431151.0,0.0,995817.0,258511096.0,338289856
United States,2022-05-27,82431151.0,0.0,995817.0,258566207.0,338289856
United States,2022-05-28,82431151.0,0.0,995817.0,258593533.0,338289856
United States,2022-05-29,83171871.0,740720.0,998446.0,258610853.0,338289856
United States,2022-05-30,83171871.0,0.0,998446.0,258616712.0,338289856
United States,2022-05-31,83171871.0,0.0,998446.0,258666941.0,338289856
United States,2022-06-01,83171871.0,0.0,998446.0,258716058.0,338289856
United States,2022-06-02,83171871.0,0.0,998446.0,258762735.0,338289856
United States,2022-06-03,83171871.0,0.0,998446.0,258814429.0,338289856
United States,2022-06-04,83171871.0,0.0,998446.0,258841367.0,338289856
United States,2022-06-05,83847498.0,675627.0,1000425.0,258858400.0,338289856
United States,2022-06-06,83847498.0,0.0,1000425.0,258903578.0,338289856
United States,2022-06-07,83847498.0,0.0,1000425.0,258947751.0,338289856
United States,2022-06-08,83847498.0,0.0,1000425.0,258992634.0,338289856
United States,2022-06-09,83847498.0,0.0,1000425.0,259036275.0,338289856
United States,2022-06-10,83847498.0,0.0,1000425.0,259083631.0,338289856
United States,2022-06-11,83847498.0,0.0,1000425.0,259108833.0,338289856
United States,2022-06-12,84588542.0,741044.0,1002709.0,259124284.0,338289856
United States,2022-06-13,84588542.0,0.0,1002709.0,259164664.0,338289856
United States,2022-06-14,84588542.0,0.0,1002709.0,259206676.0,338289856
United States,2022-06-15,84588542.0,0.0,1002709.0,259247821.0,338289856
United States,2022-06-16,84588542.0,0.0,1002709.0,259289013.0,338289856
United States,2022-06-17,84588542.0,0.0,1002709.0,259332537.0,338289856
United States,2022-06-18,84588542.0,0.0,1002709.0,259355159.0,338289856
United States,2022-06-19,85260798.0,672256.0,1004911.0,259366956.0,338289856
United States,2022-06-20,85260798.0,0.0,1004911.0,259403925.0,338289856
United States,2022-06-21,85260798.0,0.0,1004911.0,259455361.0,338289856
United States,2022-06-22,85260798.0,0.0,1004911.0,259519097.0,338289856
United States,2022-06-23,85260798.0,0.0,1004911.0,259588973.0,338289856
United States,2022-06-24,85260798.0,0.0,1004911.0,259667837.0,338289856
United States,2022-06-25,85260798.0,0.0,1004911.0,259729709.0,338289856
United States,2022-06-26,85970435.0,709637.0,1007412.0,259754754.0,338289856
United States,2022-06-27,85970435.0,0.0,1007412.0,259822014.0,338289856
United States,2022-06-28,85970435.0,0.0,1007412.0,259893532.0,338289856
United States,2022-06-29,85970435.0,0.0,1007412.0,259968428.0,338289856
United States,2022-06-30,85970435.0,0.0,1007412.0,260045532.0,338289856
United States,2022-07-01,85970435.0,0.0,1007412.0,260119122.0,338289856
United States,2022-07-02,85970435.0,0.0,1007412.0,260150401.0,338289856
United States,2022-07-03,86744207.0,773772.0,1010054.0,260165261.0,338289856
United States,2022-07-04,86744207.0,0.0,1010054.0,260169229.0,338289856
United States,2022-07-05,86744207.0,0.0,1010054.0,260234289.0,338289856
United States,2022-07-06,86744207.0,0.0,1010054.0,260303367.0,338289856
United States,2022-07-07,86744207.0,0.0,1010054.0,260372741.0,338289856
United States,2022-07-08,86744207.0,0.0,1010054.0,260446860.0,338289856
United States,2022-07-09,86744207.0,0.0,1010054.0,260486532.0,338289856
United States,2022-07-10,87487976.0,743769.0,1012508.0,260507798.0,338289856
United States,2022-07-11,87487976.0,0.0,1012508.0,260567830.0,338289856
United States,2022-07-12,87487976.0,0.0,1012508.0,260635837.0,338289856
United States,2022-07-13,87487976.0,0.0,1012508.0,260706207.0,338289856
United States,2022-07-14,87487976.0,0.0,1012508.0,260779070.0,338289856
United States,2022-07-15,87487976.0,0.0,1012508.0,260858543.0,338289856
United States,2022-07-16,87487976.0,0.0,1012508.0,260899928.0,338289856
United States,2022-07-17,88376205.0,888229.0,1015293.0,260921546.0,338289856
United States,2022-07-18,88376205.0,0.0,1015293.0,260989080.0,338289856
United States,2022-07-19,88376205.0,0.0,1015293.0,261060219.0,338289856
United States,2022-07-20,88376205.0,0.0,1015293.0,261129447.0,338289856
United States,2022-07-21,88376205.0,0.0,1015293.0,261199454.0,338289856
United States,2022-07-22,88376205.0,0.0,1015293.0,261274291.0,338289856
United States,2022-07-23,88376205.0,0.0,1015293.0,261313331.0,338289856
United States,2022-07-24,89284900.0,908695.0,1018480.0,261332967.0,338289856
United States,2022-07-25,89284900.0,0.0,1018480.0,261394931.0,338289856
United States,2022-07-26,89284900.0,0.0,1018480.0,261459743.0,338289856
United States,2022-07-27,89284900.0,0.0,1018480.0,261522604.0,338289856
United States,2022-07-28,89284900.0,0.0,1018480.0,261585000.0,338289856
United States,2022-07-29,89284900.0,0.0,1018480.0,261650102.0,338289856
United States,2022-07-30,89284900.0,0.0,1018480.0,261681409.0,338289856
United States,2022-07-31,90232883.0,947983.0,1021593.0,261697671.0,338289856
United States,2022-08-01,90232883.0,0.0,1021593.0,261752264.0,338289856
United States,2022-08-02,90232883.0,0.0,1021593.0,261810070.0,338289856
United States,2022-08-03,90232883.0,0.0,1021593.0,261867667.0,338289856
United States,2022-08-04,90232883.0,0.0,1021593.0,261924407.0,338289856
United States,2022-08-05,90232883.0,0.0,1021593.0,261984042.0,338289856
United States,2022-08-06,90232883.0,0.0,1021593.0,262013263.0,338289856
United States,2022-08-07,91020934.0,788051.0,1024854.0,262028289.0,338289856
United States,2022-08-08,91020934.0,0.0,1024854.0,262079090.0,338289856
United States,2022-08-09,91020934.0,0.0,1024854.0,262131586.0,338289856
United States,2022-08-10,91020934.0,0.0,1024854.0,262182022.0,338289856
United States,2022-08-11,91020934.0,0.0,1024854.0,262234060.0,338289856
United States,2022-08-12,91020934.0,0.0,1024854.0,262289468.0,338289856
United States,2022-08-13,91020934.0,0.0,1024854.0,262316042.0,338289856
United States,2022-08-14,91722552.0,701618.0,1028296.0,262329900.0,338289856
United States,2022-08-15,91722552.0,0.0,1028296.0,262376368.0,338289856
United States,2022-08-16,91722552.0,0.0,1028296.0,262425050.0,338289856
United States,2022-08-17,91722552.0,0.0,1028296.0,262473122.0,338289856
United States,2022-08-18,91722552.0,0.0,1028296.0,262520569.0,338289856
United States,2022-08-19,91722552.0,0.0,1028296.0,262571910.0,338289856
United States,2022-08-20,91722552.0,0.0,1028296.0,262594322.0,338289856
United States,2022-08-21,92367477.0,644925.0,1031527.0,262606068.0,338289856
United States,2022-08-22,92367477.0,0.0,1031527.0,262647620.0,338289856
United States,2022-08-23,92367477.0,0.0,1031527.0,262691350.0,338289856
United States,2022-08-24,92367477.0,0.0,1031527.0,262734781.0,338289856
United States,2022-08-25,92367477.0,0.0,1031527.0,262778560.0,338289856
United States,2022-08-26,92367477.0,0.0,1031527.0,262823807.0,338289856
United States,2022-08-27,92367477.0,0.0,1031527.0,262844438.0,338289856
United States,2022-08-28,92977806.0,610329.0,1034748.0,262854932.0,338289856
United States,2022-08-29,92977806.0,0.0,1034748.0,262890496.0,338289856
United States,2022-08-30,92977806.0,0.0,1034748.0,262929317.0,338289856
United States,2022-08-31,92977806.0,0.0,1034748.0,262965429.0,338289856
United States,2022-09-01,92977806.0,0.0,1034748.0,262996533.0,338289856
United States,2022-09-02,92977806.0,0.0,1034748.0,263027441.0,338289856
United States,2022-09-03,92977806.0,0.0,1034748.0,263040682.0,338289856
United States,2022-09-04,93558169.0,580363.0,1037838.0,263049702.0,338289856
United States,2022-09-05,93558169.0,0.0,1037838.0,263053584.0,338289856
United States,2022-09-06,93558169.0,0.0,1037838.0,263090028.0,338289856
United States,2022-09-07,93558169.0,0.0,1037838.0,263143814.0,338289856
United States,2022-09-08,93558169.0,0.0,1037838.0,263199414.0,338289856
United States,2022-09-09,93558169.0,0.0,1037838.0,263266289.0,338289856
United States,2022-09-10,93558169.0,0.0,1037838.0,263301753.0,338289856
United States,2022-09-11,94007678.0,449509.0,1040463.0,263324442.0,338289856
United States,2022-09-12,94007678.0,0.0,1040463.0,263384394.0,338289856
United States,2022-09-13,94007678.0,0.0,1040463.0,263442745.0,338289856
United States,2022-09-14,94007678.0,0.0,1040463.0,263503854.0,338289856
United States,2022-09-15,94007678.0,0.0,1040463.0,263566364.0,338289856
United States,2022-09-16,94007678.0,0.0,1040463.0,263639809.0,338289856
United States,2022-09-17,94007678.0,0.0,1040463.0,263676258.0,338289856
United States,2022-09-18,94414579.0,406901.0,1043362.0,263698609.0,338289856
United States,2022-09-19,94414579.0,0.0,1043362.0,263761797.0,338289856
United States,2022-09-20,94414579.0,0.0,1043362.0,263824792.0,338289856
United States,2022-09-21,94414579.0,0.0,1043362.0,263892277.0,338289856
United States,2022-09-22,94414579.0,0.0,1043362.0,263959404.0,338289856
United States,2022-09-23,94414579.0,0.0,1043362.0,264038831.0,338289856
United States,2022-09-24,94414579.0,0.0,1043362.0,264077206.0,338289856
United States,2022-09-25,94783304.0,368725.0,1046067.0,264100436.0,338289856
United States,2022-09-26,94783304.0,0.0,1046067.0,264168072.0,338289856
United States,2022-09-27,94783304.0,0.0,1046067.0,264234462.0,338289856
United States,2022-09-28,94783304.0,0.0,1046067.0,264303444.0,338289856
United States,2022-09-29,94783304.0,0.0,1046067.0,264370784.0,338289856
United States,2022-09-30,94783304.0,0.0,1046067.0,264446649.0,338289856
United States,2022-10-01,94783304.0,0.0,1046067.0,264482172.0,338289856
United States,2022-10-02,95104538.0,321234.0,1049049.0,264503867.0,338289856
United States,2022-10-03,95104538.0,0.0,1049049.0,264569896.0,338289856
United States,2022-10-04,95104538.0,0.0,1049049.0,264635578.0,338289856
United States,2022-10-05,95104538.0,0.0,1049049.0,264707575.0,338289856
United States,2022-10-06,95104538.0,0.0,1049049.0,264778314.0,338289856
United States,2022-10-07,95104538.0,0.0,1049049.0,264857570.0,338289856
United States,2022-10-08,95104538.0,0.0,1049049.0,264895795.0,338289856
United States,2022-10-09,95385122.0,280584.0,1051609.0,264919112.0,338289856
United States,2022-10-10,95385122.0,0.0,1051609.0,264984408.0,338289856
United States,2022-10-11,95385122.0,0.0,1051609.0,265051698.0,338289856
United States,2022-10-12,95385122.0,0.0,1051609.0,265126257.0,338289856
United States,2022-10-13,95385122.0,0.0,1051609.0,265198009.0,338289856
United States,2022-10-14,95385122.0,0.0,1051609.0,265278783.0,338289856
United States,2022-10-15,95385122.0,0.0,1051609.0,265315658.0,338289856
United States,2022-10-16,95636402.0,251280.0,1053883.0,265338561.0,338289856
United States,2022-10-17,95636402.0,0.0,1053883.0,265410205.0,338289856
United States,2022-10-18,95636402.0,0.0,1053883.0,265479963.0,338289856
United States,2022-10-19,95636402.0,0.0,1053883.0,265554644.0,338289856
United States,2022-10-20,95636402.0,0.0,1053883.0,265626542.0,338289856
United States,2022-10-21,95636402.0,0.0,1053883.0,265705745.0,338289856
United States,2022-10-22,95636402.0,0.0,1053883.0,265742050.0,338289856
United States,2022-10-23,95920136.0,283734.0,1056838.0,265764364.0,338289856
United States,2022-10-24,95920136.0,0.0,1056838.0,265833375.0,338289856
United States,2022-10-25,95920136.0,0.0,1056838.0,265903405.0,338289856
United States,2022-10-26,95920136.0,0.0,1056838.0,265980325.0,338289856
United States,2022-10-27,95920136.0,0.0,1056838.0,266052066.0,338289856
United States,2022-10-28,95920136.0,0.0,1056838.0,266129275.0,338289856
United States,2022-10-29,95920136.0,0.0,1056838.0,266163628.0,338289856
United States,2022-10-30,96175292.0,255156.0,1059919.0,266183346.0,338289856
United States,2022-10-31,96175292.0,0.0,1059919.0,266240868.0,338289856
United States,2022-11-01,96175292.0,0.0,1059919.0,266301977.0,338289856
United States,2022-11-02,96175292.0,0.0,1059919.0,266367152.0,338289856
United States,2022-11-03,96175292.0,0.0,1059919.0,266432266.0,338289856
United States,2022-11-04,96175292.0,0.0,1059919.0,266508129.0,338289856
United States,2022-11-05,96175292.0,0.0,1059919.0,266542665.0,338289856
United States,2022-11-06,96442596.0,267304.0,1062382.0,266563145.0,338289856
United States,2022-11-07,96442596.0,0.0,1062382.0,266622184.0,338289856
United States,2022-11-08,96442596.0,0.0,1062382.0,266680626.0,338289856
United States,2022-11-09,96442596.0,0.0,1062382.0,266738995.0,338289856
United States,2022-11-10,96442596.0,0.0,1062382.0,266797565.0,338289856
United States,2022-11-11,96442596.0,0.0,1062382.0,266856747.0,338289856
United States,2022-11-12,96442596.0,0.0,1062382.0,266886514.0,338289856
United States,2022-11-13,96725493.0,282897.0,1064672.0,266905647.0,338289856
United States,2022-11-14,96725493.0,0.0,1064672.0,266959533.0,338289856
United States,2022-11-15,96725493.0,0.0,1064672.0,267015280.0,338289856
United States,2022-11-16,96725493.0,0.0,1064672.0,267072214.0,338289856
United States,2022-11-17,96725493.0,0.0,1064672.0,267128585.0,338289856
United States,2022-11-18,96725493.0,0.0,1064672.0,267189739.0,338289856
United States,2022-11-19,96725493.0,0.0,1064672.0,267219587.0,338289856
United States,2022-11-20,97000477.0,274984.0,1066874.0,267238218.0,338289856
United States,2022-11-21,97000477.0,0.0,1066874.0,267290915.0,338289856
United States,2022-11-22,97000477.0,0.0,1066874.0,267338310.0,338289856
United States,2022-11-23,97000477.0,0.0,1066874.0,267379740.0,338289856
United States,2022-11-24,97000477.0,0.0,1066874.0,267380860.0,338289856
United States,2022-11-25,97000477.0,0.0,1066874.0,267408146.0,338289856
United States,2022-11-26,97000477.0,0.0,1066874.0,267430472.0,338289856
United States,2022-11-27,97300648.0,300171.0,1069493.0,267445430.0,338289856
United States,2022-11-28,97300648.0,0.0,1069493.0,267482280.0,338289856
United States,2022-11-29,97300648.0,0.0,1069493.0,267520897.0,338289856
United States,2022-11-30,97300648.0,0.0,1069493.0,267569384.0,338289856
United States,2022-12-01,97300648.0,0.0,1069493.0,267611550.0,338289856
United States,2022-12-02,97300648.0,0.0,1069493.0,267658800.0,338289856
United States,2022-12-03,97300648.0,0.0,1069493.0,267682011.0,338289856
United States,2022-12-04,97603247.0,302599.0,1071256.0,267696637.0,338289856
United States,2022-12-05,97603247.0,0.0,1071256.0,267736085.0,338289856
United States,2022-12-06,97603247.0,0.0,1071256.0,267776124.0,338289856
United States,2022-12-07,97603247.0,0.0,1071256.0,267817932.0,338289856
United States,2022-12-08,97603247.0,0.0,1071256.0,267859587.0,338289856
United States,2022-12-09,97603247.0,0.0,1071256.0,267905466.0,338289856
United States,2022-12-10,97603247.0,0.0,1071256.0,267930161.0,338289856
United States,2022-12-11,98065470.0,462223.0,1074291.0,267946136.0,338289856
United States,2022-12-12,98065470.0,0.0,1074291.0,267987306.0,338289856
United States,2022-12-13,98065470.0,0.0,1074291.0,268029238.0,338289856
United States,2022-12-14,98065470.0,0.0,1074291.0,268069667.0,338289856
United States,2022-12-15,98065470.0,0.0,1074291.0,268107934.0,338289856
United States,2022-12-16,98065470.0,0.0,1074291.0,268150158.0,338289856
United States,2022-12-17,98065470.0,0.0,1074291.0,268173571.0,338289856
United States,2022-12-18,98511484.0,446014.0,1076943.0,268189266.0,338289856
United States,2022-12-19,98511484.0,0.0,1076943.0,268230128.0,338289856
United States,2022-12-20,98511484.0,0.0,1076943.0,268269451.0,338289856
United States,2022-12-21,98511484.0,0.0,1076943.0,268307455.0,338289856
United States,2022-12-22,98511484.0,0.0,1076943.0,268339405.0,338289856
United States,2022-12-23,98511484.0,0.0,1076943.0,268361865.0,338289856
United States,2022-12-24,98511484.0,0.0,1076943.0,268368558.0,338289856
United States,2022-12-25,99019493.0,508009.0,1079976.0,268369780.0,338289856
United States,2022-12-26,99019493.0,0.0,1079976.0,268388421.0,338289856
United States,2022-12-27,99019493.0,0.0,1079976.0,268425738.0,338289856
United States,2022-12-28,99019493.0,0.0,1079976.0,268461940.0,338289856
United States,2022-12-29,99019493.0,0.0,1079976.0,268498529.0,338289856
United States,2022-12-30,99019493.0,0.0,1079976.0,268531382.0,338289856
United States,2022-12-31,99019493.0,0.0,1079976.0,268541239.0,338289856
United States,2023-01-01,99411696.0,392203.0,1082456.0,268543519.0,338289856
United States,2023-01-02,99411696.0,0.0,1082456.0,268563718.0,338289856
United States,2023-01-03,99411696.0,0.0,1082456.0,268596097.0,338289856
United States,2023-01-04,99411696.0,0.0,1082456.0,268627652.0,338289856
United States,2023-01-05,99411696.0,0.0,1082456.0,268660215.0,338289856
United States,2023-01-06,99411696.0,0.0,1082456.0,268696836.0,338289856
United States,2023-01-07,99411696.0,0.0,1082456.0,268716049.0,338289856
United States,2023-01-08,99883410.0,471714.0,1085220.0,268727160.0,338289856
United States,2023-01-09,99883410.0,0.0,1085220.0,268756449.0,338289856
United States,2023-01-10,99883410.0,0.0,1085220.0,268784808.0,338289856
United States,2023-01-11,99883410.0,0.0,1085220.0,268813622.0,338289856
United States,2023-01-12,99883410.0,0.0,1085220.0,268841738.0,338289856
United States,2023-01-13,99883410.0,0.0,1085220.0,268872321.0,338289856
United States,2023-01-14,99883410.0,0.0,1085220.0,268887490.0,338289856
United States,2023-01-15,100331502.0,448092.0,1089627.0,268895977.0,338289856
United States,2023-01-16,100331502.0,0.0,1089627.0,268912740.0,338289856
United States,2023-01-17,100331502.0,0.0,1089627.0,268936075.0,338289856
United States,2023-01-18,100331502.0,0.0,1089627.0,268959325.0,338289856
United States,2023-01-19,100331502.0,0.0,1089627.0,268982388.0,338289856
United States,2023-01-20,100331502.0,0.0,1089627.0,269007301.0,338289856
United States,2023-01-21,100331502.0,0.0,1089627.0,269018905.0,338289856
United States,2023-01-22,100639527.0,308025.0,1093291.0,269025413.0,338289856
United States,2023-01-23,100639527.0,0.0,1093291.0,269045608.0,338289856
United States,2023-01-24,100639527.0,0.0,1093291.0,269065629.0,338289856
United States,2023-01-25,100639527.0,0.0,1093291.0,269085696.0,338289856
United States,2023-01-26,100639527.0,0.0,1093291.0,269106298.0,338289856
United States,2023-01-27,100639527.0,0.0,1093291.0,269127477.0,338289856
United States,2023-01-28,100639527.0,0.0,1093291.0,269137188.0,338289856
United States,2023-01-29,100934394.0,294867.0,1097034.0,269143355.0,338289856
United States,2023-01-30,100934394.0,0.0,1097034.0,269161666.0,338289856
United States,2023-01-31,100934394.0,0.0,1097034.0,269179403.0,338289856
United States,2023-02-01,100934394.0,0.0,1097034.0,269196837.0,338289856
United States,2023-02-02,100934394.0,0.0,1097034.0,269214379.0,338289856
United States,2023-02-03,100934394.0,0.0,1097034.0,269233663.0,338289856
United States,2023-02-04,100934394.0,0.0,1097034.0,269242863.0,338289856
United States,2023-02-05,101219796.0,285402.0,1100486.0,269248683.0,338289856
United States,2023-02-06,101219796.0,0.0,1100486.0,269266595.0,338289856
United States,2023-02-07,101219796.0,0.0,1100486.0,269283885.0,338289856
United States,2023-02-08,101219796.0,0.0,1100486.0,269300619.0,338289856
United States,2023-02-09,101219796.0,0.0,1100486.0,269316910.0,338289856
United States,2023-02-10,101219796.0,0.0,1100486.0,269334056.0,338289856
United States,2023-02-11,101219796.0,0.0,1100486.0,269342387.0,338289856
United States,2023-02-12,101498024.0,278228.0,1103926.0,269346716.0,338289856
United States,2023-02-13,101498024.0,0.0,1103926.0,269361531.0,338289856
United States,2023-02-14,101498024.0,0.0,1103926.0,269375429.0,338289856
United States,2023-02-15,101498024.0,0.0,1103926.0,269390813.0,338289856
United States,2023-02-16,101498024.0,0.0,1103926.0,269405668.0,338289856
United States,2023-02-17,101498024.0,0.0,1103926.0,269421355.0,338289856
United States,2023-02-18,101498024.0,0.0,1103926.0,269428388.0,338289856
United States,2023-02-19,101752396.0,254372.0,1106783.0,269432480.0,338289856
United States,2023-02-20,101752396.0,0.0,1106783.0,269444000.0,338289856
United States,2023-02-21,101752396.0,0.0,1106783.0,269458620.0,338289856
United States,2023-02-22,101752396.0,0.0,1106783.0,269472215.0,338289856
United States,2023-02-23,101752396.0,0.0,1106783.0,269486032.0,338289856
United States,2023-02-24,101752396.0,0.0,1106783.0,269500596.0,338289856
United States,2023-02-25,101752396.0,0.0,1106783.0,269507336.0,338289856
United States,2023-02-26,102019564.0,267168.0,1109145.0,269511249.0,338289856
United States,2023-02-27,102019564.0,0.0,1109145.0,269525592.0,338289856
United States,2023-02-28,102019564.0,0.0,1109145.0,269539415.0,338289856
United States,2023-03-01,102019564.0,0.0,1109145.0,269553579.0,338289856
United States,2023-03-02,102019564.0,0.0,1109145.0,269567640.0,338289856
United States,2023-03-03,102019564.0,0.0,1109145.0,269582647.0,338289856
United States,2023-03-04,102019564.0,0.0,1109145.0,269589314.0,338289856
United States,2023-03-05,102247392.0,227828.0,1111342.0,269593370.0,338289856
United States,2023-03-06,102247392.0,0.0,1111342.0,269606991.0,338289856
United States,2023-03-07,102247392.0,0.0,1111342.0,269620435.0,338289856
United States,2023-03-08,102247392.0,0.0,1111342.0,269633723.0,338289856
United States,2023-03-09,102247392.0,0.0,1111342.0,269646743.0,338289856
United States,2023-03-10,102247392.0,0.0,1111342.0,269660987.0,338289856
United States,2023-03-11,102247392.0,0.0,1111342.0,269667931.0,338289856
United States,2023-03-12,102417985.0,170593.0,1113229.0,269672126.0,338289856
United States,2023-03-13,102417985.0,0.0,1113229.0,269684878.0,338289856
United States,2023-03-14,102417985.0,0.0,1113229.0,269697452.0,338289856
United States,2023-03-15,102417985.0,0.0,1113229.0,269710822.0,338289856
United States,2023-03-16,102417985.0,0.0,1113229.0,269723484.0,338289856
United States,2023-03-17,102417985.0,0.0,1113229.0,269737251.0,338289856
United States,2023-03-18,102417985.0,0.0,1113229.0,269743760.0,338289856
United States,2023-03-19,102544598.0,126613.0,1114970.0,269747896.0,338289856
United States,2023-03-20,102544598.0,0.0,1114970.0,269761341.0,338289856
United States,2023-03-21,102544598.0,0.0,1114970.0,269774130.0,338289856
United States,2023-03-22,102544598.0,0.0,1114970.0,269786894.0,338289856
United States,2023-03-23,102544598.0,0.0,1114970.0,269799107.0,338289856
United States,2023-03-24,102544598.0,0.0,1114970.0,269812529.0,338289856
United States,2023-03-25,102544598.0,0.0,1114970.0,269818554.0,338289856
United States,2023-03-26,102697566.0,152968.0,1117054.0,269822476.0,338289856
United States,2023-03-27,102697566.0,0.0,1117054.0,269834599.0,338289856
United States,2023-03-28,102697566.0,0.0,1117054.0,269847198.0,338289856
United States,2023-03-29,102697566.0,0.0,1117054.0,269859993.0,338289856
United States,2023-03-30,102697566.0,0.0,1117054.0,269872223.0,338289856
United States,2023-03-31,102697566.0,0.0,1117054.0,269884517.0,338289856
United States,2023-04-01,102697566.0,0.0,1117054.0,269889832.0,338289856
United States,2023-04-02,102873924.0,176358.0,1118800.0,269893364.0,338289856
United States,2023-04-03,102873924.0,0.0,1118800.0,269905022.0,338289856
United States,2023-04-04,102873924.0,0.0,1118800.0,269916987.0,338289856
United States,2023-04-05,102873924.0,0.0,1118800.0,269928839.0,338289856
United States,2023-04-06,102873924.0,0.0,1118800.0,269940813.0,338289856
United States,2023-04-07,102873924.0,0.0,1118800.0,269951686.0,338289856
United States,2023-04-08,102873924.0,0.0,1118800.0,269957551.0,338289856
United States,2023-04-09,102977396.0,103472.0,1120529.0,269960431.0,338289856
United States,2023-04-10,102977396.0,0.0,1120529.0,269971905.0,338289856
United States,2023-04-11,102977396.0,0.0,1120529.0,269983344.0,338289856
United States,2023-04-12,102977396.0,0.0,1120529.0,269995000.0,338289856
United States,2023-04-13,102977396.0,0.0,1120529.0,270005591.0,338289856
United States,2023-04-14,102977396.0,0.0,1120529.0,270016601.0,338289856
United States,2023-04-15,102977396.0,0.0,1120529.0,270022311.0,338289856
United States,2023-04-16,103081453.0,104057.0,1121819.0,270025562.0,338289856
United States,2023-04-17,103081453.0,0.0,1121819.0,270035747.0,338289856
United States,2023-04-18,103081453.0,0.0,1121819.0,270045273.0,338289856
United States,2023-04-19,103081453.0,0.0,1121819.0,270053552.0,338289856
United States,2023-04-20,103081453.0,0.0,1121819.0,270062531.0,338289856
United States,2023-04-21,103081453.0,0.0,1121819.0,270072942.0,338289856
United States,2023-04-22,103081453.0,0.0,1121819.0,270078615.0,338289856
United States,2023-04-23,103179920.0,98467.0,1123017.0,270082185.0,338289856
United States,2023-04-24,103179920.0,0.0,1123017.0,270092903.0,338289856
United States,2023-04-25,103179920.0,0.0,1123017.0,270104284.0,338289856
United States,2023-04-26,103179920.0,0.0,1123017.0,270115904.0,338289856
United States,2023-04-27,103179920.0,0.0,1123017.0,270127046.0,338289856
United States,2023-04-28,103179920.0,0.0,1123017.0,270138406.0,338289856
United States,2023-04-29,103179920.0,0.0,1123017.0,270144259.0,338289856
United States,2023-04-30,103266404.0,86484.0,1124063.0,270148532.0,338289856
United States,2023-05-01,103266404.0,0.0,1124063.0,270160441.0,338289856
United States,2023-05-02,103266404.0,0.0,1124063.0,270172945.0,338289856
United States,2023-05-03,103266404.0,0.0,1124063.0,270185018.0,338289856
United States,2023-05-04,103266404.0,0.0,1124063.0,270197187.0,338289856
United States,2023-05-05,103266404.0,0.0,1124063.0,270208997.0,338289856
United States,2023-05-06,103266404.0,0.0,1124063.0,270214753.0,338289856
United States,2023-05-07,103343569.0,77165.0,1125209.0,270218749.0,338289856
United States,2023-05-08,103343569.0,0.0,1125209.0,270225714.0,338289856
United States,2023-05-09,103343569.0,0.0,1125209.0,270227181.0,338289856
United States,2023-05-10,103343569.0,0.0,1125209.0,,338289856
United States,2023-05-11,103343569.0,0.0,1125209.0,,338289856
United States,2023-05-12,103343569.0,0.0,1125209.0,,338289856
United States,2023-05-13,103343569.0,0.0,1125209.0,,338289856
United States,2023-05-14,103436829.0,93260.0,1127152.0,,338289856
United States,2023-05-15,103436829.0,0.0,1127152.0,,338289856
United States,2023-05-16,103436829.0,0.0,1127152.0,,338289856
United States,2023-05-17,103436829.0,0.0,1127152.0,,338289856
United States,2023-05-18,103436829.0,0.0,1127152.0,,338289856
United States,2023-05-19,103436829.0,0.0,1127152.0,,338289856
United States,2023-05-20,103436829.0,0.0,1127152.0,,338289856
United States,2023-05-21,103436829.0,,1127911.0,,338289856
United States,2023-05-22,103436829.0,,1127911.0,,338289856
United States,2023-05-23,103436829.0,,1127911.0,,338289856
United States,2023-05-24,103436829.0,,1127911.0,,338289856
United States,2023-05-25,103436829.0,,1127911.0,,338289856
United States,2023-05-26,103436829.0,,1127911.0,,338289856
United States,2023-05-27,103436829.0,,1127911.0,,338289856
United States,2023-05-28,103436829.0,,1128654.0,,338289856
United States,2023-05-29,103436829.0,,1128654.0,,338289856
United States,2023-05-30,103436829.0,,1128654.0,,338289856
United States,2023-05-31,103436829.0,,1128654.0,,338289856
United States,2023-06-01,103436829.0,,1128654.0,,338289856
United States,2023-06-02,103436829.0,,1128654.0,,338289856
United States,2023-06-03,103436829.0,,1128654.0,,338289856
United States,2023-06-04,103436829.0,,1129351.0,,338289856
United States,2023-06-05,103436829.0,,1129351.0,,338289856
United States,2023-06-06,103436829.0,,1129351.0,,338289856
United States,2023-06-07,103436829.0,,1129351.0,,338289856
United States,2023-06-08,103436829.0,,1129351.0,,338289856
United States,2023-06-09,103436829.0,,1129351.0,,338289856
United States,2023-06-10,103436829.0,,1129351.0,,338289856
United States,2023-06-11,103436829.0,,1129984.0,,338289856
United States,2023-06-12,103436829.0,,1129984.0,,338289856
United States,2023-06-13,103436829.0,,1129984.0,,338289856
United States,2023-06-14,103436829.0,,1129984.0,,338289856
United States,2023-06-15,103436829.0,,1129984.0,,338289856
United States,2023-06-16,103436829.0,,1129984.0,,338289856
United States,2023-06-17,103436829.0,,1129984.0,,338289856
United States,2023-06-18,103436829.0,,1130597.0,,338289856
United States,2023-06-19,103436829.0,,1130597.0,,338289856
United States,2023-06-20,103436829.0,,1130597.0,,338289856
United States,2023-06-21,103436829.0,,1130597.0,,338289856
United States,2023-06-22,103436829.0,,1130597.0,,338289856
United States,2023-06-23,103436829.0,,1130597.0,,338289856
United States,2023-06-24,103436829.0,,1130597.0,,338289856
United States,2023-06-25,103436829.0,,1131181.0,,338289856
United States,2023-06-26,103436829.0,,1131181.0,,338289856
United States,2023-06-27,103436829.0,,1131181.0,,338289856
United States,2023-06-28,103436829.0,,1131181.0,,338289856
United States,2023-06-29,103436829.0,,1131181.0,,338289856
United States,2023-06-30,103436829.0,,1131181.0,,338289856
United States,2023-07-01,103436829.0,,1131181.0,,338289856
United States,2023-07-02,103436829.0,,1131724.0,,338289856
United States,2023-07-03,103436829.0,,1131724.0,,338289856
United States,2023-07-04,103436829.0,,1131724.0,,338289856
United States,2023-07-05,103436829.0,,1131724.0,,338289856
United States,2023-07-06,103436829.0,,1131724.0,,338289856
United States,2023-07-07,103436829.0,,1131724.0,,338289856
United States,2023-07-08,103436829.0,,1131724.0,,338289856
United States,2023-07-09,103436829.0,,1132217.0,,338289856
United States,2023-07-10,103436829.0,,1132217.0,,338289856
United States,2023-07-11,103436829.0,,1132217.0,,338289856
United States,2023-07-12,103436829.0,,1132217.0,,338289856
United States,2023-07-13,103436829.0,,1132217.0,,338289856
United States,2023-07-14,103436829.0,,1132217.0,,338289856
United States,2023-07-15,103436829.0,,1132217.0,,338289856
United States,2023-07-16,103436829.0,,1132727.0,,338289856
United States,2023-07-17,103436829.0,,1132727.0,,338289856
United States,2023-07-18,103436829.0,,1132727.0,,338289856
United States,2023-07-19,103436829.0,,1132727.0,,338289856
United States,2023-07-20,103436829.0,,1132727.0,,338289856
United States,2023-07-21,103436829.0,,1132727.0,,338289856
United States,2023-07-22,103436829.0,,1132727.0,,338289856
United States,2023-07-23,103436829.0,,1133267.0,,338289856
United States,2023-07-24,103436829.0,,1133267.0,,338289856
United States,2023-07-25,103436829.0,,1133267.0,,338289856
United States,2023-07-26,103436829.0,,1133267.0,,338289856
United States,2023-07-27,103436829.0,,1133267.0,,338289856
United States,2023-07-28,103436829.0,,1133267.0,,338289856
United States,2023-07-29,103436829.0,,1133267.0,,338289856
United States,2023-07-30,103436829.0,,1133821.0,,338289856
United States,2023-07-31,103436829.0,,1133821.0,,338289856
United States,2023-08-01,103436829.0,,1133821.0,,338289856
United States,2023-08-02,103436829.0,,1133821.0,,338289856
United States,2023-08-03,103436829.0,,1133821.0,,338289856
United States,2023-08-04,103436829.0,,1133821.0,,338289856
United States,2023-08-05,103436829.0,,1133821.0,,338289856
United States,2023-08-06,103436829.0,,1134493.0,,338289856
United States,2023-08-07,103436829.0,,1134493.0,,338289856
United States,2023-08-08,103436829.0,,1134493.0,,338289856
United States,2023-08-09,103436829.0,,1134493.0,,338289856
United States,2023-08-10,103436829.0,,1134493.0,,338289856
United States,2023-08-11,103436829.0,,1134493.0,,338289856
United States,2023-08-12,103436829.0,,1134493.0,,338289856
United States,2023-08-13,103436829.0,,1135247.0,,338289856
United States,2023-08-14,103436829.0,,1135247.0,,338289856
United States,2023-08-15,103436829.0,,1135247.0,,338289856
United States,2023-08-16,103436829.0,,1135247.0,,338289856
United States,2023-08-17,103436829.0,,1135247.0,,338289856
United States,2023-08-18,103436829.0,,1135247.0,,338289856
United States,2023-08-19,103436829.0,,1135247.0,,338289856
United States,2023-08-20,103436829.0,,1136172.0,,338289856
United States,2023-08-21,103436829.0,,1136172.0,,338289856
United States,2023-08-22,103436829.0,,1136172.0,,338289856
United States,2023-08-23,103436829.0,,1136172.0,,338289856
United States,2023-08-24,103436829.0,,1136172.0,,338289856
United States,2023-08-25,103436829.0,,1136172.0,,338289856
United States,2023-08-26,103436829.0,,1136172.0,,338289856
United States,2023-08-27,103436829.0,,1137240.0,,338289856
United States,2023-08-28,103436829.0,,1137240.0,,338289856
United States,2023-08-29,103436829.0,,1137240.0,,338289856
United States,2023-08-30,103436829.0,,1137240.0,,338289856
United States,2023-08-31,103436829.0,,1137240.0,,338289856
United States,2023-09-01,103436829.0,,1137240.0,,338289856
United States,2023-09-02,103436829.0,,1137240.0,,338289856
United States,2023-09-03,103436829.0,,1138429.0,,338289856
United States,2023-09-04,103436829.0,,1138429.0,,338289856
United States,2023-09-05,103436829.0,,1138429.0,,338289856
United States,2023-09-06,103436829.0,,1138429.0,,338289856
United States,2023-09-07,103436829.0,,1138429.0,,338289856
United States,2023-09-08,103436829.0,,1138429.0,,338289856
United States,2023-09-09,103436829.0,,1138429.0,,338289856
United States,2023-09-10,103436829.0,,1139746.0,,338289856
United States,2023-09-11,103436829.0,,1139746.0,,338289856
United States,2023-09-12,103436829.0,,1139746.0,,338289856
United States,2023-09-13,103436829.0,,1139746.0,,338289856
United States,2023-09-14,103436829.0,,1139746.0,,338289856
United States,2023-09-15,103436829.0,,1139746.0,,338289856
United States,2023-09-16,103436829.0,,1139746.0,,338289856
United States,2023-09-17,103436829.0,,1141157.0,,338289856
United States,2023-09-18,103436829.0,,1141157.0,,338289856
United States,2023-09-19,103436829.0,,1141157.0,,338289856
United States,2023-09-20,103436829.0,,1141157.0,,338289856
United States,2023-09-21,103436829.0,,1141157.0,,338289856
United States,2023-09-22,103436829.0,,1141157.0,,338289856
United States,2023-09-23,103436829.0,,1141157.0,,338289856
United States,2023-09-24,103436829.0,,1142574.0,,338289856
United States,2023-09-25,103436829.0,,1142574.0,,338289856
United States,2023-09-26,103436829.0,,1142574.0,,338289856
United States,2023-09-27,103436829.0,,1142574.0,,338289856
United States,2023-09-28,103436829.0,,1142574.0,,338289856
United States,2023-09-29,103436829.0,,1142574.0,,338289856
United States,2023-09-30,103436829.0,,1142574.0,,338289856
United States,2023-10-01,103436829.0,,1144033.0,,338289856
United States,2023-10-02,103436829.0,,1144033.0,,338289856
United States,2023-10-03,103436829.0,,1144033.0,,338289856
United States,2023-10-04,103436829.0,,1144033.0,,338289856
United States,2023-10-05,103436829.0,,1144033.0,,338289856
United States,2023-10-06,103436829.0,,1144033.0,,338289856
United States,2023-10-07,103436829.0,,1144033.0,,338289856
United States,2023-10-08,103436829.0,,1145435.0,,338289856
United States,2023-10-09,103436829.0,,1145435.0,,338289856
United States,2023-10-10,103436829.0,,1145435.0,,338289856
United States,2023-10-11,103436829.0,,1145435.0,,338289856
United States,2023-10-12,103436829.0,,1145435.0,,338289856
United States,2023-10-13,103436829.0,,1145435.0,,338289856
United States,2023-10-14,103436829.0,,1145435.0,,338289856
United States,2023-10-15,103436829.0,,1146751.0,,338289856
United States,2023-10-16,103436829.0,,1146751.0,,338289856
United States,2023-10-17,103436829.0,,1146751.0,,338289856
United States,2023-10-18,103436829.0,,1146751.0,,338289856
United States,2023-10-19,103436829.0,,1146751.0,,338289856
United States,2023-10-20,103436829.0,,1146751.0,,338289856
United States,2023-10-21,103436829.0,,1146751.0,,338289856
United States,2023-10-22,103436829.0,,1148143.0,,338289856
United States,2023-10-23,103436829.0,,1148143.0,,338289856
United States,2023-10-24,103436829.0,,1148143.0,,338289856
United States,2023-10-25,103436829.0,,1148143.0,,338289856
United States,2023-10-26,103436829.0,,1148143.0,,338289856
United States,2023-10-27,103436829.0,,1148143.0,,338289856
United States,2023-10-28,103436829.0,,1148143.0,,338289856
United States,2023-10-29,103436829.0,,1149434.0,,338289856
United States,2023-10-30,103436829.0,,1149434.0,,338289856
United States,2023-10-31,103436829.0,,1149434.0,,338289856
United States,2023-11-01,103436829.0,,1149434.0,,338289856
United States,2023-11-02,103436829.0,,1149434.0,,338289856
United States,2023-11-03,103436829.0,,1149434.0,,338289856
United States,2023-11-04,103436829.0,,1149434.0,,338289856
United States,2023-11-05,103436829.0,,1150681.0,,338289856
United States,2023-11-06,103436829.0,,1150681.0,,338289856
United States,2023-11-07,103436829.0,,1150681.0,,338289856
United States,2023-11-08,103436829.0,,1150681.0,,338289856
United States,2023-11-09,103436829.0,,1150681.0,,338289856
United States,2023-11-10,103436829.0,,1150681.0,,338289856
United States,2023-11-11,103436829.0,,1150681.0,,338289856
United States,2023-11-12,103436829.0,,1152073.0,,338289856
United States,2023-11-13,103436829.0,,1152073.0,,338289856
United States,2023-11-14,103436829.0,,1152073.0,,338289856
United States,2023-11-15,103436829.0,,1152073.0,,338289856
United States,2023-11-16,103436829.0,,1152073.0,,338289856
United States,2023-11-17,103436829.0,,1152073.0,,338289856
United States,2023-11-18,103436829.0,,1152073.0,,338289856
United States,2023-11-19,103436829.0,,1153504.0,,338289856
United States,2023-11-20,103436829.0,,1153504.0,,338289856
United States,2023-11-21,103436829.0,,1153504.0,,338289856
United States,2023-11-22,103436829.0,,1153504.0,,338289856
United States,2023-11-23,103436829.0,,1153504.0,,338289856
United States,2023-11-24,103436829.0,,1153504.0,,338289856
United States,2023-11-25,103436829.0,,1153504.0,,338289856
United States,2023-11-26,103436829.0,,1154931.0,,338289856
United States,2023-11-27,103436829.0,,1154931.0,,338289856
United States,2023-11-28,103436829.0,,1154931.0,,338289856
United States,2023-11-29,103436829.0,,1154931.0,,338289856
United States,2023-11-30,103436829.0,,1154931.0,,338289856
United States,2023-12-01,103436829.0,,1154931.0,,338289856
United States,2023-12-02,103436829.0,,1154931.0,,338289856
United States,2023-12-03,103436829.0,,1156664.0,,338289856
United States,2023-12-04,103436829.0,,1156664.0,,338289856
United States,2023-12-05,103436829.0,,1156664.0,,338289856
United States,2023-12-06,103436829.0,,1156664.0,,338289856
United States,2023-12-07,103436829.0,,1156664.0,,338289856
United States,2023-12-08,103436829.0,,1156664.0,,338289856
United States,2023-12-09,103436829.0,,1156664.0,,338289856
United States,2023-12-10,103436829.0,,1158457.0,,338289856
United States,2023-12-11,103436829.0,,1158457.0,,338289856
United States,2023-12-12,103436829.0,,1158457.0,,338289856
United States,2023-12-13,103436829.0,,1158457.0,,338289856
United States,2023-12-14,103436829.0,,1158457.0,,338289856
United States,2023-12-15,103436829.0,,1158457.0,,338289856
United States,2023-12-16,103436829.0,,1158457.0,,338289856
United States,2023-12-17,103436829.0,,1160307.0,,338289856
United States,2023-12-18,103436829.0,,1160307.0,,338289856
United States,2023-12-19,103436829.0,,1160307.0,,338289856
United States,2023-12-20,103436829.0,,1160307.0,,338289856
United States,2023-12-21,103436829.0,,1160307.0,,338289856
United States,2023-12-22,103436829.0,,1160307.0,,338289856
United States,2023-12-23,103436829.0,,1160307.0,,338289856
United States,2023-12-24,103436829.0,,1162244.0,,338289856
United States,2023-12-25,103436829.0,,1162244.0,,338289856
United States,2023-12-26,103436829.0,,1162244.0,,338289856
United States,2023-12-27,103436829.0,,1162244.0,,338289856
United States,2023-12-28,103436829.0,,1162244.0,,338289856
United States,2023-12-29,103436829.0,,1162244.0,,338289856
United States,2023-12-30,103436829.0,,1162244.0,,338289856
United States,2023-12-31,103436829.0,,1164476.0,,338289856
